fecha,linea,estacion,dia_semana,tipo_dia,tipo_zona,hubo_evento,pasajeros_dia,h04,h05,h06,h07,h08,h09,h10,h11,h12,h13,h14,h15,h16,h17,h18,h19,h20,h21,h22
2026-03-02,A,Acevedo,Lunes,Laboral,Residencial,0,29013,0.02499,0.07197,0.12257,0.1084,0.06566,0.05387,0.04229,0.03585,0.03881,0.06235,0.04157,0.05398,0.04918,0.07173,0.04291,0.0457,0.03388,0.02003,0.01427
2026-03-02,A,Aguacatala,Lunes,Laboral,Mixta,0,20388,0.01751,0.04282,0.07195,0.08328,0.06381,0.03718,0.0515,0.03733,0.08608,0.04557,0.04096,0.04483,0.06832,0.09447,0.07637,0.06357,0.03855,0.02663,0.00927
2026-03-02,A,Alpujarra,Lunes,Laboral,Centro_Empleo,0,26014,0.00634,0.01703,0.02591,0.03763,0.03917,0.04544,0.04029,0.05013,0.08461,0.07811,0.05355,0.06762,0.08153,0.09233,0.10863,0.07519,0.05516,0.02891,0.01242
2026-03-02,A,Ayurá,Lunes,Laboral,Mixta,0,18997,0.01411,0.04632,0.0767,0.06364,0.05506,0.05596,0.03801,0.03932,0.04585,0.06317,0.05138,0.0478,0.08533,0.09612,0.06564,0.07933,0.04538,0.01932,0.01158
2026-03-02,A,Bello,Lunes,Laboral,Residencial,0,23524,0.03664,0.07486,0.09089,0.11507,0.09522,0.05042,0.05339,0.04183,0.04697,0.04821,0.0525,0.04583,0.05539,0.05382,0.03885,0.03571,0.02687,0.02368,0.01386
2026-03-02,A,Caribe,Lunes,Laboral,Mixta,0,21680,0.0173,0.05023,0.08021,0.07542,0.06135,0.0363,0.04949,0.04031,0.04862,0.05807,0.04608,0.06149,0.08363,0.07477,0.07721,0.06485,0.04022,0.02034,0.01411
2026-03-02,A,Envigado,Lunes,Laboral,Residencial,0,23241,0.03782,0.08326,0.11105,0.10563,0.0608,0.04608,0.04023,0.04419,0.05021,0.05516,0.04651,0.05004,0.04746,0.05959,0.04643,0.05796,0.02883,0.01992,0.00882
2026-03-02,A,Exposiciones,Lunes,Laboral,Centro_Empleo,0,22607,0.0077,0.01473,0.02743,0.04224,0.03893,0.03773,0.03384,0.04848,0.05255,0.07498,0.04645,0.05742,0.09165,0.08374,0.13947,0.09692,0.04109,0.04676,0.01791
2026-03-02,A,Hospital,Lunes,Laboral,Centro_Empleo,0,28256,0.00669,0.01479,0.03182,0.03712,0.05227,0.03897,0.03943,0.0378,0.05762,0.06105,0.03865,0.06508,0.09241,0.10837,0.11247,0.10302,0.0482,0.03836,0.01589
2026-03-02,A,Industriales,Lunes,Laboral,Centro_Empleo,0,32274,0.00691,0.01667,0.02801,0.05376,0.04174,0.03365,0.03275,0.05407,0.05348,0.06203,0.04781,0.05416,0.09943,0.11805,0.11415,0.08586,0.04831,0.03433,0.01484
2026-03-02,A,Itagüí,Lunes,Laboral,Residencial,0,30807,0.03129,0.08479,0.11533,0.08985,0.0619,0.05619,0.05048,0.04165,0.0531,0.05424,0.05259,0.05401,0.0446,0.06219,0.04781,0.0408,0.02951,0.02013,0.00954
2026-03-02,A,La Estrella,Lunes,Laboral,Residencial,0,22974,0.02803,0.07878,0.10595,0.11578,0.08053,0.05615,0.03491,0.04048,0.04287,0.05715,0.04266,0.03173,0.05641,0.0592,0.06433,0.04675,0.02594,0.02198,0.01036
2026-03-02,A,Madera,Lunes,Laboral,Residencial,0,11959,0.03746,0.07325,0.11054,0.11824,0.07183,0.06004,0.0429,0.03688,0.04724,0.05594,0.02851,0.05586,0.05912,0.0582,0.0429,0.0378,0.03729,0.01555,0.01045
2026-03-02,A,Niquía,Lunes,Laboral,Residencial,0,39801,0.02568,0.10047,0.12392,0.10595,0.06879,0.04301,0.0396,0.02837,0.05751,0.0497,0.03947,0.04859,0.0599,0.06718,0.05437,0.03545,0.02402,0.01801,0.01
2026-03-02,A,Parque Berrío,Lunes,Laboral,Centro_Empleo,0,45627,0.00723,0.01747,0.03605,0.03752,0.05427,0.05166,0.04226,0.04052,0.04771,0.06049,0.06161,0.05747,0.07406,0.12479,0.13062,0.064,0.05216,0.02529,0.01482
2026-03-02,A,Poblado,Lunes,Laboral,Centro_Empleo,0,41777,0.00574,0.01661,0.03519,0.04258,0.03653,0.03533,0.0523,0.0439,0.08433,0.05302,0.04184,0.06434,0.07413,0.11078,0.10084,0.08071,0.07236,0.03004,0.01941
2026-03-02,A,Prado,Lunes,Laboral,Centro_Empleo,0,22459,0.00574,0.01447,0.03054,0.03691,0.04751,0.04061,0.04831,0.04524,0.06327,0.05348,0.05161,0.05383,0.0907,0.1273,0.11804,0.07837,0.05049,0.02939,0.0142
2026-03-02,A,Sabaneta,Lunes,Laboral,Residencial,0,18474,0.03112,0.07849,0.12553,0.09992,0.07665,0.0439,0.03486,0.03497,0.06636,0.03941,0.0491,0.0505,0.05278,0.0583,0.05776,0.04195,0.02717,0.01987,0.01137
2026-03-02,A,San Antonio,Lunes,Laboral,Centro_Empleo,0,64913,0.00707,0.01759,0.03059,0.04595,0.03622,0.04013,0.04954,0.04121,0.04951,0.05646,0.03751,0.0774,0.08191,0.11944,0.13446,0.09311,0.04488,0.02018,0.01684
2026-03-02,A,Tricentenario,Lunes,Laboral,Residencial,0,10531,0.02706,0.08774,0.12848,0.1016,0.07739,0.05052,0.04425,0.03713,0.05147,0.05394,0.04349,0.06239,0.05954,0.04558,0.03713,0.04102,0.0244,0.01538,0.01149
2026-03-02,A,Universidad,Lunes,Laboral,Mixta,0,23520,0.01654,0.0426,0.08304,0.06059,0.0744,0.03372,0.04303,0.04974,0.05383,0.05676,0.04264,0.04447,0.07543,0.07258,0.09779,0.06667,0.03669,0.03193,0.01756
2026-03-02,B,Cisneros,Lunes,Laboral,Centro_Empleo,0,18659,0.0059,0.01211,0.02728,0.04421,0.06415,0.03682,0.03553,0.06045,0.0664,0.04641,0.04829,0.0597,0.09786,0.10681,0.1119,0.07985,0.04823,0.03334,0.01474
2026-03-02,B,Estadio,Lunes,Laboral,Mixta,0,20038,0.01597,0.03928,0.06767,0.06942,0.05085,0.03823,0.03947,0.03708,0.05355,0.05699,0.04192,0.06977,0.08035,0.10146,0.09123,0.06433,0.04192,0.02895,0.01158
2026-03-02,B,Floresta,Lunes,Laboral,Residencial,0,15501,0.0378,0.07696,0.10412,0.09225,0.05793,0.05864,0.04716,0.04296,0.05471,0.05625,0.04529,0.03684,0.06064,0.05787,0.05471,0.03942,0.03516,0.028,0.01329
2026-03-02,B,San Antonio,Lunes,Laboral,Centro_Empleo,0,39351,0.00785,0.01797,0.03499,0.03466,0.06061,0.04325,0.04498,0.04648,0.0617,0.06366,0.06366,0.06701,0.08704,0.10699,0.09293,0.0725,0.04358,0.03441,0.01573
2026-03-02,B,San Javier,Lunes,Laboral,Residencial,0,31317,0.03522,0.10058,0.11016,0.10042,0.06696,0.04327,0.04314,0.03896,0.05109,0.05214,0.04937,0.05208,0.05135,0.05598,0.06086,0.03104,0.02717,0.0182,0.01201
2026-03-02,B,Santa Lucía,Lunes,Laboral,Residencial,0,15032,0.03459,0.0763,0.1258,0.1087,0.0779,0.04803,0.05196,0.03379,0.04264,0.05016,0.03792,0.04311,0.07424,0.06227,0.03978,0.033,0.02967,0.01776,0.01237
2026-03-02,B,Suramericana,Lunes,Laboral,Mixta,0,14687,0.0158,0.04017,0.06788,0.07864,0.06284,0.04194,0.04044,0.0559,0.06046,0.05107,0.04964,0.05828,0.08055,0.09239,0.07272,0.06114,0.03343,0.02281,0.01389
2026-03-03,A,Acevedo,Martes,Laboral,Residencial,0,31776,0.02835,0.08025,0.12695,0.14863,0.07068,0.05514,0.03226,0.04201,0.04113,0.03994,0.04516,0.03219,0.06027,0.05555,0.04324,0.03865,0.02791,0.01618,0.01551
2026-03-03,A,Aguacatala,Martes,Laboral,Mixta,0,19883,0.01494,0.03812,0.07247,0.09078,0.05341,0.03531,0.04733,0.05346,0.04979,0.05739,0.0512,0.06458,0.08243,0.08183,0.08143,0.05039,0.03827,0.02419,0.01267
2026-03-03,A,Alpujarra,Martes,Laboral,Centro_Empleo,0,23960,0.00588,0.0217,0.03719,0.06715,0.04432,0.03998,0.04662,0.04604,0.0568,0.04061,0.0558,0.05484,0.09332,0.11089,0.10384,0.07583,0.04983,0.03381,0.01553
2026-03-03,A,Ayurá,Martes,Laboral,Mixta,0,16867,0.01933,0.05022,0.07956,0.09403,0.05834,0.04441,0.03664,0.05454,0.04701,0.03456,0.03871,0.05413,0.09267,0.0801,0.06889,0.06356,0.03711,0.0332,0.01298
2026-03-03,A,Bello,Martes,Laboral,Residencial,0,22165,0.04579,0.07846,0.13986,0.09926,0.05252,0.04624,0.04868,0.03781,0.05003,0.0439,0.04791,0.05418,0.05486,0.0531,0.05125,0.03686,0.02775,0.01958,0.01196
2026-03-03,A,Caribe,Martes,Laboral,Mixta,0,20920,0.01463,0.03576,0.06702,0.08179,0.04904,0.03657,0.0413,0.05148,0.05005,0.05158,0.05645,0.05531,0.09761,0.08489,0.07553,0.07261,0.04025,0.02122,0.01692
2026-03-03,A,Envigado,Martes,Laboral,Residencial,0,22859,0.03368,0.08242,0.16059,0.10574,0.0696,0.04983,0.03185,0.0437,0.03972,0.04961,0.0521,0.03237,0.0567,0.05407,0.03998,0.0374,0.03019,0.0192,0.01124
2026-03-03,A,Exposiciones,Martes,Laboral,Centro_Empleo,0,21873,0.00745,0.01276,0.03808,0.04896,0.05075,0.04499,0.032,0.04128,0.06634,0.05326,0.05719,0.05367,0.09436,0.12115,0.09779,0.08312,0.04892,0.0347,0.01321
2026-03-03,A,Hospital,Martes,Laboral,Centro_Empleo,0,26574,0.00606,0.01795,0.04019,0.05848,0.05016,0.05065,0.04207,0.05321,0.05024,0.05234,0.06725,0.06679,0.07605,0.09468,0.08817,0.07662,0.05697,0.03518,0.01693
2026-03-03,A,Industriales,Martes,Laboral,Centro_Empleo,0,30085,0.00748,0.01383,0.0342,0.06628,0.05059,0.04178,0.02988,0.03803,0.06874,0.05471,0.05641,0.05574,0.08117,0.1172,0.10304,0.07472,0.0588,0.0341,0.0133
2026-03-03,A,Itagüí,Martes,Laboral,Residencial,0,28377,0.02675,0.06185,0.11375,0.12563,0.08556,0.04352,0.04338,0.05233,0.05001,0.06001,0.0413,0.03707,0.06526,0.03365,0.05603,0.03996,0.02632,0.02477,0.01283
2026-03-03,A,La Estrella,Martes,Laboral,Residencial,0,21610,0.03336,0.0714,0.16335,0.1124,0.06844,0.05585,0.054,0.04253,0.05558,0.04327,0.04577,0.04248,0.04891,0.02915,0.03702,0.03466,0.03188,0.01999,0.00995
2026-03-03,A,Madera,Martes,Laboral,Residencial,0,11687,0.03192,0.06691,0.10448,0.1322,0.08317,0.04929,0.03508,0.04732,0.04655,0.04843,0.04749,0.04698,0.05065,0.05433,0.05887,0.0344,0.02635,0.02208,0.01352
2026-03-03,A,Niquía,Martes,Laboral,Residencial,0,35166,0.03447,0.06731,0.11292,0.13126,0.06967,0.04484,0.04422,0.05028,0.04718,0.04368,0.06176,0.04081,0.05593,0.05241,0.04709,0.03958,0.02849,0.01823,0.00987
2026-03-03,A,Parque Berrío,Martes,Laboral,Centro_Empleo,0,41774,0.00706,0.01398,0.0468,0.05305,0.04922,0.03665,0.04302,0.04864,0.06238,0.04589,0.05247,0.06815,0.07608,0.12577,0.09396,0.08484,0.04773,0.02734,0.01697
2026-03-03,A,Poblado,Martes,Laboral,Centro_Empleo,0,43102,0.00601,0.01443,0.03696,0.04011,0.051,0.04269,0.04466,0.05441,0.06273,0.04907,0.05431,0.06292,0.09482,0.11962,0.09935,0.06199,0.0551,0.03285,0.01696
2026-03-03,A,Prado,Martes,Laboral,Centro_Empleo,0,21920,0.00643,0.02076,0.03326,0.03869,0.06405,0.03517,0.04247,0.04927,0.06154,0.06569,0.05182,0.06359,0.08755,0.10447,0.09795,0.07728,0.03563,0.04699,0.01738
2026-03-03,A,Sabaneta,Martes,Laboral,Residencial,0,17272,0.03289,0.08719,0.09258,0.14671,0.09513,0.04128,0.04915,0.04279,0.05025,0.04006,0.03856,0.04221,0.04012,0.05529,0.04464,0.04198,0.02849,0.01899,0.0117
2026-03-03,A,San Antonio,Martes,Laboral,Centro_Empleo,0,59515,0.00672,0.01731,0.03495,0.04842,0.04858,0.04532,0.04683,0.03508,0.04463,0.03944,0.06419,0.07533,0.07922,0.12336,0.11967,0.07638,0.03606,0.04157,0.01695
2026-03-03,A,Tricentenario,Martes,Laboral,Residencial,0,10750,0.028,0.1027,0.11107,0.11833,0.06437,0.04744,0.04307,0.04307,0.03805,0.04642,0.07265,0.03367,0.04567,0.06307,0.03851,0.04474,0.02828,0.02102,0.00986
2026-03-03,A,Universidad,Martes,Laboral,Mixta,0,23095,0.01425,0.0378,0.09084,0.08461,0.06802,0.04252,0.04468,0.04715,0.04598,0.04191,0.0449,0.05386,0.06963,0.08898,0.07677,0.06789,0.041,0.02494,0.01425
2026-03-03,B,Cisneros,Martes,Laboral,Centro_Empleo,0,16566,0.00676,0.01497,0.03471,0.05065,0.04751,0.03531,0.03894,0.04811,0.05656,0.04684,0.04992,0.06495,0.08928,0.11463,0.11041,0.07847,0.05578,0.03531,0.02089
2026-03-03,B,Estadio,Martes,Laboral,Mixta,0,19186,0.0209,0.04634,0.07766,0.08183,0.06901,0.05061,0.04112,0.03513,0.04889,0.0614,0.04071,0.065,0.07005,0.06823,0.07964,0.06896,0.03336,0.02533,0.01584
2026-03-03,B,Floresta,Martes,Laboral,Residencial,0,16204,0.03906,0.08825,0.12417,0.11775,0.05283,0.03616,0.0398,0.04135,0.04783,0.06097,0.04388,0.04215,0.06875,0.04573,0.05165,0.03437,0.03215,0.01975,0.01339
2026-03-03,B,San Antonio,Martes,Laboral,Centro_Empleo,0,36451,0.00598,0.02071,0.05621,0.0409,0.04417,0.0406,0.04625,0.03994,0.07067,0.04968,0.05824,0.06313,0.07997,0.08592,0.11435,0.08628,0.04724,0.02916,0.02058
2026-03-03,B,San Javier,Martes,Laboral,Residencial,0,29987,0.03545,0.06329,0.11358,0.09691,0.0682,0.04592,0.05866,0.05649,0.04395,0.06379,0.04799,0.05192,0.05712,0.04905,0.05269,0.03278,0.02921,0.02038,0.01261
2026-03-03,B,Santa Lucía,Martes,Laboral,Residencial,0,13881,0.03314,0.0894,0.13378,0.09805,0.06952,0.04322,0.03797,0.04373,0.04769,0.04675,0.04539,0.04351,0.05367,0.06642,0.05201,0.03069,0.03278,0.0183,0.01398
2026-03-03,B,Suramericana,Martes,Laboral,Mixta,0,12888,0.01498,0.04236,0.06642,0.08217,0.06293,0.04601,0.03918,0.0471,0.04648,0.05152,0.06153,0.05781,0.07193,0.0952,0.06673,0.05036,0.04648,0.03476,0.01606
2026-03-04,A,Acevedo,Miércoles,Laboral,Residencial,0,31864,0.02705,0.08721,0.0912,0.10884,0.08059,0.0584,0.051,0.03612,0.06352,0.05781,0.04667,0.0332,0.05903,0.05473,0.05417,0.03838,0.02548,0.01585,0.01073
2026-03-04,A,Aguacatala,Miércoles,Laboral,Mixta,0,17941,0.02157,0.04314,0.06928,0.07435,0.07525,0.04275,0.04632,0.04203,0.05278,0.07408,0.05317,0.03406,0.06332,0.08244,0.08645,0.05624,0.04465,0.02642,0.01171
2026-03-04,A,Alpujarra,Miércoles,Laboral,Centro_Empleo,0,23192,0.00776,0.01574,0.03355,0.04364,0.04842,0.03971,0.06459,0.04967,0.06278,0.06563,0.0526,0.04674,0.0799,0.12388,0.09883,0.08154,0.03674,0.03518,0.01311
2026-03-04,A,Ayurá,Miércoles,Laboral,Mixta,0,17205,0.01686,0.0508,0.07579,0.0705,0.06068,0.04324,0.03406,0.04348,0.0569,0.06806,0.05487,0.04196,0.05969,0.09736,0.10334,0.04609,0.03528,0.02598,0.01505
2026-03-04,A,Bello,Miércoles,Laboral,Residencial,0,24194,0.02939,0.09238,0.10631,0.11817,0.07861,0.03844,0.04704,0.04782,0.04741,0.05237,0.03364,0.04906,0.04869,0.05923,0.04997,0.04435,0.02955,0.02013,0.00744
2026-03-04,A,Caribe,Miércoles,Laboral,Mixta,0,22274,0.02182,0.04027,0.0985,0.09679,0.05491,0.04193,0.03183,0.04521,0.04265,0.06011,0.05087,0.05338,0.09504,0.07551,0.06276,0.05127,0.03794,0.02851,0.01069
2026-03-04,A,Envigado,Miércoles,Laboral,Residencial,0,22331,0.04012,0.09494,0.12642,0.09646,0.08611,0.05172,0.05015,0.03408,0.03941,0.03488,0.04532,0.05096,0.04326,0.04962,0.06417,0.03484,0.02821,0.02132,0.00802
2026-03-04,A,Exposiciones,Miércoles,Laboral,Centro_Empleo,0,20781,0.0078,0.01723,0.02959,0.05033,0.0447,0.0499,0.05442,0.03782,0.0539,0.06799,0.06405,0.06232,0.09793,0.1139,0.07959,0.06111,0.05428,0.03325,0.01987
2026-03-04,A,Hospital,Miércoles,Laboral,Centro_Empleo,0,28355,0.0091,0.01622,0.03051,0.03883,0.05572,0.03692,0.04585,0.0474,0.06066,0.06687,0.0651,0.06348,0.11282,0.0961,0.10203,0.07046,0.03915,0.0262,0.01658
2026-03-04,A,Industriales,Miércoles,Laboral,Centro_Empleo,0,31219,0.00858,0.01791,0.03187,0.04372,0.04164,0.04097,0.04638,0.05308,0.06483,0.06035,0.05638,0.0558,0.09962,0.10007,0.1091,0.06515,0.05788,0.03049,0.01618
2026-03-04,A,Itagüí,Miércoles,Laboral,Residencial,0,30921,0.03418,0.07616,0.11597,0.14113,0.08506,0.0423,0.04987,0.04059,0.04596,0.04654,0.06138,0.03551,0.03745,0.05973,0.04757,0.03124,0.0205,0.01733,0.01151
2026-03-04,A,La Estrella,Miércoles,Laboral,Residencial,0,23177,0.03232,0.07564,0.12141,0.11222,0.0966,0.05182,0.039,0.04017,0.04582,0.0368,0.05203,0.03119,0.05665,0.04832,0.05247,0.03857,0.02951,0.02908,0.01036
2026-03-04,A,Madera,Miércoles,Laboral,Residencial,0,11712,0.04013,0.0765,0.09196,0.10203,0.10024,0.05866,0.045,0.02732,0.05089,0.04363,0.06148,0.04261,0.04867,0.0578,0.0561,0.03543,0.02177,0.0257,0.01409
2026-03-04,A,Niquía,Miércoles,Laboral,Residencial,0,38262,0.03669,0.06638,0.10248,0.12527,0.09464,0.04642,0.05564,0.03356,0.05721,0.04579,0.04676,0.04132,0.05232,0.05705,0.04945,0.03011,0.02661,0.01999,0.01231
2026-03-04,A,Parque Berrío,Miércoles,Laboral,Centro_Empleo,0,41997,0.00631,0.01181,0.02814,0.03922,0.05598,0.04155,0.03836,0.06055,0.05012,0.04781,0.05448,0.05088,0.10275,0.12499,0.1116,0.06667,0.05036,0.04098,0.01743
2026-03-04,A,Poblado,Miércoles,Laboral,Centro_Empleo,0,39736,0.00707,0.01789,0.02622,0.04157,0.05202,0.04696,0.04371,0.04089,0.0574,0.06339,0.06178,0.05464,0.08924,0.11511,0.11345,0.06875,0.04887,0.03483,0.01618
2026-03-04,A,Prado,Miércoles,Laboral,Centro_Empleo,0,22445,0.00686,0.02058,0.03012,0.05467,0.04491,0.04464,0.04625,0.04763,0.05146,0.06153,0.05092,0.05346,0.08928,0.12163,0.13558,0.0548,0.03947,0.03034,0.01586
2026-03-04,A,Sabaneta,Miércoles,Laboral,Residencial,0,17451,0.03289,0.09232,0.09638,0.113,0.09237,0.05707,0.03742,0.04888,0.06263,0.05134,0.03742,0.04464,0.05352,0.04848,0.03822,0.04218,0.01983,0.02241,0.009
2026-03-04,A,San Antonio,Miércoles,Laboral,Centro_Empleo,0,59645,0.00719,0.01232,0.02498,0.03751,0.05576,0.05397,0.04641,0.04436,0.08232,0.06032,0.05191,0.0511,0.07937,0.11039,0.0871,0.0813,0.05823,0.0359,0.01957
2026-03-04,A,Tricentenario,Miércoles,Laboral,Residencial,0,10547,0.03176,0.07832,0.10022,0.14023,0.09197,0.04456,0.03318,0.03442,0.04418,0.06163,0.04475,0.04646,0.05025,0.06315,0.03783,0.03783,0.02645,0.01991,0.01289
2026-03-04,A,Universidad,Miércoles,Laboral,Mixta,0,23935,0.02102,0.04082,0.09212,0.06192,0.07015,0.0371,0.05009,0.03739,0.05294,0.04282,0.03898,0.05294,0.07044,0.1004,0.08607,0.06597,0.03714,0.03,0.0117
2026-03-04,B,Cisneros,Miércoles,Laboral,Centro_Empleo,0,16839,0.00695,0.01799,0.03563,0.04335,0.043,0.05101,0.03925,0.04377,0.05262,0.07114,0.04792,0.05553,0.06146,0.14395,0.11889,0.06877,0.04543,0.03403,0.0193
2026-03-04,B,Estadio,Miércoles,Laboral,Mixta,1,22433,0.01614,0.03655,0.05055,0.04422,0.05291,0.03455,0.02875,0.02759,0.04221,0.04993,0.04944,0.06009,0.05991,0.14318,0.11755,0.07988,0.0506,0.04542,0.01052
2026-03-04,B,Floresta,Miércoles,Laboral,Residencial,0,17081,0.03319,0.09309,0.10468,0.08214,0.09203,0.05105,0.04853,0.0336,0.04151,0.04285,0.05123,0.04959,0.06733,0.05831,0.06645,0.02957,0.02564,0.01944,0.00978
2026-03-04,B,San Antonio,Miércoles,Laboral,Centro_Empleo,0,38181,0.00712,0.01503,0.02899,0.04177,0.06097,0.04466,0.03847,0.03541,0.05406,0.06034,0.06742,0.07098,0.08677,0.10833,0.12433,0.07195,0.0423,0.02504,0.01606
2026-03-04,B,San Javier,Miércoles,Laboral,Residencial,0,29882,0.033,0.06613,0.13185,0.07894,0.08105,0.05311,0.04668,0.04508,0.03708,0.06723,0.04695,0.03962,0.0508,0.0589,0.06027,0.035,0.03055,0.02523,0.01252
2026-03-04,B,Santa Lucía,Miércoles,Laboral,Residencial,0,13600,0.02875,0.05904,0.1325,0.08794,0.09088,0.05029,0.05662,0.05154,0.05757,0.05081,0.05081,0.04316,0.04515,0.04507,0.04868,0.03485,0.02699,0.02478,0.01456
2026-03-04,B,Suramericana,Miércoles,Laboral,Mixta,1,18642,0.01883,0.03278,0.05472,0.05214,0.06512,0.04007,0.03497,0.03605,0.03637,0.03562,0.05246,0.03905,0.05268,0.137,0.14312,0.08138,0.04479,0.03283,0.01003
2026-03-05,A,Acevedo,Jueves,Laboral,Residencial,0,28784,0.02515,0.07341,0.11927,0.11909,0.09676,0.04919,0.04249,0.05208,0.05079,0.04464,0.03676,0.03551,0.05541,0.05239,0.04954,0.03822,0.02828,0.02039,0.01063
2026-03-05,A,Aguacatala,Jueves,Laboral,Mixta,0,18097,0.0163,0.03492,0.07117,0.10543,0.07609,0.04647,0.03476,0.04625,0.06388,0.04061,0.04316,0.05216,0.06156,0.09504,0.06725,0.05647,0.04282,0.03304,0.0126
2026-03-05,A,Alpujarra,Jueves,Laboral,Centro_Empleo,0,23245,0.00615,0.01411,0.04547,0.04246,0.04754,0.03179,0.03721,0.04965,0.0638,0.05072,0.04384,0.05937,0.08079,0.1476,0.08621,0.07967,0.06001,0.03773,0.01587
2026-03-05,A,Ayurá,Jueves,Laboral,Mixta,0,17198,0.01721,0.04495,0.07495,0.1103,0.0721,0.0407,0.03442,0.04082,0.05727,0.04762,0.04646,0.04623,0.0714,0.08931,0.07809,0.05251,0.03483,0.02878,0.01204
2026-03-05,A,Bello,Jueves,Laboral,Residencial,0,22296,0.02651,0.07405,0.11782,0.11895,0.07755,0.05243,0.04171,0.05126,0.04938,0.04368,0.03292,0.03951,0.04978,0.05822,0.06207,0.03947,0.03229,0.01996,0.01242
2026-03-05,A,Caribe,Jueves,Laboral,Mixta,0,20061,0.01814,0.04357,0.06989,0.07343,0.0651,0.04511,0.04546,0.06161,0.04746,0.04382,0.06246,0.07323,0.05648,0.07886,0.07801,0.05867,0.04043,0.02353,0.01475
2026-03-05,A,Envigado,Jueves,Laboral,Residencial,0,21047,0.02798,0.07288,0.12767,0.10006,0.064,0.06172,0.03369,0.04362,0.04979,0.04461,0.04153,0.05426,0.05454,0.05673,0.05117,0.05013,0.02889,0.02447,0.01226
2026-03-05,A,Exposiciones,Jueves,Laboral,Centro_Empleo,0,19639,0.00754,0.01935,0.04308,0.04593,0.03468,0.03381,0.0416,0.058,0.05947,0.05072,0.06248,0.06823,0.10963,0.10535,0.08442,0.06324,0.05535,0.03254,0.02459
2026-03-05,A,Hospital,Jueves,Laboral,Centro_Empleo,0,26227,0.00595,0.0162,0.02871,0.0448,0.0498,0.04709,0.04442,0.05643,0.04442,0.04274,0.0546,0.07054,0.09151,0.09822,0.10909,0.08995,0.05418,0.03626,0.0151
2026-03-05,A,Industriales,Jueves,Laboral,Centro_Empleo,0,29341,0.00688,0.01602,0.03487,0.05569,0.04076,0.04475,0.04301,0.06029,0.05116,0.06356,0.04301,0.06936,0.08357,0.09079,0.10323,0.06946,0.07317,0.03176,0.01864
2026-03-05,A,Itagüí,Jueves,Laboral,Residencial,0,27894,0.03452,0.07625,0.11913,0.11228,0.08088,0.06112,0.0437,0.037,0.05302,0.05865,0.04173,0.05284,0.0484,0.04488,0.03495,0.03302,0.03008,0.02563,0.0119
2026-03-05,A,La Estrella,Jueves,Laboral,Residencial,0,19893,0.03368,0.05967,0.12049,0.10184,0.06208,0.05263,0.04228,0.0658,0.05002,0.06329,0.04011,0.05796,0.05072,0.04554,0.05288,0.04112,0.03132,0.01694,0.01161
2026-03-05,A,Madera,Jueves,Laboral,Residencial,0,10796,0.03714,0.09365,0.10745,0.09448,0.06586,0.05882,0.05039,0.04085,0.03955,0.05835,0.0402,0.0566,0.04048,0.05187,0.05215,0.044,0.0326,0.02242,0.01315
2026-03-05,A,Niquía,Jueves,Laboral,Residencial,0,35786,0.03127,0.09459,0.1274,0.13285,0.06922,0.04764,0.03652,0.05455,0.03946,0.02931,0.03934,0.06016,0.0494,0.04728,0.03725,0.03971,0.02867,0.02344,0.01193
2026-03-05,A,Parque Berrío,Jueves,Laboral,Centro_Empleo,0,41326,0.0089,0.01382,0.02754,0.0416,0.05817,0.04271,0.04085,0.05069,0.05449,0.05476,0.04619,0.06691,0.10533,0.1268,0.10308,0.05829,0.04711,0.03572,0.01704
2026-03-05,A,Poblado,Jueves,Laboral,Centro_Empleo,0,38705,0.00713,0.02444,0.02974,0.05172,0.05219,0.04273,0.04883,0.04847,0.05513,0.06209,0.04919,0.05981,0.08097,0.09585,0.10789,0.08647,0.04852,0.02971,0.01909
2026-03-05,A,Prado,Jueves,Laboral,Centro_Empleo,0,21047,0.0067,0.0134,0.03967,0.05331,0.03944,0.04238,0.04381,0.0535,0.05706,0.06528,0.03896,0.06115,0.06666,0.11522,0.11479,0.06766,0.07084,0.03711,0.01307
2026-03-05,A,Sabaneta,Jueves,Laboral,Residencial,0,16926,0.03628,0.08413,0.12058,0.09341,0.09028,0.05731,0.03687,0.05447,0.04071,0.03958,0.04207,0.05057,0.04301,0.05979,0.04224,0.03438,0.03303,0.03249,0.0088
2026-03-05,A,San Antonio,Jueves,Laboral,Centro_Empleo,0,60099,0.00789,0.01524,0.02988,0.04137,0.05125,0.04765,0.05152,0.05629,0.04577,0.04486,0.05115,0.0623,0.08654,0.11845,0.098,0.09363,0.05276,0.02924,0.01621
2026-03-05,A,Tricentenario,Jueves,Laboral,Residencial,0,9938,0.03794,0.08543,0.11089,0.09911,0.09167,0.05011,0.03683,0.04146,0.05645,0.03884,0.03824,0.05041,0.0477,0.05947,0.04619,0.04377,0.02576,0.02375,0.016
2026-03-05,A,Universidad,Jueves,Laboral,Mixta,0,23472,0.02411,0.0481,0.07852,0.07958,0.04823,0.03161,0.04418,0.05509,0.04269,0.05709,0.04422,0.05896,0.07562,0.09305,0.08772,0.06169,0.03779,0.02151,0.01022
2026-03-05,B,Cisneros,Jueves,Laboral,Centro_Empleo,0,16195,0.00784,0.02241,0.03118,0.03958,0.04829,0.0473,0.03828,0.04069,0.05496,0.046,0.05242,0.07008,0.06558,0.1682,0.08861,0.08169,0.04983,0.03075,0.0163
2026-03-05,B,Estadio,Jueves,Laboral,Mixta,0,18583,0.01582,0.0459,0.06108,0.07771,0.04682,0.04859,0.04052,0.06118,0.04709,0.04536,0.043,0.05656,0.07206,0.09148,0.09261,0.05909,0.05957,0.02255,0.01302
2026-03-05,B,Floresta,Jueves,Laboral,Residencial,0,15186,0.03312,0.09792,0.11998,0.09463,0.07527,0.04761,0.04919,0.04649,0.05334,0.04076,0.05011,0.04596,0.03345,0.05044,0.05551,0.04254,0.03141,0.02074,0.01152
2026-03-05,B,San Antonio,Jueves,Laboral,Centro_Empleo,0,37978,0.00516,0.01704,0.02646,0.0411,0.04513,0.02994,0.04537,0.06267,0.0588,0.05314,0.053,0.06527,0.07723,0.12707,0.10883,0.07839,0.05953,0.02941,0.01646
2026-03-05,B,San Javier,Jueves,Laboral,Residencial,0,27742,0.03111,0.08074,0.13171,0.10385,0.08107,0.06485,0.04203,0.03864,0.03345,0.04311,0.04455,0.04881,0.04823,0.05209,0.0483,0.04185,0.02801,0.02397,0.01363
2026-03-05,B,Santa Lucía,Jueves,Laboral,Residencial,0,14276,0.02669,0.07929,0.1057,0.12475,0.07285,0.05821,0.04623,0.04896,0.05191,0.04847,0.04154,0.06718,0.04931,0.04007,0.04714,0.03678,0.02578,0.01751,0.01163
2026-03-05,B,Suramericana,Jueves,Laboral,Mixta,0,13560,0.01873,0.04145,0.08643,0.06814,0.05937,0.05324,0.0441,0.05538,0.05678,0.04646,0.0455,0.06032,0.05332,0.08901,0.08171,0.06608,0.03798,0.02345,0.01254
2026-03-06,A,Acevedo,Viernes,Laboral,Residencial,0,32037,0.03421,0.07479,0.12211,0.132,0.04988,0.0505,0.03187,0.05082,0.05796,0.0609,0.04414,0.04445,0.05294,0.0516,0.0456,0.03521,0.02968,0.01723,0.01411
2026-03-06,A,Aguacatala,Viernes,Laboral,Mixta,0,20398,0.01731,0.05074,0.06672,0.08609,0.09035,0.05319,0.03579,0.03991,0.05285,0.05309,0.05687,0.03878,0.07378,0.07158,0.07908,0.04893,0.04451,0.02843,0.01201
2026-03-06,A,Alpujarra,Viernes,Laboral,Centro_Empleo,0,26331,0.00638,0.01451,0.03251,0.04599,0.04557,0.03429,0.0297,0.03091,0.05906,0.05833,0.0643,0.05704,0.10349,0.14325,0.10072,0.10269,0.03665,0.02077,0.01382
2026-03-06,A,Ayurá,Viernes,Laboral,Mixta,0,19058,0.01485,0.03573,0.05268,0.10206,0.06617,0.04932,0.03363,0.04234,0.05279,0.07115,0.04638,0.05305,0.07488,0.09545,0.08217,0.05405,0.03384,0.02477,0.01469
2026-03-06,A,Bello,Viernes,Laboral,Residencial,0,23827,0.0311,0.06912,0.12771,0.11487,0.09028,0.05741,0.04109,0.03949,0.04596,0.04743,0.05645,0.03265,0.0499,0.06048,0.04147,0.03483,0.02846,0.02136,0.00995
2026-03-06,A,Caribe,Viernes,Laboral,Mixta,0,19506,0.02184,0.04634,0.06249,0.08736,0.04865,0.03496,0.05157,0.03906,0.06588,0.06316,0.05204,0.05321,0.05947,0.10699,0.07403,0.0546,0.04071,0.02461,0.01302
2026-03-06,A,Envigado,Viernes,Laboral,Residencial,0,25118,0.03197,0.07572,0.13572,0.12083,0.08448,0.04682,0.03798,0.04813,0.05478,0.04427,0.04152,0.04463,0.0385,0.0518,0.06187,0.03304,0.02166,0.01672,0.00955
2026-03-06,A,Exposiciones,Viernes,Laboral,Centro_Empleo,0,22525,0.00661,0.01323,0.02122,0.05469,0.04595,0.03982,0.0467,0.03494,0.06149,0.04511,0.06482,0.05727,0.11503,0.11716,0.10615,0.06451,0.05394,0.03516,0.0162
2026-03-06,A,Hospital,Viernes,Laboral,Centro_Empleo,0,30959,0.00766,0.01395,0.03353,0.04632,0.04441,0.04135,0.03094,0.0531,0.05336,0.05372,0.0575,0.05081,0.10391,0.12649,0.11011,0.06922,0.04558,0.03763,0.02041
2026-03-06,A,Industriales,Viernes,Laboral,Centro_Empleo,0,34633,0.0056,0.0138,0.02547,0.04412,0.03941,0.04143,0.03006,0.04068,0.06785,0.05795,0.06511,0.06315,0.09728,0.1116,0.136,0.0522,0.05567,0.03032,0.02229
2026-03-06,A,Itagüí,Viernes,Laboral,Residencial,0,32441,0.02737,0.08283,0.11029,0.12839,0.07996,0.04242,0.03856,0.05434,0.04356,0.05095,0.05733,0.0426,0.0529,0.03634,0.06143,0.03668,0.02697,0.01896,0.00811
2026-03-06,A,La Estrella,Viernes,Laboral,Residencial,0,23646,0.03218,0.08809,0.11566,0.14036,0.06902,0.0414,0.04364,0.03984,0.05037,0.04897,0.05049,0.03806,0.05472,0.045,0.0494,0.03455,0.02567,0.01988,0.01269
2026-03-06,A,Madera,Viernes,Laboral,Residencial,0,13118,0.03263,0.07372,0.12281,0.13386,0.0699,0.04772,0.04421,0.0343,0.05092,0.04574,0.06129,0.05214,0.03575,0.04734,0.05527,0.03812,0.02371,0.02035,0.01021
2026-03-06,A,Niquía,Viernes,Laboral,Residencial,0,37053,0.03174,0.07012,0.11505,0.1462,0.09154,0.05746,0.0421,0.02988,0.04127,0.04777,0.04261,0.04129,0.05222,0.04491,0.04345,0.04189,0.02729,0.02245,0.01077
2026-03-06,A,Parque Berrío,Viernes,Laboral,Centro_Empleo,0,47196,0.00553,0.01816,0.03466,0.04248,0.03786,0.0499,0.04666,0.03943,0.06988,0.06265,0.06164,0.05986,0.08852,0.11255,0.09831,0.06568,0.05981,0.0307,0.0157
2026-03-06,A,Poblado,Viernes,Laboral,Centro_Empleo,0,45138,0.00498,0.01544,0.0413,0.06405,0.04333,0.05687,0.04074,0.05399,0.06897,0.06349,0.05516,0.04783,0.07187,0.07945,0.11241,0.08492,0.04515,0.03088,0.01916
2026-03-06,A,Prado,Viernes,Laboral,Centro_Empleo,0,25199,0.00786,0.01218,0.02552,0.04298,0.04798,0.045,0.04151,0.03695,0.06576,0.05742,0.05238,0.06242,0.09988,0.10227,0.12088,0.08643,0.04758,0.03099,0.01401
2026-03-06,A,Sabaneta,Viernes,Laboral,Residencial,0,19289,0.02675,0.05361,0.13298,0.12105,0.09,0.05578,0.03681,0.03717,0.04744,0.05018,0.04692,0.04313,0.07097,0.05791,0.04464,0.03126,0.02079,0.02001,0.0126
2026-03-06,A,San Antonio,Viernes,Laboral,Centro_Empleo,0,67226,0.00626,0.01684,0.03585,0.03183,0.03408,0.04949,0.03884,0.04718,0.0906,0.04968,0.05651,0.05679,0.08379,0.08973,0.14039,0.07353,0.05065,0.03322,0.01473
2026-03-06,A,Tricentenario,Viernes,Laboral,Residencial,0,11177,0.02997,0.06773,0.11049,0.17294,0.07891,0.04205,0.03802,0.03185,0.0501,0.05646,0.0331,0.04062,0.04831,0.05377,0.04822,0.03158,0.034,0.02281,0.00904
2026-03-06,A,Universidad,Viernes,Laboral,Mixta,0,25781,0.01885,0.04895,0.06462,0.07606,0.07106,0.04162,0.03565,0.0481,0.05962,0.04934,0.05702,0.05554,0.07758,0.07831,0.07412,0.06575,0.03941,0.02769,0.01071
2026-03-06,B,Cisneros,Viernes,Laboral,Centro_Empleo,0,16861,0.00747,0.01803,0.03624,0.05694,0.0459,0.04217,0.0497,0.03754,0.06144,0.06346,0.05278,0.05966,0.09383,0.11008,0.10361,0.06637,0.03867,0.04009,0.01601
2026-03-06,B,Estadio,Viernes,Laboral,Mixta,0,20859,0.01735,0.04904,0.09967,0.08044,0.05043,0.0395,0.03605,0.03576,0.042,0.06659,0.06021,0.04612,0.07412,0.09449,0.08409,0.05144,0.03212,0.02565,0.01491
2026-03-06,B,Floresta,Viernes,Laboral,Residencial,0,17429,0.03437,0.08423,0.13191,0.12485,0.07109,0.03483,0.03603,0.04171,0.04229,0.05106,0.04997,0.0556,0.04521,0.04383,0.06059,0.02943,0.02708,0.02433,0.01159
2026-03-06,B,San Antonio,Viernes,Laboral,Centro_Empleo,0,43528,0.00623,0.01273,0.03255,0.04719,0.03069,0.03667,0.03554,0.05493,0.06917,0.05438,0.05201,0.05985,0.10083,0.12206,0.10782,0.07315,0.0553,0.03113,0.01778
2026-03-06,B,San Javier,Viernes,Laboral,Residencial,0,33036,0.02661,0.06971,0.12329,0.11409,0.09244,0.04568,0.04338,0.03596,0.05046,0.04649,0.04501,0.04474,0.06248,0.04925,0.04916,0.03757,0.03414,0.02086,0.00869
2026-03-06,B,Santa Lucía,Viernes,Laboral,Residencial,0,14731,0.02926,0.05845,0.09687,0.17691,0.0708,0.05824,0.03455,0.04263,0.04514,0.06218,0.03829,0.03408,0.04759,0.04657,0.06592,0.03686,0.0279,0.01663,0.01113
2026-03-06,B,Suramericana,Viernes,Laboral,Mixta,0,15120,0.02341,0.04372,0.07956,0.08975,0.06667,0.05351,0.0422,0.04921,0.04299,0.06217,0.04921,0.04544,0.07004,0.08261,0.08426,0.04934,0.03128,0.02149,0.01316
2026-03-07,A,Acevedo,Sábado,Sábado,Residencial,0,28176,0.01508,0.02875,0.03971,0.04763,0.04319,0.0691,0.07084,0.05377,0.0712,0.07847,0.07606,0.05551,0.06435,0.06097,0.07684,0.0521,0.04976,0.02949,0.01718
2026-03-07,A,Aguacatala,Sábado,Sábado,Mixta,0,17686,0.01561,0.03031,0.05569,0.05055,0.05824,0.06067,0.05767,0.06276,0.08052,0.06762,0.06197,0.05343,0.05705,0.06864,0.07701,0.0674,0.03313,0.02363,0.01809
2026-03-07,A,Alpujarra,Sábado,Sábado,Centro_Empleo,0,22459,0.01193,0.03121,0.03397,0.05953,0.06047,0.0508,0.0512,0.0813,0.05294,0.06185,0.06091,0.05379,0.07641,0.09724,0.07645,0.05103,0.04061,0.03384,0.01452
2026-03-07,A,Ayurá,Sábado,Sábado,Mixta,0,15974,0.01628,0.0256,0.03293,0.05265,0.06085,0.07794,0.05985,0.05847,0.07493,0.06473,0.06623,0.06342,0.06241,0.0745,0.05327,0.06166,0.04495,0.02961,0.01972
2026-03-07,A,Bello,Sábado,Sábado,Residencial,0,22394,0.01197,0.03032,0.03965,0.05729,0.05175,0.05439,0.05921,0.06671,0.07091,0.06136,0.0727,0.07073,0.07297,0.06042,0.07002,0.04791,0.05604,0.0234,0.02224
2026-03-07,A,Caribe,Sábado,Sábado,Mixta,0,17905,0.01703,0.02742,0.05043,0.05038,0.04273,0.05814,0.0759,0.07099,0.07903,0.05133,0.08422,0.05077,0.07596,0.05892,0.06691,0.05144,0.03262,0.02971,0.02608
2026-03-07,A,Envigado,Sábado,Sábado,Residencial,0,24460,0.01431,0.02522,0.05715,0.04567,0.05356,0.06864,0.05879,0.06051,0.08451,0.06664,0.07711,0.06672,0.05249,0.06014,0.07351,0.05114,0.03414,0.0334,0.01635
2026-03-07,A,Exposiciones,Sábado,Sábado,Centro_Empleo,0,19947,0.01023,0.02973,0.04031,0.05104,0.06011,0.07365,0.0744,0.06056,0.09139,0.06994,0.05575,0.05505,0.06838,0.06056,0.07334,0.05058,0.03023,0.02356,0.02121
2026-03-07,A,Hospital,Sábado,Sábado,Centro_Empleo,0,25224,0.01074,0.03413,0.04658,0.05641,0.05047,0.06712,0.03929,0.06228,0.06506,0.07996,0.07826,0.07041,0.05106,0.07489,0.05911,0.06585,0.0398,0.03164,0.01693
2026-03-07,A,Industriales,Sábado,Sábado,Centro_Empleo,0,27893,0.01764,0.02947,0.03994,0.04392,0.06432,0.056,0.07099,0.07167,0.07357,0.05159,0.06249,0.06661,0.06414,0.06572,0.07733,0.06625,0.03546,0.02578,0.01714
2026-03-07,A,Itagüí,Sábado,Sábado,Residencial,0,29234,0.01334,0.03198,0.03616,0.04437,0.0521,0.07522,0.07618,0.06575,0.05261,0.05367,0.07023,0.07327,0.05199,0.08425,0.06999,0.06102,0.04201,0.02569,0.02018
2026-03-07,A,La Estrella,Sábado,Sábado,Residencial,0,21762,0.01282,0.02357,0.04738,0.055,0.0483,0.0647,0.06594,0.0607,0.06112,0.07504,0.06902,0.06911,0.0636,0.06631,0.07118,0.06534,0.04269,0.01806,0.02013
2026-03-07,A,Madera,Sábado,Sábado,Residencial,0,11735,0.01517,0.02804,0.0415,0.0565,0.04704,0.04619,0.05352,0.08385,0.08402,0.05863,0.06434,0.07346,0.07329,0.06493,0.07388,0.04576,0.04491,0.03144,0.01355
2026-03-07,A,Niquía,Sábado,Sábado,Residencial,0,34707,0.01683,0.0336,0.04034,0.06186,0.04342,0.06682,0.05065,0.06601,0.08505,0.07748,0.06552,0.04976,0.06002,0.07385,0.06353,0.05572,0.04806,0.02524,0.01625
2026-03-07,A,Parque Berrío,Sábado,Sábado,Centro_Empleo,0,36830,0.01635,0.02541,0.04485,0.05121,0.06068,0.04936,0.07668,0.08007,0.06381,0.05952,0.06153,0.05327,0.06712,0.08968,0.06139,0.05691,0.03489,0.03008,0.01719
2026-03-07,A,Poblado,Sábado,Sábado,Centro_Empleo,0,34515,0.01628,0.0277,0.05693,0.06687,0.05757,0.04256,0.06261,0.06475,0.06571,0.05922,0.06606,0.05322,0.07301,0.06328,0.07136,0.05647,0.05056,0.02926,0.01657
2026-03-07,A,Prado,Sábado,Sábado,Centro_Empleo,0,18026,0.0137,0.02924,0.03539,0.06308,0.05242,0.06158,0.04937,0.05298,0.10202,0.07362,0.06363,0.06091,0.05958,0.07511,0.06668,0.05021,0.03806,0.02813,0.0243
2026-03-07,A,Sabaneta,Sábado,Sábado,Residencial,0,17789,0.01349,0.03154,0.04806,0.0407,0.05262,0.04908,0.06386,0.05571,0.0638,0.06808,0.09871,0.05509,0.06588,0.0669,0.07488,0.05959,0.04565,0.02934,0.01703
2026-03-07,A,San Antonio,Sábado,Sábado,Centro_Empleo,0,52658,0.01303,0.02615,0.04691,0.06421,0.05917,0.06337,0.05766,0.05783,0.06045,0.06426,0.06884,0.06434,0.07685,0.06409,0.05826,0.06766,0.0392,0.02564,0.02209
2026-03-07,A,Tricentenario,Sábado,Sábado,Residencial,0,10362,0.01563,0.0276,0.03358,0.04372,0.05675,0.05318,0.07209,0.06292,0.08232,0.06881,0.07431,0.06119,0.0636,0.06012,0.07595,0.058,0.03947,0.0331,0.01766
2026-03-07,A,Universidad,Sábado,Sábado,Mixta,0,20592,0.01301,0.02695,0.04847,0.04817,0.0473,0.05997,0.0558,0.05857,0.08838,0.05599,0.088,0.05254,0.06668,0.08139,0.07479,0.05823,0.03064,0.02336,0.02176
2026-03-07,B,Cisneros,Sábado,Sábado,Centro_Empleo,0,15371,0.01451,0.02706,0.043,0.07729,0.05257,0.05693,0.0484,0.08529,0.07495,0.0635,0.06571,0.07709,0.06551,0.06616,0.05244,0.05504,0.03136,0.02544,0.01776
2026-03-07,B,Estadio,Sábado,Sábado,Mixta,1,21801,0.01211,0.01693,0.03679,0.03426,0.04087,0.04234,0.04679,0.06449,0.0605,0.04647,0.05936,0.06059,0.05559,0.09133,0.11499,0.09784,0.05284,0.05041,0.0155
2026-03-07,B,Floresta,Sábado,Sábado,Residencial,0,15873,0.01216,0.02955,0.04404,0.05613,0.04731,0.05292,0.04208,0.06243,0.09696,0.06546,0.09538,0.05651,0.06382,0.05891,0.07749,0.0499,0.04127,0.02703,0.02066
2026-03-07,B,San Antonio,Sábado,Sábado,Centro_Empleo,0,31517,0.02205,0.02611,0.03836,0.04842,0.06327,0.05508,0.07669,0.06143,0.05302,0.07453,0.07006,0.0581,0.07463,0.06048,0.06311,0.05616,0.04766,0.02954,0.02132
2026-03-07,B,San Javier,Sábado,Sábado,Residencial,0,29654,0.01319,0.02644,0.04411,0.05385,0.05885,0.06778,0.05409,0.05406,0.06552,0.06667,0.08151,0.06991,0.05912,0.06525,0.06185,0.06404,0.04381,0.02748,0.02249
2026-03-07,B,Santa Lucía,Sábado,Sábado,Residencial,0,15576,0.0165,0.02138,0.04719,0.06061,0.06093,0.06215,0.04141,0.06195,0.05984,0.07409,0.05707,0.07826,0.06343,0.09162,0.05277,0.06285,0.03826,0.02562,0.02408
2026-03-07,B,Suramericana,Sábado,Sábado,Mixta,1,15229,0.01103,0.03067,0.03493,0.0369,0.04288,0.04045,0.05746,0.05299,0.05457,0.0545,0.06067,0.044,0.05568,0.1029,0.09968,0.09154,0.07446,0.03979,0.01491
2026-03-08,A,Acevedo,Domingo,Domingo_Festivo,Residencial,0,17350,0.0,0.02069,0.03354,0.03591,0.05764,0.05366,0.10242,0.08167,0.07712,0.06046,0.08242,0.07343,0.0751,0.07856,0.06242,0.05343,0.03124,0.02029,0.0
2026-03-08,A,Aguacatala,Domingo,Domingo_Festivo,Mixta,0,10693,0.0,0.02067,0.03722,0.04115,0.05798,0.0664,0.08136,0.07313,0.06733,0.05649,0.08323,0.07856,0.07631,0.06238,0.065,0.06425,0.03853,0.03002,0.0
2026-03-08,A,Alpujarra,Domingo,Domingo_Festivo,Centro_Empleo,0,12795,0.0,0.0211,0.02782,0.0397,0.04728,0.07644,0.07745,0.0687,0.07136,0.07972,0.08027,0.08996,0.07237,0.07784,0.0544,0.05838,0.03853,0.01868,0.0
2026-03-08,A,Ayurá,Domingo,Domingo_Festivo,Mixta,0,10068,0.0,0.014,0.0291,0.03605,0.06506,0.05403,0.10002,0.08502,0.05403,0.07658,0.09992,0.08453,0.0584,0.05513,0.06834,0.05244,0.03596,0.03139,0.0
2026-03-08,A,Bello,Domingo,Domingo_Festivo,Residencial,0,14127,0.0,0.01961,0.03419,0.03688,0.04566,0.05946,0.05882,0.0698,0.07553,0.06328,0.08303,0.11333,0.07192,0.08091,0.07263,0.05684,0.031,0.02711,0.0
2026-03-08,A,Caribe,Domingo,Domingo_Festivo,Mixta,0,12510,0.0,0.01599,0.02718,0.03829,0.04237,0.06035,0.08753,0.07986,0.05979,0.06619,0.07842,0.09065,0.08233,0.09129,0.05596,0.04261,0.05643,0.02478,0.0
2026-03-08,A,Envigado,Domingo,Domingo_Festivo,Residencial,0,13193,0.0,0.01857,0.03661,0.04351,0.05935,0.06579,0.09793,0.07405,0.06488,0.05518,0.0808,0.07443,0.06155,0.07936,0.06496,0.06056,0.04085,0.0216,0.0
2026-03-08,A,Exposiciones,Domingo,Domingo_Festivo,Centro_Empleo,0,10762,0.0,0.01942,0.03587,0.04637,0.06607,0.063,0.06616,0.06365,0.08419,0.06514,0.08409,0.06672,0.0656,0.07759,0.06402,0.06486,0.03921,0.02806,0.0
2026-03-08,A,Hospital,Domingo,Domingo_Festivo,Centro_Empleo,0,16107,0.0,0.01887,0.03036,0.04073,0.03675,0.06177,0.07289,0.07723,0.06929,0.06674,0.07432,0.10573,0.07643,0.0686,0.09958,0.0519,0.02893,0.01987,0.0
2026-03-08,A,Industriales,Domingo,Domingo_Festivo,Centro_Empleo,0,15928,0.0,0.01714,0.03685,0.04043,0.04288,0.06429,0.06404,0.06303,0.06523,0.07578,0.08476,0.10158,0.07302,0.05989,0.09022,0.06165,0.04006,0.01915,0.0
2026-03-08,A,Itagüí,Domingo,Domingo_Festivo,Residencial,0,17713,0.0,0.01874,0.0363,0.04409,0.05143,0.05832,0.0564,0.08135,0.08852,0.07695,0.0743,0.07187,0.09377,0.07859,0.05956,0.05397,0.03269,0.02315,0.0
2026-03-08,A,La Estrella,Domingo,Domingo_Festivo,Residencial,0,12777,0.0,0.02129,0.03076,0.05753,0.0389,0.08343,0.08789,0.06887,0.05846,0.06606,0.10362,0.0605,0.06746,0.081,0.06379,0.04719,0.03084,0.0324,0.0
2026-03-08,A,Madera,Domingo,Domingo_Festivo,Residencial,0,7021,0.0,0.0198,0.03304,0.04629,0.04472,0.07221,0.08432,0.06566,0.06053,0.07705,0.06338,0.07435,0.09999,0.08104,0.06765,0.05113,0.03575,0.02307,0.0
2026-03-08,A,Niquía,Domingo,Domingo_Festivo,Residencial,0,22919,0.0,0.02758,0.0305,0.0418,0.03792,0.0579,0.07081,0.07884,0.07112,0.07321,0.09158,0.07038,0.08124,0.07884,0.07396,0.05275,0.03499,0.02657,0.0
2026-03-08,A,Parque Berrío,Domingo,Domingo_Festivo,Centro_Empleo,0,23202,0.0,0.01853,0.04366,0.03366,0.05461,0.06814,0.07206,0.07241,0.07439,0.06038,0.06805,0.09697,0.06586,0.07715,0.07926,0.05366,0.03526,0.02595,0.0
2026-03-08,A,Poblado,Domingo,Domingo_Festivo,Centro_Empleo,0,20614,0.0,0.02285,0.03697,0.04943,0.04531,0.05307,0.06437,0.07087,0.07437,0.06326,0.06481,0.09314,0.09426,0.07723,0.06714,0.0538,0.04681,0.02231,0.0
2026-03-08,A,Prado,Domingo,Domingo_Festivo,Centro_Empleo,0,11826,0.0,0.01767,0.03788,0.04067,0.04769,0.07999,0.0646,0.07754,0.06629,0.06384,0.07357,0.06317,0.08659,0.07264,0.08693,0.05496,0.0449,0.02106,0.0
2026-03-08,A,Sabaneta,Domingo,Domingo_Festivo,Residencial,0,11103,0.0,0.0199,0.03747,0.04341,0.03612,0.0789,0.09007,0.07989,0.07196,0.0626,0.07629,0.07097,0.06998,0.07674,0.06899,0.05215,0.0408,0.02378,0.0
2026-03-08,A,San Antonio,Domingo,Domingo_Festivo,Centro_Empleo,0,31967,0.0,0.02193,0.03907,0.03482,0.05972,0.04877,0.08584,0.07232,0.07073,0.08687,0.05753,0.08077,0.07308,0.06982,0.07204,0.05312,0.04902,0.02456,0.0
2026-03-08,A,Tricentenario,Domingo,Domingo_Festivo,Residencial,0,6350,0.0,0.01559,0.03654,0.04268,0.05638,0.09244,0.08331,0.08063,0.05654,0.0685,0.08488,0.05984,0.06331,0.07024,0.07417,0.04583,0.04331,0.02583,0.0
2026-03-08,A,Universidad,Domingo,Domingo_Festivo,Mixta,0,13213,0.0,0.01665,0.02626,0.0439,0.04897,0.0635,0.06501,0.07856,0.08098,0.06441,0.0831,0.08931,0.07909,0.06282,0.07515,0.05722,0.03686,0.02823,0.0
2026-03-08,B,Cisneros,Domingo,Domingo_Festivo,Centro_Empleo,0,8748,0.0,0.02046,0.02332,0.04321,0.0503,0.06299,0.0735,0.06916,0.07053,0.07487,0.07922,0.09614,0.06001,0.06104,0.06527,0.08128,0.0455,0.02321,0.0
2026-03-08,B,Estadio,Domingo,Domingo_Festivo,Mixta,0,10632,0.0,0.01674,0.03198,0.04308,0.05295,0.0728,0.08258,0.07807,0.06904,0.07562,0.07007,0.08371,0.06979,0.0633,0.07007,0.05305,0.04383,0.02333,0.0
2026-03-08,B,Floresta,Domingo,Domingo_Festivo,Residencial,0,9602,0.0,0.01802,0.02999,0.04062,0.05405,0.05947,0.06322,0.06009,0.08738,0.06988,0.07644,0.07738,0.09206,0.08217,0.07155,0.04968,0.0402,0.02781,0.0
2026-03-08,B,San Antonio,Domingo,Domingo_Festivo,Centro_Empleo,0,18991,0.0,0.02059,0.03496,0.0416,0.05697,0.06619,0.06419,0.08262,0.05998,0.07688,0.06945,0.09631,0.07567,0.05903,0.06914,0.06203,0.03997,0.02443,0.0
2026-03-08,B,San Javier,Domingo,Domingo_Festivo,Residencial,0,19605,0.0,0.0175,0.03259,0.03805,0.05091,0.06794,0.05244,0.08636,0.07238,0.06289,0.09467,0.06876,0.08722,0.07126,0.06753,0.06284,0.04382,0.02285,0.0
2026-03-08,B,Santa Lucía,Domingo,Domingo_Festivo,Residencial,0,8911,0.0,0.0184,0.03513,0.034,0.06004,0.05757,0.08271,0.07216,0.07429,0.05577,0.09236,0.08293,0.07407,0.06632,0.07878,0.04837,0.04747,0.01964,0.0
2026-03-08,B,Suramericana,Domingo,Domingo_Festivo,Mixta,0,8232,0.0,0.01774,0.02976,0.04361,0.04203,0.05527,0.08479,0.08188,0.08491,0.05673,0.0639,0.06778,0.08686,0.09427,0.07434,0.04689,0.03972,0.02952,0.0
2026-03-09,A,Acevedo,Lunes,Laboral,Residencial,0,29553,0.03133,0.06744,0.11045,0.10151,0.07167,0.05126,0.04284,0.05915,0.0513,0.05509,0.05949,0.0424,0.04615,0.04785,0.05786,0.04639,0.02944,0.01827,0.01012
2026-03-09,A,Aguacatala,Lunes,Laboral,Mixta,0,18796,0.0166,0.04437,0.07661,0.08486,0.05076,0.05209,0.04081,0.04416,0.04666,0.06448,0.0416,0.05203,0.05522,0.08082,0.09699,0.0582,0.04804,0.02761,0.01809
2026-03-09,A,Alpujarra,Lunes,Laboral,Centro_Empleo,0,24546,0.00656,0.0163,0.03536,0.03597,0.04579,0.03907,0.04408,0.0475,0.05895,0.03874,0.05321,0.06225,0.08331,0.15379,0.11285,0.06584,0.04616,0.03618,0.01809
2026-03-09,A,Ayurá,Lunes,Laboral,Mixta,0,17398,0.01713,0.04644,0.06472,0.088,0.05552,0.04041,0.05098,0.0557,0.05207,0.04294,0.06093,0.06081,0.05455,0.07564,0.08587,0.0596,0.04225,0.02989,0.01655
2026-03-09,A,Bello,Lunes,Laboral,Residencial,0,22730,0.03845,0.08522,0.10189,0.11232,0.05539,0.05922,0.05055,0.04985,0.0403,0.04773,0.04078,0.05649,0.0491,0.04765,0.05253,0.04307,0.03401,0.02538,0.01007
2026-03-09,A,Caribe,Lunes,Laboral,Mixta,0,20406,0.01745,0.06214,0.0638,0.07272,0.06518,0.03352,0.05077,0.04303,0.04852,0.04754,0.04175,0.06532,0.06366,0.09002,0.0812,0.0641,0.04107,0.0367,0.01152
2026-03-09,A,Envigado,Lunes,Laboral,Residencial,0,24760,0.03695,0.09976,0.10327,0.11292,0.0607,0.04317,0.05363,0.04624,0.04338,0.0393,0.03796,0.04435,0.04814,0.06725,0.05755,0.03833,0.03352,0.02193,0.01163
2026-03-09,A,Exposiciones,Lunes,Laboral,Centro_Empleo,0,21475,0.00726,0.01634,0.04396,0.03837,0.05378,0.04298,0.03907,0.0522,0.05858,0.05383,0.04969,0.06501,0.09942,0.11083,0.10491,0.06584,0.04889,0.0359,0.01313
2026-03-09,A,Hospital,Lunes,Laboral,Centro_Empleo,0,29151,0.00755,0.01448,0.0272,0.03616,0.04693,0.04038,0.05087,0.04796,0.07911,0.05622,0.05297,0.0672,0.08168,0.09389,0.1202,0.07567,0.04844,0.03897,0.01413
2026-03-09,A,Industriales,Lunes,Laboral,Centro_Empleo,0,31933,0.00676,0.01585,0.03407,0.0585,0.05032,0.03009,0.04033,0.0579,0.05662,0.05161,0.05308,0.05502,0.09041,0.11195,0.0998,0.06536,0.05797,0.04293,0.02142
2026-03-09,A,Itagüí,Lunes,Laboral,Residencial,0,27396,0.03179,0.08724,0.1056,0.09275,0.09078,0.06782,0.04457,0.04344,0.04654,0.03424,0.05121,0.04362,0.04139,0.06479,0.04782,0.0369,0.03285,0.02595,0.01069
2026-03-09,A,La Estrella,Lunes,Laboral,Residencial,0,21848,0.0336,0.07822,0.12395,0.08422,0.08806,0.05547,0.04028,0.04325,0.0471,0.04399,0.05085,0.0579,0.04884,0.05598,0.05062,0.03588,0.02714,0.02421,0.01044
2026-03-09,A,Madera,Lunes,Laboral,Residencial,0,12194,0.03165,0.08037,0.11424,0.09054,0.07036,0.06044,0.05937,0.04281,0.04256,0.04732,0.04601,0.04133,0.06151,0.04273,0.06265,0.03157,0.03625,0.02108,0.01722
2026-03-09,A,Niquía,Lunes,Laboral,Residencial,0,33264,0.03063,0.09912,0.09683,0.10531,0.06731,0.04975,0.05342,0.04795,0.05282,0.05601,0.03568,0.06121,0.0389,0.04942,0.03806,0.04885,0.03262,0.02477,0.01133
2026-03-09,A,Parque Berrío,Lunes,Laboral,Centro_Empleo,0,43530,0.00586,0.01732,0.02568,0.03898,0.03873,0.05938,0.04884,0.05442,0.0524,0.05339,0.05412,0.06425,0.07119,0.10926,0.10434,0.08229,0.06639,0.0337,0.01943
2026-03-09,A,Poblado,Lunes,Laboral,Centro_Empleo,0,41581,0.00628,0.01335,0.03571,0.04103,0.03646,0.0366,0.04185,0.0463,0.04625,0.05207,0.0505,0.07494,0.08348,0.11325,0.12616,0.07636,0.0727,0.033,0.01373
2026-03-09,A,Prado,Lunes,Laboral,Centro_Empleo,0,21502,0.0046,0.02121,0.04376,0.03311,0.04483,0.03832,0.05381,0.04148,0.05972,0.04911,0.03939,0.07497,0.07162,0.13315,0.10153,0.07604,0.06051,0.03683,0.016
2026-03-09,A,Sabaneta,Lunes,Laboral,Residencial,0,17440,0.0336,0.05803,0.09994,0.10757,0.08165,0.06514,0.05092,0.04364,0.04713,0.04507,0.03033,0.04455,0.04685,0.06026,0.06175,0.04828,0.03073,0.03268,0.01187
2026-03-09,A,San Antonio,Lunes,Laboral,Centro_Empleo,0,61106,0.00686,0.01823,0.02839,0.05052,0.05081,0.04139,0.04505,0.04854,0.05702,0.05358,0.0567,0.07628,0.07304,0.08788,0.10933,0.07559,0.05466,0.04818,0.01795
2026-03-09,A,Tricentenario,Lunes,Laboral,Residencial,0,10433,0.02971,0.06987,0.12604,0.10505,0.06892,0.06355,0.05003,0.053,0.05195,0.04304,0.04313,0.04352,0.03661,0.05559,0.04572,0.04572,0.03633,0.02061,0.0116
2026-03-09,A,Universidad,Lunes,Laboral,Mixta,0,22691,0.01882,0.04376,0.08501,0.06743,0.06677,0.04456,0.04649,0.04284,0.05526,0.05355,0.03913,0.05024,0.08382,0.06232,0.09242,0.06024,0.04218,0.03054,0.01463
2026-03-09,B,Cisneros,Lunes,Laboral,Centro_Empleo,0,16054,0.00673,0.01993,0.03675,0.03793,0.04971,0.04223,0.04423,0.0393,0.06042,0.06721,0.05276,0.05899,0.07132,0.13791,0.09157,0.08471,0.04024,0.04117,0.01688
2026-03-09,B,Estadio,Lunes,Laboral,Mixta,0,18960,0.02141,0.04868,0.07917,0.06862,0.06693,0.0384,0.04325,0.03898,0.04926,0.05227,0.05037,0.05665,0.07205,0.08829,0.08539,0.05142,0.04188,0.03012,0.01688
2026-03-09,B,Floresta,Lunes,Laboral,Residencial,0,16092,0.03331,0.07302,0.11155,0.08818,0.07762,0.04518,0.0563,0.03741,0.05232,0.04543,0.03921,0.08122,0.0563,0.04126,0.05096,0.04449,0.03033,0.02455,0.01137
2026-03-09,B,San Antonio,Lunes,Laboral,Centro_Empleo,0,41160,0.0079,0.02354,0.02638,0.06198,0.04558,0.03647,0.04176,0.04534,0.06246,0.04701,0.05838,0.0631,0.06254,0.08732,0.1594,0.06584,0.06482,0.02449,0.01569
2026-03-09,B,San Javier,Lunes,Laboral,Residencial,0,32427,0.03044,0.07367,0.11984,0.15105,0.07432,0.04302,0.04176,0.04521,0.05199,0.04552,0.03639,0.04348,0.04617,0.05267,0.04129,0.0432,0.02757,0.02233,0.01008
2026-03-09,B,Santa Lucía,Lunes,Laboral,Residencial,0,15785,0.03022,0.06177,0.13747,0.1255,0.08895,0.04466,0.04327,0.03636,0.04713,0.05195,0.04352,0.04688,0.04878,0.03605,0.05968,0.02743,0.03858,0.02186,0.00995
2026-03-09,B,Suramericana,Lunes,Laboral,Mixta,0,13446,0.02127,0.04076,0.06441,0.07088,0.0772,0.04083,0.05422,0.03652,0.05868,0.06076,0.05206,0.06262,0.06812,0.07712,0.07474,0.04544,0.05236,0.03116,0.01086
2026-03-10,A,Acevedo,Martes,Laboral,Residencial,0,28436,0.04016,0.07505,0.12291,0.1023,0.08218,0.05472,0.04832,0.03847,0.05345,0.04807,0.04361,0.0563,0.04674,0.04966,0.04326,0.0383,0.02827,0.01656,0.01168
2026-03-10,A,Aguacatala,Martes,Laboral,Mixta,0,20123,0.01923,0.04189,0.08493,0.09049,0.05278,0.04562,0.04627,0.04393,0.04681,0.04776,0.05506,0.06023,0.06639,0.08746,0.08597,0.05581,0.03325,0.0236,0.01252
2026-03-10,A,Alpujarra,Martes,Laboral,Centro_Empleo,0,24433,0.00688,0.01555,0.02845,0.04527,0.05091,0.03332,0.04739,0.04907,0.05296,0.07936,0.04854,0.06008,0.08394,0.09937,0.12888,0.08141,0.04396,0.0309,0.01375
2026-03-10,A,Ayurá,Martes,Laboral,Mixta,0,17417,0.01826,0.05219,0.08704,0.07757,0.06752,0.03703,0.04036,0.04381,0.05787,0.05673,0.05345,0.0507,0.06884,0.08124,0.06189,0.06356,0.03623,0.031,0.0147
2026-03-10,A,Bello,Martes,Laboral,Residencial,0,22912,0.02606,0.0632,0.14111,0.14285,0.06804,0.04596,0.04932,0.04875,0.05229,0.03932,0.0402,0.05106,0.04923,0.05325,0.03762,0.03286,0.02641,0.02112,0.01135
2026-03-10,A,Caribe,Martes,Laboral,Mixta,0,19160,0.01759,0.06237,0.06138,0.06801,0.06221,0.04337,0.04191,0.06086,0.0678,0.05073,0.04948,0.0368,0.06994,0.0929,0.0953,0.04969,0.02944,0.02777,0.01247
2026-03-10,A,Envigado,Martes,Laboral,Residencial,0,22087,0.03468,0.07,0.13569,0.09915,0.08208,0.04641,0.05103,0.02748,0.0551,0.06375,0.04559,0.03966,0.04451,0.05112,0.06153,0.03618,0.02798,0.01707,0.011
2026-03-10,A,Exposiciones,Martes,Laboral,Centro_Empleo,0,22382,0.0067,0.01747,0.03838,0.03731,0.03963,0.04495,0.05844,0.03927,0.0634,0.05665,0.055,0.06295,0.08073,0.10361,0.11947,0.07073,0.05965,0.03096,0.0147
2026-03-10,A,Hospital,Martes,Laboral,Centro_Empleo,0,27476,0.00601,0.01798,0.03283,0.04841,0.04073,0.04338,0.04822,0.04859,0.06285,0.05008,0.05609,0.06373,0.07388,0.10631,0.09641,0.1014,0.04913,0.03832,0.01565
2026-03-10,A,Industriales,Martes,Laboral,Centro_Empleo,0,29705,0.0102,0.0133,0.03555,0.04972,0.0504,0.03818,0.03794,0.04895,0.07487,0.04673,0.05501,0.05157,0.07649,0.0981,0.11207,0.09059,0.04663,0.04605,0.01767
2026-03-10,A,Itagüí,Martes,Laboral,Residencial,0,27212,0.02797,0.07331,0.10003,0.10977,0.08184,0.05964,0.0423,0.04579,0.04693,0.05248,0.05101,0.04061,0.05847,0.05358,0.05104,0.03715,0.03601,0.01977,0.01231
2026-03-10,A,La Estrella,Martes,Laboral,Residencial,0,20898,0.03972,0.0836,0.10188,0.1158,0.08087,0.05082,0.05599,0.0456,0.05656,0.05331,0.04192,0.03833,0.0434,0.05149,0.04503,0.0411,0.02335,0.02015,0.0111
2026-03-10,A,Madera,Martes,Laboral,Residencial,0,11666,0.03857,0.07715,0.10681,0.12086,0.08589,0.04406,0.04569,0.03763,0.04389,0.04337,0.04346,0.04697,0.05152,0.06035,0.06052,0.03883,0.02769,0.01749,0.00926
2026-03-10,A,Niquía,Martes,Laboral,Residencial,0,34092,0.03332,0.05934,0.11997,0.11827,0.09149,0.04667,0.0418,0.03866,0.04523,0.05902,0.03056,0.04992,0.04769,0.05066,0.05242,0.04673,0.02945,0.0227,0.0161
2026-03-10,A,Parque Berrío,Martes,Laboral,Centro_Empleo,0,43960,0.00639,0.01779,0.02853,0.04368,0.03924,0.03194,0.05541,0.04945,0.07002,0.03403,0.04734,0.05826,0.07896,0.14529,0.15321,0.05548,0.03897,0.02859,0.01742
2026-03-10,A,Poblado,Martes,Laboral,Centro_Empleo,0,38185,0.0082,0.02205,0.03666,0.04785,0.0496,0.05515,0.04853,0.04612,0.06296,0.05604,0.0506,0.05151,0.07301,0.12908,0.09349,0.0684,0.05832,0.02663,0.01579
2026-03-10,A,Prado,Martes,Laboral,Centro_Empleo,0,21001,0.00652,0.01533,0.03805,0.03381,0.0489,0.03943,0.04281,0.05009,0.06419,0.07085,0.05676,0.06085,0.06152,0.10576,0.10914,0.08342,0.05562,0.03738,0.01957
2026-03-10,A,Sabaneta,Martes,Laboral,Residencial,0,16077,0.04622,0.07284,0.11488,0.09591,0.08111,0.05393,0.05704,0.05057,0.05362,0.04702,0.05076,0.04167,0.04466,0.05523,0.03427,0.04093,0.02308,0.02071,0.01555
2026-03-10,A,San Antonio,Martes,Laboral,Centro_Empleo,0,55628,0.00906,0.01684,0.0348,0.04208,0.0641,0.05247,0.05722,0.04061,0.04832,0.04987,0.05939,0.07609,0.09445,0.08282,0.1166,0.05033,0.04985,0.03579,0.01929
2026-03-10,A,Tricentenario,Martes,Laboral,Residencial,0,10225,0.03579,0.06562,0.11667,0.12235,0.07521,0.04215,0.05545,0.04469,0.04812,0.06347,0.05956,0.03765,0.05535,0.04421,0.04831,0.02983,0.02895,0.01741,0.00919
2026-03-10,A,Universidad,Martes,Laboral,Mixta,0,23101,0.01944,0.04493,0.09026,0.06675,0.08636,0.03104,0.04446,0.05467,0.04922,0.04498,0.05697,0.04649,0.07242,0.07753,0.06653,0.0558,0.05112,0.02931,0.01173
2026-03-10,B,Cisneros,Martes,Laboral,Centro_Empleo,0,16334,0.00735,0.01561,0.03428,0.06655,0.04635,0.03735,0.03545,0.05877,0.06539,0.04653,0.05118,0.04671,0.09042,0.11283,0.10083,0.08706,0.04261,0.03655,0.01818
2026-03-10,B,Estadio,Martes,Laboral,Mixta,0,17434,0.01669,0.03889,0.07772,0.08134,0.08489,0.05426,0.05506,0.05025,0.05598,0.04313,0.04296,0.0499,0.07365,0.07428,0.07451,0.05007,0.03321,0.03046,0.01273
2026-03-10,B,Floresta,Martes,Laboral,Residencial,0,15121,0.03558,0.08372,0.09913,0.10462,0.06779,0.06157,0.05013,0.05218,0.0539,0.04338,0.04735,0.05271,0.05079,0.04662,0.0408,0.05337,0.02665,0.01918,0.01052
2026-03-10,B,San Antonio,Martes,Laboral,Centro_Empleo,0,37951,0.00717,0.0166,0.03668,0.04941,0.0468,0.04975,0.04796,0.04453,0.07641,0.04811,0.05584,0.04748,0.09984,0.1039,0.11336,0.07383,0.03684,0.02588,0.01963
2026-03-10,B,San Javier,Martes,Laboral,Residencial,0,29390,0.05002,0.07503,0.09541,0.11912,0.07458,0.05151,0.05941,0.03848,0.05032,0.05128,0.04444,0.0458,0.0427,0.06128,0.04913,0.03593,0.02518,0.01882,0.01157
2026-03-10,B,Santa Lucía,Martes,Laboral,Residencial,0,13440,0.03356,0.08051,0.12597,0.12054,0.08661,0.05454,0.03415,0.04829,0.04993,0.04256,0.05573,0.04777,0.03363,0.04301,0.05022,0.03713,0.02254,0.02262,0.01071
2026-03-10,B,Suramericana,Martes,Laboral,Mixta,0,12844,0.02344,0.04017,0.06462,0.07677,0.05956,0.04749,0.04352,0.04905,0.05652,0.04173,0.04734,0.05271,0.06657,0.09958,0.09382,0.05676,0.03729,0.03107,0.01199
2026-03-11,A,Acevedo,Miércoles,Laboral,Residencial,0,29365,0.0235,0.0914,0.12569,0.10999,0.06382,0.06201,0.04972,0.04533,0.05149,0.03674,0.04195,0.05064,0.05398,0.05268,0.04682,0.03133,0.03222,0.01996,0.01073
2026-03-11,A,Aguacatala,Miércoles,Laboral,Mixta,0,18669,0.01853,0.0406,0.07269,0.06915,0.06958,0.04141,0.03642,0.05373,0.04585,0.04414,0.03969,0.04499,0.07981,0.12191,0.05919,0.07081,0.04419,0.03508,0.01221
2026-03-11,A,Alpujarra,Miércoles,Laboral,Centro_Empleo,0,24180,0.00608,0.01274,0.03081,0.05294,0.04227,0.03668,0.04156,0.04868,0.06245,0.0744,0.04491,0.06162,0.09371,0.12622,0.10194,0.05447,0.05451,0.04094,0.01307
2026-03-11,A,Ayurá,Miércoles,Laboral,Mixta,0,17156,0.01486,0.04203,0.0601,0.07572,0.04611,0.04418,0.0376,0.05526,0.05975,0.06907,0.03806,0.05234,0.08411,0.09997,0.08172,0.06132,0.04203,0.02314,0.01265
2026-03-11,A,Bello,Miércoles,Laboral,Residencial,0,24514,0.03198,0.07779,0.1103,0.1068,0.07355,0.03655,0.0523,0.05593,0.04242,0.03174,0.0399,0.05258,0.07938,0.04071,0.0547,0.04491,0.03908,0.01734,0.01203
2026-03-11,A,Caribe,Miércoles,Laboral,Mixta,0,21068,0.01699,0.03693,0.06522,0.08634,0.0496,0.03622,0.04329,0.04196,0.0525,0.05046,0.04628,0.04092,0.07015,0.12123,0.09336,0.06294,0.0393,0.03123,0.01509
2026-03-11,A,Envigado,Miércoles,Laboral,Residencial,0,23710,0.03775,0.06841,0.1307,0.09911,0.08587,0.04985,0.03269,0.04407,0.06402,0.04382,0.03167,0.06175,0.05441,0.04854,0.05002,0.03589,0.02919,0.02231,0.00991
2026-03-11,A,Exposiciones,Miércoles,Laboral,Centro_Empleo,0,20480,0.00688,0.01938,0.02954,0.04551,0.03232,0.0438,0.04214,0.05376,0.04443,0.06318,0.05059,0.07222,0.077,0.11016,0.12798,0.07749,0.05332,0.03203,0.01826
2026-03-11,A,Hospital,Miércoles,Laboral,Centro_Empleo,0,29788,0.00846,0.01675,0.03209,0.04206,0.0378,0.04498,0.04384,0.04492,0.06442,0.04519,0.05727,0.06419,0.10618,0.11907,0.08329,0.08235,0.05193,0.04126,0.01393
2026-03-11,A,Industriales,Miércoles,Laboral,Centro_Empleo,0,30079,0.00595,0.01453,0.03188,0.0518,0.04525,0.04179,0.04661,0.05815,0.06107,0.05373,0.0522,0.06267,0.07131,0.10875,0.11736,0.06822,0.05695,0.03757,0.01423
2026-03-11,A,Itagüí,Miércoles,Laboral,Residencial,0,27774,0.03449,0.08051,0.08043,0.10053,0.08778,0.04562,0.05923,0.04396,0.04846,0.06665,0.04216,0.04454,0.05883,0.0629,0.0386,0.03564,0.03784,0.02031,0.01152
2026-03-11,A,La Estrella,Miércoles,Laboral,Residencial,0,20710,0.03322,0.10005,0.10888,0.11391,0.07591,0.04544,0.04621,0.04944,0.04404,0.03679,0.03704,0.0422,0.05268,0.05983,0.04215,0.04437,0.02907,0.02646,0.01231
2026-03-11,A,Madera,Miércoles,Laboral,Residencial,0,11594,0.03053,0.0991,0.0847,0.11359,0.06995,0.03726,0.04019,0.05486,0.05227,0.04623,0.03588,0.05365,0.06107,0.05848,0.06107,0.04399,0.02984,0.01803,0.00932
2026-03-11,A,Niquía,Miércoles,Laboral,Residencial,0,37738,0.0371,0.08927,0.14956,0.08135,0.09028,0.05109,0.03922,0.03879,0.04976,0.03996,0.03948,0.03935,0.05021,0.04897,0.05247,0.03675,0.0301,0.02751,0.00877
2026-03-11,A,Parque Berrío,Miércoles,Laboral,Centro_Empleo,0,44336,0.00713,0.01432,0.02874,0.03934,0.04101,0.04046,0.03415,0.05343,0.05688,0.04364,0.04802,0.06577,0.09475,0.13208,0.10653,0.07342,0.05955,0.04238,0.0184
2026-03-11,A,Poblado,Miércoles,Laboral,Centro_Empleo,0,43690,0.00655,0.01602,0.03191,0.04202,0.04065,0.03639,0.0461,0.05978,0.06988,0.04619,0.04234,0.0677,0.08361,0.12687,0.1157,0.05711,0.0583,0.0352,0.01767
2026-03-11,A,Prado,Miércoles,Laboral,Centro_Empleo,0,21996,0.00782,0.01532,0.03019,0.04101,0.0526,0.04319,0.0366,0.04805,0.06819,0.03973,0.05606,0.07406,0.10779,0.10179,0.08688,0.0751,0.07124,0.02791,0.01646
2026-03-11,A,Sabaneta,Miércoles,Laboral,Residencial,0,18806,0.02356,0.09843,0.10194,0.10693,0.08418,0.05408,0.0411,0.0485,0.04887,0.05376,0.03148,0.04238,0.04211,0.07732,0.03951,0.03648,0.0352,0.02318,0.01101
2026-03-11,A,San Antonio,Miércoles,Laboral,Centro_Empleo,0,60638,0.00566,0.017,0.03335,0.04797,0.03847,0.0482,0.03715,0.04898,0.0688,0.06192,0.04116,0.0646,0.07208,0.12454,0.09956,0.07497,0.05755,0.03496,0.02305
2026-03-11,A,Tricentenario,Miércoles,Laboral,Residencial,0,10365,0.0328,0.08741,0.1014,0.09918,0.06879,0.05847,0.04206,0.04708,0.04235,0.05914,0.04515,0.05374,0.04563,0.05355,0.04428,0.04187,0.04206,0.02393,0.0111
2026-03-11,A,Universidad,Miércoles,Laboral,Mixta,0,24094,0.01689,0.05329,0.07674,0.05852,0.06566,0.04109,0.03984,0.05259,0.05263,0.04163,0.04657,0.06541,0.0855,0.06956,0.0823,0.05599,0.05437,0.02947,0.01195
2026-03-11,B,Cisneros,Miércoles,Laboral,Centro_Empleo,0,15822,0.00796,0.01719,0.03754,0.03704,0.03805,0.04127,0.0431,0.05056,0.06681,0.05075,0.04235,0.06055,0.06794,0.11244,0.13766,0.07761,0.06137,0.03565,0.01416
2026-03-11,B,Estadio,Miércoles,Laboral,Mixta,1,23860,0.01555,0.0407,0.05251,0.05474,0.04288,0.02502,0.03177,0.03567,0.05658,0.03952,0.03994,0.05071,0.05155,0.15247,0.10402,0.0635,0.07816,0.05381,0.0109
2026-03-11,B,Floresta,Miércoles,Laboral,Residencial,0,16808,0.03213,0.06699,0.12179,0.10739,0.05575,0.0561,0.04718,0.05616,0.05521,0.06997,0.03701,0.04052,0.05694,0.05837,0.04831,0.0354,0.02487,0.01719,0.01273
2026-03-11,B,San Antonio,Miércoles,Laboral,Centro_Empleo,0,38089,0.00683,0.01728,0.0335,0.0355,0.05246,0.03964,0.0335,0.04077,0.08197,0.04818,0.04634,0.06753,0.06952,0.14849,0.10273,0.06511,0.0498,0.0445,0.01636
2026-03-11,B,San Javier,Miércoles,Laboral,Residencial,0,28893,0.02817,0.06434,0.09622,0.09456,0.07967,0.06573,0.03883,0.06161,0.05057,0.0515,0.04852,0.05673,0.05077,0.05427,0.05275,0.03901,0.02907,0.02831,0.00938
2026-03-11,B,Santa Lucía,Miércoles,Laboral,Residencial,0,14734,0.02661,0.07785,0.11925,0.11979,0.06264,0.04602,0.05898,0.05016,0.04547,0.03943,0.03903,0.05253,0.06129,0.0509,0.05036,0.03475,0.02993,0.02504,0.00998
2026-03-11,B,Suramericana,Miércoles,Laboral,Mixta,1,19625,0.01167,0.03475,0.06166,0.05875,0.04775,0.03231,0.03175,0.03389,0.04148,0.03511,0.03373,0.03873,0.05753,0.12311,0.14191,0.08622,0.07378,0.04494,0.01096
2026-03-12,A,Acevedo,Jueves,Laboral,Residencial,0,29500,0.02807,0.08586,0.12173,0.11434,0.06092,0.04885,0.04942,0.03786,0.04007,0.04837,0.05458,0.04925,0.05441,0.04739,0.04553,0.04325,0.03217,0.02705,0.01088
2026-03-12,A,Aguacatala,Jueves,Laboral,Mixta,0,20441,0.0157,0.03889,0.07509,0.08043,0.06551,0.04153,0.04579,0.04207,0.06697,0.0476,0.05553,0.03894,0.07226,0.06986,0.09774,0.06233,0.04623,0.02353,0.01399
2026-03-12,A,Alpujarra,Jueves,Laboral,Centro_Empleo,0,24014,0.00754,0.01424,0.04085,0.05863,0.04481,0.04068,0.04747,0.0436,0.05476,0.05484,0.05434,0.07025,0.08578,0.12318,0.08049,0.08345,0.04626,0.02815,0.02065
2026-03-12,A,Ayurá,Jueves,Laboral,Mixta,0,17127,0.01512,0.04035,0.06598,0.07695,0.06499,0.047,0.04437,0.04256,0.05453,0.05232,0.04472,0.047,0.08017,0.07976,0.08092,0.06825,0.04823,0.03311,0.01366
2026-03-12,A,Bello,Jueves,Laboral,Residencial,0,23252,0.03294,0.08924,0.0956,0.09247,0.07939,0.05419,0.03213,0.04649,0.06107,0.05234,0.05492,0.04073,0.05307,0.05845,0.04413,0.04632,0.03019,0.02503,0.01131
2026-03-12,A,Caribe,Jueves,Laboral,Mixta,0,19496,0.0157,0.04591,0.07796,0.08407,0.06601,0.0478,0.02277,0.03416,0.04237,0.04237,0.05883,0.05268,0.06237,0.07366,0.10038,0.07627,0.04709,0.03493,0.01467
2026-03-12,A,Envigado,Jueves,Laboral,Residencial,0,24026,0.03351,0.08507,0.12632,0.1113,0.07663,0.05619,0.0437,0.03634,0.04191,0.03442,0.04649,0.03971,0.0569,0.04886,0.06422,0.04016,0.03068,0.01765,0.00995
2026-03-12,A,Exposiciones,Jueves,Laboral,Centro_Empleo,0,20922,0.00741,0.01529,0.03852,0.05439,0.04985,0.03532,0.04259,0.04899,0.05736,0.06252,0.06075,0.05458,0.08345,0.0988,0.10214,0.08326,0.04746,0.04077,0.01654
2026-03-12,A,Hospital,Jueves,Laboral,Centro_Empleo,0,31166,0.00642,0.01665,0.02689,0.04444,0.03854,0.04755,0.04919,0.04062,0.06347,0.0479,0.0565,0.0756,0.09286,0.09889,0.11054,0.08423,0.04746,0.0387,0.01357
2026-03-12,A,Industriales,Jueves,Laboral,Centro_Empleo,0,30612,0.00644,0.01584,0.02839,0.04763,0.04217,0.03985,0.02894,0.05263,0.07148,0.05364,0.05808,0.05527,0.07526,0.10646,0.12551,0.09045,0.04792,0.03574,0.01829
2026-03-12,A,Itagüí,Jueves,Laboral,Residencial,0,29257,0.0364,0.08254,0.11242,0.09635,0.09232,0.04566,0.03897,0.04484,0.04201,0.04245,0.04088,0.05404,0.0579,0.05445,0.0473,0.03927,0.0335,0.02734,0.01135
2026-03-12,A,La Estrella,Jueves,Laboral,Residencial,0,21185,0.0346,0.08681,0.12509,0.11017,0.06882,0.06391,0.04664,0.04456,0.0448,0.03823,0.04942,0.03668,0.05452,0.0574,0.03857,0.04272,0.03026,0.01865,0.00817
2026-03-12,A,Madera,Jueves,Laboral,Residencial,0,11374,0.03227,0.06963,0.12177,0.07842,0.09293,0.05477,0.03974,0.04677,0.04484,0.02972,0.05372,0.0437,0.0473,0.07631,0.05337,0.05372,0.03455,0.01539,0.01108
2026-03-12,A,Niquía,Jueves,Laboral,Residencial,0,34668,0.04061,0.08933,0.11059,0.09242,0.06807,0.05576,0.04748,0.0347,0.0441,0.0424,0.03686,0.05509,0.07526,0.05671,0.04211,0.04243,0.03499,0.01884,0.01223
2026-03-12,A,Parque Berrío,Jueves,Laboral,Centro_Empleo,0,44201,0.00769,0.02115,0.02991,0.04326,0.04794,0.04366,0.04986,0.04622,0.0486,0.06029,0.0426,0.05656,0.07984,0.10056,0.10672,0.10803,0.06894,0.02529,0.01287
2026-03-12,A,Poblado,Jueves,Laboral,Centro_Empleo,0,42130,0.00536,0.01104,0.03482,0.03719,0.0381,0.03992,0.04204,0.04263,0.06076,0.08234,0.06247,0.0437,0.11111,0.08253,0.10532,0.10188,0.05203,0.03591,0.01085
2026-03-12,A,Prado,Jueves,Laboral,Centro_Empleo,0,21093,0.00512,0.01906,0.03186,0.03888,0.03679,0.05177,0.03138,0.04774,0.06481,0.0513,0.04328,0.06211,0.08595,0.09743,0.09055,0.11018,0.05485,0.06135,0.0156
2026-03-12,A,Sabaneta,Jueves,Laboral,Residencial,0,16440,0.04355,0.07749,0.10091,0.1118,0.06813,0.04951,0.03394,0.0413,0.03783,0.05925,0.04891,0.04866,0.05249,0.06807,0.05006,0.04361,0.03023,0.02311,0.01113
2026-03-12,A,San Antonio,Jueves,Laboral,Centro_Empleo,0,61076,0.00714,0.01462,0.03284,0.05739,0.05287,0.04298,0.02679,0.04634,0.0746,0.05667,0.04887,0.05832,0.07481,0.07846,0.09267,0.09781,0.08195,0.04038,0.01451
2026-03-12,A,Tricentenario,Jueves,Laboral,Residencial,0,10420,0.04213,0.07246,0.12265,0.08858,0.07255,0.04559,0.04415,0.0405,0.03983,0.06795,0.05077,0.04539,0.04818,0.04683,0.0548,0.05566,0.03129,0.01727,0.01344
2026-03-12,A,Universidad,Jueves,Laboral,Mixta,0,23783,0.01493,0.05147,0.05617,0.07922,0.06635,0.03961,0.04423,0.03961,0.06286,0.04659,0.05243,0.05706,0.0777,0.08161,0.08969,0.05853,0.04491,0.02447,0.01257
2026-03-12,B,Cisneros,Jueves,Laboral,Centro_Empleo,0,17246,0.00603,0.01409,0.03062,0.04685,0.04001,0.03734,0.04691,0.04157,0.06059,0.05172,0.07637,0.06807,0.08993,0.1278,0.09173,0.07695,0.04192,0.03508,0.01641
2026-03-12,B,Estadio,Jueves,Laboral,Mixta,0,17616,0.01998,0.03332,0.07101,0.06852,0.06335,0.04581,0.03559,0.04314,0.04814,0.05433,0.04956,0.05421,0.07385,0.08793,0.10156,0.05955,0.03968,0.03758,0.01289
2026-03-12,B,Floresta,Jueves,Laboral,Residencial,0,16274,0.03042,0.06655,0.12628,0.13525,0.06354,0.05094,0.03656,0.03238,0.04768,0.04381,0.062,0.03883,0.04228,0.05899,0.05481,0.04596,0.03472,0.02015,0.00885
2026-03-12,B,San Antonio,Jueves,Laboral,Centro_Empleo,0,39720,0.00723,0.01752,0.03245,0.04484,0.04423,0.04408,0.05106,0.04338,0.06528,0.03693,0.03165,0.0493,0.08026,0.11798,0.11599,0.10244,0.05262,0.04471,0.01805
2026-03-12,B,San Javier,Jueves,Laboral,Residencial,0,32055,0.02677,0.07709,0.11496,0.11031,0.07362,0.07216,0.04062,0.04177,0.04782,0.04798,0.04611,0.03478,0.0487,0.05438,0.04246,0.05126,0.03304,0.02249,0.0137
2026-03-12,B,Santa Lucía,Jueves,Laboral,Residencial,0,15444,0.03218,0.06721,0.10975,0.14763,0.07142,0.05219,0.03134,0.04215,0.05141,0.03341,0.04228,0.04707,0.05057,0.05711,0.05238,0.04863,0.03082,0.0215,0.01094
2026-03-12,B,Suramericana,Jueves,Laboral,Mixta,0,13900,0.01612,0.04014,0.07309,0.07137,0.06813,0.04259,0.03079,0.04115,0.05209,0.06165,0.05482,0.05942,0.07647,0.0895,0.07065,0.06345,0.03662,0.03871,0.01324
2026-03-13,A,Acevedo,Viernes,Laboral,Residencial,0,29670,0.03836,0.10435,0.11132,0.1119,0.07165,0.05359,0.03862,0.03394,0.04702,0.0489,0.04402,0.04173,0.05099,0.05251,0.04065,0.05083,0.03195,0.01574,0.01193
2026-03-13,A,Aguacatala,Viernes,Laboral,Mixta,0,19499,0.01564,0.03641,0.08539,0.08082,0.06108,0.0579,0.05534,0.04036,0.04708,0.05687,0.0538,0.03959,0.06431,0.06867,0.0798,0.08082,0.03698,0.02718,0.01195
2026-03-13,A,Alpujarra,Viernes,Laboral,Centro_Empleo,0,26286,0.00498,0.01788,0.02686,0.04333,0.04938,0.06121,0.04645,0.04531,0.05197,0.04287,0.06064,0.05794,0.09009,0.08282,0.12238,0.1042,0.0369,0.0358,0.01898
2026-03-13,A,Ayurá,Viernes,Laboral,Mixta,0,18685,0.01472,0.04779,0.07557,0.07889,0.06112,0.04977,0.03944,0.0487,0.04742,0.06181,0.06064,0.03869,0.06417,0.08563,0.08429,0.06984,0.03687,0.02317,0.01145
2026-03-13,A,Bello,Viernes,Laboral,Residencial,0,24123,0.03399,0.05737,0.11338,0.1346,0.06168,0.05406,0.05464,0.04104,0.04626,0.0565,0.03893,0.04896,0.05169,0.05725,0.04398,0.0434,0.02852,0.02052,0.01322
2026-03-13,A,Caribe,Viernes,Laboral,Mixta,0,22660,0.01068,0.04426,0.07264,0.06937,0.07886,0.05671,0.0271,0.03716,0.04885,0.04568,0.03658,0.04492,0.08544,0.06937,0.09784,0.0752,0.05543,0.02855,0.01536
2026-03-13,A,Envigado,Viernes,Laboral,Residencial,0,24976,0.03704,0.07643,0.11475,0.15175,0.08296,0.05081,0.0398,0.0368,0.05954,0.06502,0.03135,0.03099,0.04192,0.04981,0.03039,0.0426,0.02635,0.02118,0.01053
2026-03-13,A,Exposiciones,Viernes,Laboral,Centro_Empleo,0,23173,0.00725,0.02248,0.02827,0.05843,0.04833,0.03564,0.03284,0.05036,0.0687,0.06443,0.04397,0.07094,0.0684,0.09792,0.0999,0.10499,0.04298,0.03349,0.02067
2026-03-13,A,Hospital,Viernes,Laboral,Centro_Empleo,0,30041,0.00559,0.01475,0.04154,0.04624,0.05143,0.04031,0.04081,0.04068,0.04863,0.07,0.04034,0.08345,0.09737,0.08851,0.08728,0.08389,0.05416,0.04537,0.01964
2026-03-13,A,Industriales,Viernes,Laboral,Centro_Empleo,0,35284,0.0068,0.01499,0.02573,0.04634,0.0505,0.04019,0.03917,0.03988,0.06689,0.08777,0.04384,0.05433,0.08451,0.10484,0.12567,0.07621,0.04509,0.03506,0.01219
2026-03-13,A,Itagüí,Viernes,Laboral,Residencial,0,30248,0.02635,0.09158,0.08001,0.12738,0.0606,0.05881,0.0483,0.05309,0.04896,0.06123,0.04033,0.04499,0.04483,0.06923,0.0487,0.0403,0.02565,0.01884,0.01081
2026-03-13,A,La Estrella,Viernes,Laboral,Residencial,0,23271,0.03081,0.08685,0.09858,0.11168,0.07194,0.07077,0.03928,0.04069,0.05023,0.05496,0.03266,0.04899,0.0388,0.05909,0.05634,0.04026,0.03502,0.0211,0.01195
2026-03-13,A,Madera,Viernes,Laboral,Residencial,0,13004,0.03053,0.07882,0.12981,0.1488,0.05944,0.05022,0.04106,0.03922,0.05775,0.04699,0.04952,0.03222,0.04406,0.05083,0.04237,0.04514,0.02192,0.01969,0.01161
2026-03-13,A,Niquía,Viernes,Laboral,Residencial,0,37843,0.0264,0.08966,0.09904,0.13429,0.0923,0.06593,0.03485,0.04268,0.05282,0.04775,0.0367,0.03636,0.04479,0.03911,0.05259,0.04376,0.03118,0.01731,0.01247
2026-03-13,A,Parque Berrío,Viernes,Laboral,Centro_Empleo,0,46774,0.00618,0.01725,0.03504,0.05708,0.0419,0.04321,0.02972,0.05249,0.06602,0.05619,0.05529,0.05217,0.08528,0.14115,0.07825,0.0791,0.04892,0.03955,0.01522
2026-03-13,A,Poblado,Viernes,Laboral,Centro_Empleo,0,41207,0.00687,0.01393,0.02791,0.04999,0.0454,0.04087,0.04303,0.04681,0.072,0.06091,0.04349,0.05747,0.10678,0.10962,0.10501,0.08025,0.03728,0.03133,0.02106
2026-03-13,A,Prado,Viernes,Laboral,Centro_Empleo,0,22793,0.00535,0.01588,0.03501,0.05484,0.04387,0.03896,0.04712,0.04155,0.05366,0.05971,0.05063,0.05708,0.07665,0.11653,0.09898,0.10078,0.05168,0.04006,0.01167
2026-03-13,A,Sabaneta,Viernes,Laboral,Residencial,0,19126,0.03733,0.07132,0.15466,0.12015,0.0812,0.05213,0.03351,0.039,0.04366,0.03686,0.04946,0.03336,0.05877,0.0481,0.04512,0.04282,0.02588,0.01804,0.00863
2026-03-13,A,San Antonio,Viernes,Laboral,Centro_Empleo,0,66385,0.00673,0.01404,0.03529,0.05661,0.03504,0.05778,0.0374,0.05057,0.05516,0.06098,0.04368,0.06456,0.08399,0.12866,0.08503,0.08023,0.04088,0.04822,0.01512
2026-03-13,A,Tricentenario,Viernes,Laboral,Residencial,0,10790,0.03624,0.09972,0.10371,0.12586,0.07081,0.04272,0.04272,0.05255,0.0456,0.05338,0.03911,0.04319,0.0418,0.04903,0.04291,0.04764,0.02901,0.02067,0.01335
2026-03-13,A,Universidad,Viernes,Laboral,Mixta,0,24284,0.01878,0.0413,0.07919,0.08285,0.07029,0.04394,0.03525,0.0504,0.04258,0.05987,0.03393,0.05226,0.05942,0.09158,0.07865,0.06893,0.04839,0.02775,0.01462
2026-03-13,B,Cisneros,Viernes,Laboral,Centro_Empleo,0,16935,0.00531,0.01529,0.02752,0.06401,0.03437,0.05291,0.04187,0.04718,0.05492,0.06826,0.06159,0.05763,0.10334,0.09519,0.09011,0.08781,0.04712,0.02557,0.02002
2026-03-13,B,Estadio,Viernes,Laboral,Mixta,0,20494,0.01859,0.03543,0.05182,0.08207,0.07378,0.04704,0.04426,0.04221,0.0585,0.05748,0.04792,0.05402,0.08744,0.09481,0.07339,0.05836,0.03801,0.02142,0.01347
2026-03-13,B,Floresta,Viernes,Laboral,Residencial,0,17689,0.02572,0.10295,0.1186,0.1121,0.09243,0.0757,0.03612,0.04624,0.03776,0.04155,0.05269,0.03584,0.042,0.04285,0.03923,0.04613,0.02403,0.0173,0.01074
2026-03-13,B,San Antonio,Viernes,Laboral,Centro_Empleo,0,41809,0.00624,0.01545,0.04305,0.07032,0.03712,0.04808,0.03693,0.04875,0.06441,0.08469,0.05166,0.05563,0.06525,0.08503,0.11428,0.07216,0.05243,0.031,0.01751
2026-03-13,B,San Javier,Viernes,Laboral,Residencial,0,32027,0.03375,0.08908,0.10126,0.11031,0.10216,0.04443,0.05355,0.04203,0.04025,0.04618,0.04243,0.05118,0.04309,0.04253,0.04615,0.0493,0.03322,0.02164,0.00746
2026-03-13,B,Santa Lucía,Viernes,Laboral,Residencial,0,15909,0.03432,0.07618,0.09636,0.11974,0.07675,0.06833,0.0418,0.03702,0.04557,0.06129,0.05481,0.03533,0.04633,0.05022,0.04683,0.04941,0.02433,0.02131,0.01408
2026-03-13,B,Suramericana,Viernes,Laboral,Mixta,0,14238,0.01749,0.04214,0.06735,0.08098,0.06139,0.03357,0.04881,0.04277,0.05549,0.04888,0.04713,0.04572,0.07375,0.09475,0.09706,0.06785,0.03989,0.02156,0.01341
2026-03-14,A,Acevedo,Sábado,Sábado,Residencial,0,27364,0.01451,0.03026,0.03768,0.05884,0.05153,0.05814,0.06202,0.06256,0.06008,0.07155,0.07214,0.06308,0.08208,0.06256,0.07075,0.04904,0.04451,0.03607,0.01261
2026-03-14,A,Aguacatala,Sábado,Sábado,Mixta,0,17679,0.01522,0.0254,0.04429,0.04503,0.04435,0.06878,0.05187,0.08224,0.07076,0.04825,0.06867,0.05922,0.08694,0.06686,0.0849,0.04101,0.04203,0.03903,0.01516
2026-03-14,A,Alpujarra,Sábado,Sábado,Centro_Empleo,0,21661,0.01057,0.02904,0.03767,0.04349,0.05166,0.05268,0.06574,0.05895,0.05905,0.09095,0.0897,0.04672,0.08813,0.06962,0.05609,0.04801,0.04801,0.03518,0.01874
2026-03-14,A,Ayurá,Sábado,Sábado,Mixta,0,13872,0.01932,0.02999,0.04376,0.05046,0.0527,0.06308,0.05724,0.05962,0.06156,0.05154,0.0687,0.0731,0.0576,0.08946,0.06711,0.05205,0.04419,0.03648,0.02206
2026-03-14,A,Bello,Sábado,Sábado,Residencial,0,21586,0.0126,0.02219,0.04054,0.06092,0.06713,0.05879,0.04545,0.06671,0.08978,0.06986,0.065,0.06435,0.05411,0.0693,0.08033,0.04609,0.03766,0.03122,0.01797
2026-03-14,A,Caribe,Sábado,Sábado,Mixta,0,18903,0.01428,0.02772,0.0429,0.04772,0.06121,0.05206,0.04735,0.08332,0.06174,0.06094,0.07676,0.05195,0.06888,0.07533,0.09041,0.04798,0.04021,0.03306,0.01619
2026-03-14,A,Envigado,Sábado,Sábado,Residencial,0,23655,0.01167,0.02617,0.03999,0.05297,0.05107,0.05758,0.07326,0.06641,0.08172,0.05956,0.08552,0.05851,0.05415,0.07229,0.06396,0.0446,0.04883,0.0356,0.01615
2026-03-14,A,Exposiciones,Sábado,Sábado,Centro_Empleo,0,19759,0.01453,0.03507,0.03983,0.03872,0.05886,0.05319,0.07672,0.05587,0.06569,0.07414,0.0666,0.05759,0.06751,0.06984,0.09565,0.04246,0.04605,0.02313,0.01852
2026-03-14,A,Hospital,Sábado,Sábado,Centro_Empleo,0,23984,0.01388,0.03265,0.04711,0.04824,0.04495,0.04874,0.06142,0.07447,0.06288,0.0685,0.04753,0.0555,0.07309,0.09331,0.07588,0.05058,0.04832,0.03481,0.01814
2026-03-14,A,Industriales,Sábado,Sábado,Centro_Empleo,0,29007,0.01217,0.02934,0.0332,0.05402,0.06802,0.06074,0.06567,0.07822,0.08343,0.06336,0.05288,0.06461,0.05406,0.06012,0.0756,0.04833,0.03758,0.0432,0.01544
2026-03-14,A,Itagüí,Sábado,Sábado,Residencial,0,29639,0.01289,0.02669,0.04416,0.06147,0.0524,0.05014,0.0526,0.08435,0.06093,0.05176,0.09403,0.05142,0.05968,0.08533,0.08347,0.04848,0.03863,0.02757,0.014
2026-03-14,A,La Estrella,Sábado,Sábado,Residencial,0,21375,0.01249,0.03359,0.03846,0.04931,0.06283,0.04837,0.06512,0.06054,0.0655,0.06685,0.06835,0.07097,0.05993,0.0814,0.07448,0.05665,0.0363,0.02994,0.0189
2026-03-14,A,Madera,Sábado,Sábado,Residencial,0,11501,0.01356,0.02635,0.02904,0.05739,0.05539,0.05426,0.07208,0.06869,0.06399,0.05591,0.07756,0.07373,0.05443,0.07591,0.06234,0.05773,0.04921,0.03226,0.02017
2026-03-14,A,Niquía,Sábado,Sábado,Residencial,0,35598,0.01396,0.03003,0.04599,0.05273,0.05245,0.04902,0.06481,0.06925,0.05635,0.06079,0.08975,0.07228,0.05419,0.07048,0.0654,0.05439,0.03997,0.04233,0.01584
2026-03-14,A,Parque Berrío,Sábado,Sábado,Centro_Empleo,0,36328,0.01415,0.02632,0.04327,0.04724,0.05266,0.05142,0.05115,0.06282,0.06576,0.06634,0.08643,0.06378,0.06609,0.06794,0.07471,0.05899,0.04553,0.0351,0.02031
2026-03-14,A,Poblado,Sábado,Sábado,Centro_Empleo,0,35463,0.01692,0.03361,0.052,0.04785,0.06113,0.07253,0.05555,0.06305,0.06384,0.07794,0.06483,0.05826,0.07038,0.05406,0.07126,0.05513,0.03773,0.02879,0.01514
2026-03-14,A,Prado,Sábado,Sábado,Centro_Empleo,0,19046,0.01313,0.02935,0.04269,0.05172,0.07582,0.07403,0.05796,0.06012,0.07545,0.0598,0.04374,0.05749,0.05466,0.06878,0.08621,0.05182,0.03597,0.04101,0.02027
2026-03-14,A,Sabaneta,Sábado,Sábado,Residencial,0,17118,0.01192,0.02471,0.04154,0.0496,0.0444,0.05117,0.07775,0.06543,0.08073,0.06473,0.07606,0.06292,0.06122,0.10071,0.05351,0.04703,0.03785,0.03534,0.01338
2026-03-14,A,San Antonio,Sábado,Sábado,Centro_Empleo,0,55755,0.01333,0.02683,0.04724,0.04965,0.05228,0.05515,0.06322,0.07443,0.06756,0.05356,0.07908,0.0598,0.06098,0.06425,0.08166,0.05756,0.03759,0.04014,0.01569
2026-03-14,A,Tricentenario,Sábado,Sábado,Residencial,0,9794,0.01338,0.03135,0.0438,0.05217,0.05748,0.07025,0.08403,0.05575,0.05432,0.06923,0.06912,0.06351,0.05983,0.08699,0.05105,0.04503,0.03655,0.03686,0.0193
2026-03-14,A,Universidad,Sábado,Sábado,Mixta,0,21391,0.01524,0.02627,0.05362,0.04352,0.04651,0.07447,0.06905,0.07938,0.05357,0.06428,0.0654,0.06849,0.05554,0.07466,0.0662,0.05353,0.0396,0.03614,0.01454
2026-03-14,B,Cisneros,Sábado,Sábado,Centro_Empleo,0,15391,0.01663,0.0254,0.04197,0.03716,0.0666,0.05711,0.05503,0.07095,0.07063,0.05237,0.08265,0.05536,0.07446,0.07803,0.0881,0.03846,0.04048,0.03184,0.01676
2026-03-14,B,Estadio,Sábado,Sábado,Mixta,0,18453,0.01246,0.02758,0.03734,0.0705,0.05137,0.05473,0.05766,0.05956,0.07538,0.06232,0.06292,0.06758,0.05864,0.09196,0.08362,0.04763,0.044,0.02157,0.01317
2026-03-14,B,Floresta,Sábado,Sábado,Residencial,0,15478,0.01434,0.03237,0.03566,0.03553,0.06209,0.0754,0.05957,0.05479,0.06228,0.07146,0.07701,0.06306,0.07708,0.08761,0.0659,0.04283,0.03353,0.03217,0.01731
2026-03-14,B,San Antonio,Sábado,Sábado,Centro_Empleo,0,32403,0.01744,0.03299,0.03929,0.06219,0.0491,0.05592,0.06577,0.05496,0.07598,0.07737,0.05861,0.05429,0.05385,0.09289,0.07709,0.04163,0.0337,0.04098,0.01596
2026-03-14,B,San Javier,Sábado,Sábado,Residencial,0,30175,0.01097,0.02797,0.04172,0.04706,0.06277,0.05412,0.06061,0.07705,0.06469,0.08209,0.07201,0.06376,0.05594,0.07244,0.05862,0.04935,0.04756,0.03311,0.01816
2026-03-14,B,Santa Lucía,Sábado,Sábado,Residencial,0,14518,0.01543,0.02307,0.04277,0.05097,0.04691,0.06895,0.06785,0.08073,0.07604,0.06089,0.06365,0.05462,0.06365,0.08197,0.06502,0.04718,0.04023,0.03361,0.01646
2026-03-14,B,Suramericana,Sábado,Sábado,Mixta,0,12678,0.01199,0.03131,0.04046,0.07004,0.07478,0.04417,0.06807,0.05742,0.06381,0.07052,0.07091,0.05088,0.05214,0.09607,0.05529,0.04961,0.03526,0.03668,0.02059
2026-03-15,A,Acevedo,Domingo,Domingo_Festivo,Residencial,0,17078,0.0,0.01839,0.02963,0.04152,0.05118,0.06962,0.06441,0.06494,0.05528,0.08953,0.07027,0.05937,0.07805,0.09515,0.07284,0.0695,0.03982,0.03051,0.0
2026-03-15,A,Aguacatala,Domingo,Domingo_Festivo,Mixta,0,10238,0.0,0.01983,0.02999,0.05655,0.06163,0.05411,0.0842,0.09621,0.07072,0.07638,0.05323,0.05548,0.05538,0.08771,0.05714,0.06505,0.0462,0.03018,0.0
2026-03-15,A,Alpujarra,Domingo,Domingo_Festivo,Centro_Empleo,0,12616,0.0,0.02243,0.03559,0.04304,0.06769,0.05453,0.06198,0.06801,0.07205,0.07506,0.06056,0.05778,0.09226,0.08893,0.07205,0.06381,0.03947,0.02473,0.0
2026-03-15,A,Ayurá,Domingo,Domingo_Festivo,Mixta,0,9470,0.0,0.01605,0.04034,0.05459,0.05576,0.05723,0.08258,0.0641,0.04963,0.07645,0.05692,0.06674,0.08933,0.09102,0.06336,0.06473,0.04203,0.02914,0.0
2026-03-15,A,Bello,Domingo,Domingo_Festivo,Residencial,0,13467,0.0,0.02072,0.03245,0.04381,0.05547,0.06267,0.07448,0.10099,0.06839,0.06824,0.08406,0.06527,0.07448,0.06007,0.06854,0.05398,0.04337,0.02302,0.0
2026-03-15,A,Caribe,Domingo,Domingo_Festivo,Mixta,0,10792,0.0,0.02113,0.04818,0.04642,0.05448,0.07218,0.06774,0.06597,0.07292,0.06764,0.07802,0.08293,0.06394,0.08469,0.04948,0.06588,0.04049,0.01788,0.0
2026-03-15,A,Envigado,Domingo,Domingo_Festivo,Residencial,0,13481,0.0,0.01803,0.03449,0.04747,0.05341,0.06713,0.0655,0.07084,0.06157,0.08568,0.06713,0.04814,0.07737,0.08026,0.09354,0.05578,0.04562,0.02804,0.0
2026-03-15,A,Exposiciones,Domingo,Domingo_Festivo,Centro_Empleo,0,11412,0.0,0.01928,0.02725,0.04329,0.06765,0.07177,0.08482,0.09061,0.05994,0.05205,0.06677,0.06274,0.09324,0.08219,0.06029,0.04758,0.04557,0.02497,0.0
2026-03-15,A,Hospital,Domingo,Domingo_Festivo,Centro_Empleo,0,15462,0.0,0.01947,0.02736,0.04598,0.06836,0.0529,0.06448,0.08252,0.08738,0.05446,0.07211,0.06099,0.06797,0.09966,0.0736,0.06545,0.03544,0.02186,0.0
2026-03-15,A,Industriales,Domingo,Domingo_Festivo,Centro_Empleo,0,16692,0.0,0.0145,0.03463,0.04014,0.06422,0.05739,0.05679,0.06338,0.0677,0.08058,0.05955,0.10574,0.08112,0.09502,0.0689,0.0387,0.04212,0.02954,0.0
2026-03-15,A,Itagüí,Domingo,Domingo_Festivo,Residencial,0,18347,0.0,0.01428,0.03401,0.0405,0.06786,0.07004,0.07026,0.07162,0.08416,0.06361,0.06399,0.07004,0.06306,0.08955,0.06633,0.06993,0.04279,0.01799,0.0
2026-03-15,A,La Estrella,Domingo,Domingo_Festivo,Residencial,0,12560,0.0,0.01943,0.02946,0.04467,0.05414,0.06346,0.06393,0.07548,0.08838,0.06998,0.07022,0.06322,0.06648,0.09538,0.06863,0.06393,0.03965,0.02357,0.0
2026-03-15,A,Madera,Domingo,Domingo_Festivo,Residencial,0,6975,0.0,0.02165,0.03011,0.04487,0.05448,0.05434,0.07799,0.06853,0.07484,0.0833,0.06767,0.07541,0.08072,0.07054,0.08416,0.05247,0.03312,0.02581,0.0
2026-03-15,A,Niquía,Domingo,Domingo_Festivo,Residencial,0,20473,0.0,0.01592,0.03243,0.03756,0.05378,0.0612,0.05847,0.06814,0.07395,0.09569,0.06643,0.07322,0.0802,0.08709,0.05329,0.05466,0.06716,0.02081,0.0
2026-03-15,A,Parque Berrío,Domingo,Domingo_Festivo,Centro_Empleo,0,22452,0.0,0.01621,0.03332,0.03568,0.05786,0.05175,0.0657,0.05688,0.07385,0.06681,0.07532,0.07394,0.08783,0.0763,0.08498,0.06703,0.05162,0.02494,0.0
2026-03-15,A,Poblado,Domingo,Domingo_Festivo,Centro_Empleo,0,20489,0.0,0.01908,0.03133,0.04207,0.06672,0.07585,0.07189,0.08707,0.06462,0.0675,0.06062,0.0714,0.06701,0.07711,0.06296,0.06516,0.04383,0.02577,0.0
2026-03-15,A,Prado,Domingo,Domingo_Festivo,Centro_Empleo,0,11654,0.0,0.01999,0.0502,0.04393,0.05354,0.0623,0.06847,0.07088,0.07062,0.07448,0.07474,0.07062,0.07174,0.07551,0.07723,0.05715,0.03235,0.02626,0.0
2026-03-15,A,Sabaneta,Domingo,Domingo_Festivo,Residencial,0,10884,0.0,0.01985,0.03216,0.04631,0.06431,0.07736,0.07065,0.06092,0.07846,0.04824,0.05889,0.07828,0.08627,0.08287,0.07323,0.05356,0.04015,0.02848,0.0
2026-03-15,A,San Antonio,Domingo,Domingo_Festivo,Centro_Empleo,0,32349,0.0,0.02136,0.02495,0.05617,0.05017,0.06649,0.08671,0.07654,0.0656,0.06801,0.05484,0.08897,0.06606,0.0818,0.06989,0.05691,0.0417,0.02383,0.0
2026-03-15,A,Tricentenario,Domingo,Domingo_Festivo,Residencial,0,5917,0.0,0.0191,0.03093,0.048,0.07216,0.06439,0.06186,0.0889,0.06709,0.06135,0.06693,0.07504,0.08062,0.06929,0.07791,0.05172,0.0365,0.02822,0.0
2026-03-15,A,Universidad,Domingo,Domingo_Festivo,Mixta,0,12567,0.0,0.01989,0.02809,0.04957,0.05403,0.06135,0.06,0.0678,0.06374,0.05936,0.0849,0.08307,0.0814,0.08912,0.06987,0.06143,0.03859,0.02777,0.0
2026-03-15,B,Cisneros,Domingo,Domingo_Festivo,Centro_Empleo,0,9374,0.0,0.01846,0.03488,0.04288,0.05302,0.05579,0.0847,0.06454,0.07414,0.05483,0.07542,0.07691,0.07563,0.08278,0.07884,0.07179,0.0352,0.02016,0.0
2026-03-15,B,Estadio,Domingo,Domingo_Festivo,Mixta,1,12886,0.0,0.01653,0.03337,0.03702,0.04974,0.04423,0.061,0.05921,0.05013,0.05308,0.06216,0.04804,0.06007,0.11827,0.10469,0.0835,0.06689,0.05207,0.0
2026-03-15,B,Floresta,Domingo,Domingo_Festivo,Residencial,0,9801,0.0,0.01735,0.03479,0.04418,0.05479,0.0652,0.07448,0.07214,0.08366,0.0551,0.06938,0.06805,0.08652,0.09887,0.07142,0.04653,0.03632,0.02122,0.0
2026-03-15,B,San Antonio,Domingo,Domingo_Festivo,Centro_Empleo,0,20493,0.0,0.01425,0.03338,0.04143,0.05831,0.08022,0.07349,0.06773,0.08622,0.06905,0.06275,0.06524,0.06856,0.08427,0.05475,0.06339,0.04982,0.02713,0.0
2026-03-15,B,San Javier,Domingo,Domingo_Festivo,Residencial,0,18203,0.0,0.01687,0.0328,0.04032,0.04818,0.0534,0.07444,0.06686,0.10564,0.06384,0.06856,0.06949,0.09141,0.07285,0.06664,0.06406,0.03895,0.02571,0.0
2026-03-15,B,Santa Lucía,Domingo,Domingo_Festivo,Residencial,0,8459,0.0,0.01714,0.03334,0.04941,0.05332,0.0454,0.05698,0.06786,0.07495,0.0785,0.05757,0.06632,0.07991,0.0954,0.07861,0.07755,0.03712,0.03062,0.0
2026-03-15,B,Suramericana,Domingo,Domingo_Festivo,Mixta,1,8928,0.0,0.01602,0.02744,0.03528,0.04335,0.06351,0.06362,0.06239,0.05791,0.0606,0.0578,0.0476,0.05466,0.12511,0.08692,0.09297,0.07056,0.03427,0.0
2026-03-16,A,Acevedo,Lunes,Laboral,Residencial,0,28266,0.02922,0.09793,0.11303,0.1131,0.07072,0.04451,0.04076,0.04808,0.04603,0.04741,0.04023,0.04475,0.03952,0.06846,0.04589,0.0426,0.02554,0.02905,0.0132
2026-03-16,A,Aguacatala,Lunes,Laboral,Mixta,0,19357,0.01741,0.04593,0.06685,0.08028,0.07785,0.0512,0.04045,0.03771,0.03663,0.05936,0.06902,0.04226,0.06881,0.08199,0.0934,0.05244,0.04045,0.02444,0.01354
2026-03-16,A,Alpujarra,Lunes,Laboral,Centro_Empleo,0,23926,0.00761,0.02207,0.02993,0.04426,0.04811,0.04305,0.04489,0.04769,0.07206,0.05404,0.05128,0.0634,0.08493,0.11093,0.08259,0.07143,0.0629,0.03808,0.02077
2026-03-16,A,Ayurá,Lunes,Laboral,Mixta,0,18949,0.0161,0.04734,0.07963,0.09811,0.05525,0.04375,0.03309,0.04538,0.04755,0.04591,0.04391,0.06871,0.06766,0.07668,0.08016,0.05599,0.05056,0.03346,0.01077
2026-03-16,A,Bello,Lunes,Laboral,Residencial,0,23724,0.02672,0.07798,0.11486,0.11739,0.08666,0.05227,0.04139,0.05185,0.0451,0.04763,0.03747,0.03966,0.0478,0.04902,0.05585,0.04017,0.03423,0.02449,0.00944
2026-03-16,A,Caribe,Lunes,Laboral,Mixta,0,21620,0.01952,0.0463,0.06795,0.0889,0.05005,0.03289,0.04783,0.04158,0.07017,0.04181,0.05435,0.06031,0.0642,0.10472,0.05786,0.06272,0.04154,0.03168,0.01563
2026-03-16,A,Envigado,Lunes,Laboral,Residencial,0,24933,0.02908,0.07973,0.15221,0.1056,0.08832,0.05884,0.05487,0.03614,0.03943,0.044,0.05054,0.04107,0.04287,0.04793,0.05246,0.02286,0.02326,0.02162,0.00918
2026-03-16,A,Exposiciones,Lunes,Laboral,Centro_Empleo,0,21918,0.00652,0.01866,0.03093,0.05776,0.0501,0.04832,0.04366,0.04882,0.06118,0.04845,0.04622,0.05174,0.0751,0.09595,0.10722,0.07697,0.06429,0.04905,0.01907
2026-03-16,A,Hospital,Lunes,Laboral,Centro_Empleo,0,28328,0.00537,0.02185,0.03463,0.05355,0.05443,0.05323,0.03541,0.03749,0.06361,0.04663,0.05228,0.06538,0.09623,0.12193,0.09281,0.07381,0.04564,0.03085,0.01486
2026-03-16,A,Industriales,Lunes,Laboral,Centro_Empleo,0,30956,0.00562,0.02458,0.03941,0.05841,0.03382,0.03463,0.04074,0.04949,0.05673,0.06212,0.06348,0.06587,0.06202,0.115,0.08719,0.08454,0.05595,0.04529,0.01512
2026-03-16,A,Itagüí,Lunes,Laboral,Residencial,0,30429,0.03812,0.09879,0.11768,0.12961,0.08045,0.0581,0.03973,0.02718,0.05235,0.04193,0.05409,0.03595,0.03283,0.04749,0.05764,0.03152,0.02711,0.01735,0.01206
2026-03-16,A,La Estrella,Lunes,Laboral,Residencial,0,22143,0.02556,0.0775,0.13449,0.11471,0.0705,0.04245,0.03943,0.0355,0.05022,0.05126,0.0415,0.04159,0.06264,0.04597,0.05767,0.04281,0.0303,0.02646,0.00944
2026-03-16,A,Madera,Lunes,Laboral,Residencial,0,12243,0.03177,0.08658,0.12489,0.08846,0.09075,0.06093,0.04917,0.03586,0.05399,0.0455,0.04174,0.04264,0.04443,0.05513,0.05448,0.03806,0.02565,0.02107,0.0089
2026-03-16,A,Niquía,Lunes,Laboral,Residencial,0,37290,0.0318,0.09153,0.11403,0.12765,0.06726,0.06133,0.04272,0.03599,0.0506,0.04092,0.03878,0.03577,0.05117,0.05393,0.04808,0.03733,0.03449,0.02473,0.01191
2026-03-16,A,Parque Berrío,Lunes,Laboral,Centro_Empleo,0,39567,0.0073,0.01933,0.04183,0.05841,0.04077,0.04211,0.03887,0.0416,0.05353,0.04938,0.05613,0.06326,0.11108,0.1012,0.08871,0.08573,0.04658,0.03965,0.01453
2026-03-16,A,Poblado,Lunes,Laboral,Centro_Empleo,0,38615,0.00932,0.02186,0.03465,0.06275,0.0463,0.04938,0.04296,0.04224,0.06194,0.05692,0.05749,0.06161,0.0822,0.11742,0.09724,0.05832,0.04309,0.03866,0.01564
2026-03-16,A,Prado,Lunes,Laboral,Centro_Empleo,0,22240,0.00751,0.01403,0.02936,0.04523,0.04474,0.05081,0.06061,0.05171,0.0692,0.0509,0.05243,0.07662,0.0634,0.11565,0.10049,0.06048,0.05288,0.03368,0.02028
2026-03-16,A,Sabaneta,Lunes,Laboral,Residencial,0,18262,0.0299,0.07212,0.13914,0.11034,0.06292,0.05251,0.0455,0.04589,0.05372,0.04622,0.04309,0.05333,0.03669,0.05197,0.04118,0.04364,0.03428,0.02535,0.01221
2026-03-16,A,San Antonio,Lunes,Laboral,Centro_Empleo,0,61283,0.00615,0.01738,0.03038,0.04786,0.03769,0.03918,0.04128,0.04863,0.04793,0.0538,0.07175,0.05083,0.07893,0.11191,0.11073,0.09598,0.05501,0.03446,0.02012
2026-03-16,A,Tricentenario,Lunes,Laboral,Residencial,0,10532,0.03105,0.0696,0.0996,0.09656,0.0676,0.06191,0.04083,0.04899,0.06419,0.05488,0.03855,0.04833,0.05146,0.0508,0.04842,0.03883,0.03418,0.04244,0.01177
2026-03-16,A,Universidad,Lunes,Laboral,Mixta,0,23516,0.01803,0.04639,0.07408,0.09428,0.07386,0.04695,0.04104,0.03525,0.0543,0.04303,0.05048,0.07918,0.06115,0.07518,0.07922,0.04418,0.04099,0.0296,0.0128
2026-03-16,B,Cisneros,Lunes,Laboral,Centro_Empleo,0,16819,0.00815,0.02253,0.03359,0.04923,0.03984,0.04055,0.03906,0.05666,0.04673,0.05874,0.06124,0.05868,0.09834,0.08794,0.11689,0.08586,0.04495,0.03312,0.0179
2026-03-16,B,Estadio,Lunes,Laboral,Mixta,0,20028,0.01623,0.05807,0.0695,0.07994,0.074,0.05073,0.03954,0.04898,0.05562,0.05482,0.04149,0.05772,0.06156,0.0743,0.06601,0.05957,0.04559,0.03166,0.01468
2026-03-16,B,Floresta,Lunes,Laboral,Residencial,0,17477,0.03799,0.08239,0.10059,0.14819,0.06105,0.06735,0.03742,0.04068,0.05327,0.04051,0.03044,0.04869,0.04852,0.06603,0.04846,0.0337,0.02214,0.02014,0.01242
2026-03-16,B,San Antonio,Lunes,Laboral,Centro_Empleo,0,39882,0.00582,0.01933,0.02944,0.03453,0.04348,0.04604,0.03821,0.04754,0.05985,0.04925,0.06053,0.07439,0.06497,0.15604,0.08084,0.0767,0.07013,0.0251,0.01783
2026-03-16,B,San Javier,Lunes,Laboral,Residencial,0,30106,0.03308,0.05969,0.10988,0.11642,0.07371,0.06583,0.037,0.03773,0.03817,0.04962,0.04766,0.04893,0.06245,0.05766,0.05643,0.03577,0.02923,0.02704,0.01368
2026-03-16,B,Santa Lucía,Lunes,Laboral,Residencial,0,15345,0.03591,0.06575,0.10779,0.09912,0.08615,0.05611,0.04914,0.05233,0.06295,0.05207,0.05051,0.05181,0.04053,0.04132,0.05279,0.03728,0.02672,0.01994,0.0118
2026-03-16,B,Suramericana,Lunes,Laboral,Mixta,0,13055,0.02152,0.03815,0.06656,0.09697,0.05745,0.04872,0.03608,0.04757,0.0622,0.04872,0.04473,0.05684,0.06182,0.08257,0.07928,0.06365,0.03677,0.03133,0.01907
2026-03-17,A,Acevedo,Martes,Laboral,Residencial,0,27814,0.03624,0.08043,0.10232,0.1066,0.07795,0.05472,0.033,0.04149,0.0361,0.04782,0.05655,0.0366,0.06288,0.05684,0.06651,0.03631,0.02696,0.02765,0.01302
2026-03-17,A,Aguacatala,Martes,Laboral,Mixta,0,19426,0.01549,0.0435,0.08133,0.06409,0.05091,0.04561,0.04906,0.03907,0.04896,0.04628,0.05771,0.04916,0.07052,0.1218,0.08669,0.05987,0.03222,0.02105,0.01668
2026-03-17,A,Alpujarra,Martes,Laboral,Centro_Empleo,0,24012,0.00641,0.01374,0.02719,0.05656,0.06855,0.03769,0.03448,0.04598,0.06172,0.05218,0.0683,0.04519,0.07409,0.1236,0.1079,0.07346,0.0578,0.03169,0.01345
2026-03-17,A,Ayurá,Martes,Laboral,Mixta,0,17729,0.02143,0.04631,0.07778,0.09267,0.05652,0.03424,0.0401,0.04383,0.04264,0.05082,0.04563,0.04744,0.06774,0.10796,0.08568,0.06182,0.0427,0.02121,0.01348
2026-03-17,A,Bello,Martes,Laboral,Residencial,0,23224,0.03204,0.06498,0.13938,0.10709,0.07311,0.06403,0.04599,0.03346,0.0462,0.03587,0.05189,0.04534,0.04844,0.05305,0.04922,0.0431,0.03832,0.01813,0.01038
2026-03-17,A,Caribe,Martes,Laboral,Mixta,0,22355,0.01695,0.05261,0.05914,0.07439,0.06831,0.03503,0.0352,0.03301,0.05963,0.05135,0.04013,0.05037,0.08383,0.12315,0.07636,0.06987,0.03646,0.01821,0.01601
2026-03-17,A,Envigado,Martes,Laboral,Residencial,0,23229,0.02708,0.10104,0.09531,0.10883,0.08192,0.05562,0.04933,0.04133,0.04946,0.05502,0.03973,0.04202,0.04322,0.05932,0.04456,0.04469,0.02531,0.02066,0.01554
2026-03-17,A,Exposiciones,Martes,Laboral,Centro_Empleo,0,23335,0.00471,0.01993,0.03253,0.04303,0.04611,0.04165,0.05357,0.0372,0.06535,0.05798,0.05734,0.0552,0.08198,0.11305,0.11056,0.07804,0.05584,0.03013,0.01581
2026-03-17,A,Hospital,Martes,Laboral,Centro_Empleo,0,27352,0.00603,0.0132,0.03364,0.04764,0.04395,0.0404,0.04069,0.03232,0.057,0.04764,0.07038,0.05451,0.08994,0.13308,0.11546,0.07616,0.04947,0.03199,0.01653
2026-03-17,A,Industriales,Martes,Laboral,Centro_Empleo,0,30623,0.00663,0.01401,0.02792,0.04255,0.05362,0.04314,0.05757,0.04327,0.05457,0.05698,0.04533,0.07827,0.08379,0.10988,0.0961,0.08046,0.048,0.04105,0.01685
2026-03-17,A,Itagüí,Martes,Laboral,Residencial,0,28132,0.03729,0.08858,0.10913,0.09964,0.08147,0.04884,0.04248,0.0396,0.04522,0.04753,0.05208,0.0444,0.05076,0.06711,0.0482,0.0439,0.02407,0.01781,0.01191
2026-03-17,A,La Estrella,Martes,Laboral,Residencial,0,22373,0.03643,0.08881,0.14442,0.09404,0.06856,0.04009,0.04988,0.04161,0.04769,0.04456,0.04689,0.04032,0.04519,0.05243,0.05306,0.0421,0.03276,0.02141,0.00974
2026-03-17,A,Madera,Martes,Laboral,Residencial,0,11585,0.03142,0.07156,0.11057,0.10462,0.07605,0.04817,0.04109,0.0435,0.06224,0.05421,0.03979,0.03729,0.05032,0.07251,0.06016,0.03599,0.0259,0.02339,0.01122
2026-03-17,A,Niquía,Martes,Laboral,Residencial,0,35214,0.03232,0.08599,0.10399,0.11228,0.07815,0.05026,0.04583,0.03729,0.04382,0.04782,0.05387,0.04711,0.05839,0.05787,0.05467,0.03215,0.02448,0.0215,0.01221
2026-03-17,A,Parque Berrío,Martes,Laboral,Centro_Empleo,0,43860,0.00675,0.01737,0.03497,0.03789,0.04731,0.03746,0.03561,0.05764,0.05759,0.0497,0.0598,0.07018,0.07606,0.13003,0.13035,0.05762,0.04843,0.03479,0.01044
2026-03-17,A,Poblado,Martes,Laboral,Centro_Empleo,0,40043,0.00642,0.01828,0.02804,0.04705,0.04345,0.03354,0.05284,0.05187,0.05182,0.05614,0.07514,0.04775,0.0706,0.12646,0.10127,0.08164,0.05609,0.03324,0.01836
2026-03-17,A,Prado,Martes,Laboral,Centro_Empleo,0,21583,0.00778,0.01761,0.03234,0.03813,0.05027,0.03827,0.04286,0.03276,0.06083,0.05931,0.05782,0.06056,0.09081,0.1327,0.10754,0.09267,0.02924,0.03243,0.01608
2026-03-17,A,Sabaneta,Martes,Laboral,Residencial,0,16744,0.0476,0.07656,0.1069,0.10983,0.08325,0.05393,0.03494,0.04073,0.04425,0.05303,0.04736,0.05232,0.05226,0.05297,0.04676,0.04204,0.02855,0.01702,0.00968
2026-03-17,A,San Antonio,Martes,Laboral,Centro_Empleo,0,63975,0.00533,0.01522,0.02667,0.04527,0.04569,0.0458,0.04413,0.05829,0.06864,0.05799,0.05846,0.05597,0.06639,0.11789,0.12808,0.06981,0.04664,0.02896,0.01477
2026-03-17,A,Tricentenario,Martes,Laboral,Residencial,0,10486,0.03538,0.07572,0.11606,0.09899,0.07639,0.05531,0.04568,0.04682,0.0452,0.05169,0.04568,0.04139,0.06952,0.05607,0.04396,0.04043,0.02603,0.0185,0.01116
2026-03-17,A,Universidad,Martes,Laboral,Mixta,0,23757,0.01625,0.04315,0.0857,0.07977,0.04887,0.04121,0.0434,0.03721,0.04445,0.04306,0.05931,0.05135,0.07901,0.08612,0.09635,0.06638,0.03569,0.02694,0.01578
2026-03-17,B,Cisneros,Martes,Laboral,Centro_Empleo,0,16938,0.00543,0.01653,0.03029,0.04298,0.04316,0.04629,0.04009,0.04741,0.06335,0.06784,0.04977,0.05544,0.06447,0.14665,0.09694,0.07474,0.06051,0.03052,0.01759
2026-03-17,B,Estadio,Martes,Laboral,Mixta,0,19173,0.01606,0.03661,0.0593,0.08392,0.06791,0.03907,0.0376,0.0436,0.06108,0.05023,0.05278,0.04485,0.07187,0.08465,0.0918,0.07411,0.04506,0.02639,0.01309
2026-03-17,B,Floresta,Martes,Laboral,Residencial,0,15242,0.0311,0.08431,0.11121,0.1013,0.06771,0.05793,0.03372,0.05452,0.04638,0.05085,0.04579,0.03372,0.0559,0.08411,0.04205,0.0374,0.02677,0.02368,0.01155
2026-03-17,B,San Antonio,Martes,Laboral,Centro_Empleo,0,39532,0.00627,0.01437,0.03617,0.05284,0.04103,0.0402,0.04675,0.03749,0.04654,0.05226,0.05929,0.06691,0.0965,0.13247,0.08226,0.09005,0.04867,0.03498,0.01492
2026-03-17,B,San Javier,Martes,Laboral,Residencial,0,30287,0.03163,0.0625,0.12699,0.11375,0.06887,0.03625,0.03358,0.04903,0.04877,0.04626,0.03913,0.05814,0.04903,0.07686,0.06798,0.0348,0.02942,0.01413,0.01288
2026-03-17,B,Santa Lucía,Martes,Laboral,Residencial,0,15190,0.02824,0.08071,0.11409,0.10639,0.08058,0.05313,0.04661,0.03943,0.04937,0.04042,0.04628,0.04213,0.05346,0.05616,0.05056,0.0528,0.02791,0.02166,0.01007
2026-03-17,B,Suramericana,Martes,Laboral,Mixta,0,12888,0.01521,0.03841,0.08644,0.08597,0.07278,0.04136,0.03724,0.04345,0.05214,0.06479,0.04593,0.05137,0.05819,0.08845,0.07115,0.06735,0.03755,0.02925,0.01296
2026-03-18,A,Acevedo,Miércoles,Laboral,Residencial,0,29452,0.02611,0.08159,0.13724,0.13459,0.06845,0.06845,0.04472,0.03324,0.03698,0.04227,0.03545,0.04163,0.05823,0.0472,0.0404,0.04509,0.03304,0.01501,0.01032
2026-03-18,A,Aguacatala,Miércoles,Laboral,Mixta,0,19579,0.01537,0.04469,0.0712,0.08075,0.06512,0.03948,0.05261,0.04913,0.06379,0.04459,0.04423,0.05388,0.0691,0.07283,0.06185,0.0667,0.05368,0.03294,0.01803
2026-03-18,A,Alpujarra,Miércoles,Laboral,Centro_Empleo,0,24067,0.00719,0.01853,0.03428,0.04637,0.04458,0.03856,0.04068,0.05086,0.04828,0.0573,0.0386,0.04903,0.0937,0.14169,0.11048,0.09582,0.04213,0.02809,0.01384
2026-03-18,A,Ayurá,Miércoles,Laboral,Mixta,0,15725,0.02277,0.04776,0.07587,0.08146,0.05113,0.06156,0.04471,0.04655,0.05024,0.0613,0.04197,0.05577,0.0882,0.07021,0.05316,0.06525,0.04445,0.02671,0.01094
2026-03-18,A,Bello,Miércoles,Laboral,Residencial,0,23266,0.0306,0.09507,0.10685,0.10066,0.0796,0.05192,0.05149,0.05674,0.04143,0.06013,0.03748,0.04014,0.05222,0.05923,0.041,0.03645,0.02467,0.02304,0.01126
2026-03-18,A,Caribe,Miércoles,Laboral,Mixta,0,20105,0.01482,0.04904,0.06804,0.06511,0.05148,0.04859,0.03651,0.05665,0.05068,0.06093,0.05158,0.04725,0.07943,0.07799,0.08635,0.06292,0.05128,0.02666,0.01467
2026-03-18,A,Envigado,Miércoles,Laboral,Residencial,0,23408,0.03238,0.06173,0.13179,0.11782,0.08096,0.05272,0.03785,0.04477,0.05938,0.04293,0.04174,0.05895,0.05844,0.03969,0.0452,0.0355,0.02713,0.01927,0.01175
2026-03-18,A,Exposiciones,Miércoles,Laboral,Centro_Empleo,0,20131,0.00661,0.02215,0.03785,0.06001,0.05469,0.0459,0.03805,0.03865,0.04252,0.0681,0.04183,0.06716,0.08802,0.10864,0.10591,0.0683,0.05211,0.03686,0.01664
2026-03-18,A,Hospital,Miércoles,Laboral,Centro_Empleo,0,26054,0.00844,0.01842,0.03554,0.03838,0.03884,0.05243,0.03604,0.05642,0.07239,0.05093,0.04951,0.06352,0.07734,0.10359,0.1133,0.08763,0.04644,0.03378,0.01704
2026-03-18,A,Industriales,Miércoles,Laboral,Centro_Empleo,0,32226,0.00577,0.0144,0.0319,0.05157,0.03628,0.05852,0.04949,0.0355,0.05415,0.04807,0.05821,0.04912,0.11205,0.10706,0.11242,0.08332,0.04838,0.02709,0.01669
2026-03-18,A,Itagüí,Miércoles,Laboral,Residencial,0,27508,0.03068,0.06849,0.1188,0.12734,0.06096,0.05053,0.0574,0.0478,0.03508,0.04639,0.03712,0.0546,0.06645,0.04497,0.0433,0.04442,0.03515,0.01872,0.01178
2026-03-18,A,La Estrella,Miércoles,Laboral,Residencial,0,20027,0.03171,0.06097,0.09607,0.10785,0.06641,0.06526,0.04329,0.03775,0.04644,0.05587,0.06696,0.04988,0.06481,0.06391,0.0368,0.04494,0.0345,0.01333,0.01323
2026-03-18,A,Madera,Miércoles,Laboral,Residencial,0,11468,0.0395,0.07246,0.11868,0.11545,0.0981,0.0654,0.032,0.03375,0.0538,0.05136,0.03026,0.03985,0.05127,0.04752,0.04822,0.03941,0.0334,0.0191,0.01046
2026-03-18,A,Niquía,Miércoles,Laboral,Residencial,0,35783,0.03859,0.08742,0.13171,0.0709,0.07889,0.04882,0.05176,0.03661,0.04429,0.04734,0.0505,0.05204,0.04801,0.0548,0.04958,0.04206,0.03365,0.01956,0.01347
2026-03-18,A,Parque Berrío,Miércoles,Laboral,Centro_Empleo,0,42874,0.00609,0.01577,0.02955,0.05241,0.04795,0.05516,0.03632,0.04177,0.07018,0.0693,0.04917,0.0612,0.07564,0.10218,0.11105,0.06251,0.05822,0.04189,0.01364
2026-03-18,A,Poblado,Miércoles,Laboral,Centro_Empleo,0,39662,0.00547,0.01815,0.03096,0.05464,0.04738,0.03782,0.04495,0.04962,0.06918,0.06381,0.05088,0.06202,0.07957,0.09957,0.09157,0.09904,0.04644,0.03189,0.01702
2026-03-18,A,Prado,Miércoles,Laboral,Centro_Empleo,0,21738,0.00598,0.01605,0.03869,0.05672,0.05051,0.05732,0.03827,0.03349,0.04494,0.07931,0.061,0.07912,0.08322,0.09555,0.10084,0.07112,0.0466,0.02664,0.01463
2026-03-18,A,Sabaneta,Miércoles,Laboral,Residencial,0,17723,0.03899,0.06997,0.09242,0.10342,0.07273,0.07166,0.0382,0.04034,0.04378,0.06635,0.04977,0.04971,0.05524,0.0523,0.04909,0.04305,0.02629,0.02415,0.01253
2026-03-18,A,San Antonio,Miércoles,Laboral,Centro_Empleo,0,63061,0.00609,0.01381,0.03885,0.04559,0.0415,0.04721,0.03649,0.03267,0.06741,0.05446,0.05398,0.06543,0.08977,0.098,0.11137,0.08573,0.0542,0.04353,0.01392
2026-03-18,A,Tricentenario,Miércoles,Laboral,Residencial,0,10381,0.02639,0.06599,0.11001,0.13727,0.07321,0.06743,0.04094,0.04537,0.03998,0.05028,0.03535,0.03795,0.08689,0.04344,0.04942,0.03564,0.02659,0.01676,0.01108
2026-03-18,A,Universidad,Miércoles,Laboral,Mixta,0,21705,0.01829,0.04547,0.09592,0.07791,0.06224,0.03548,0.04552,0.04695,0.06971,0.05851,0.03156,0.0563,0.06865,0.08049,0.0669,0.06266,0.04405,0.02069,0.01272
2026-03-18,B,Cisneros,Miércoles,Laboral,Centro_Empleo,0,15951,0.00846,0.01806,0.03755,0.06044,0.03956,0.04037,0.03555,0.0516,0.07279,0.04608,0.04671,0.04827,0.10451,0.10244,0.11479,0.07335,0.04796,0.03398,0.01755
2026-03-18,B,Estadio,Miércoles,Laboral,Mixta,1,24078,0.01088,0.0245,0.06055,0.05893,0.04863,0.038,0.03568,0.03568,0.03339,0.04743,0.02749,0.03406,0.07181,0.11816,0.12385,0.10109,0.07372,0.04419,0.01196
2026-03-18,B,Floresta,Miércoles,Laboral,Residencial,0,16221,0.04562,0.0598,0.118,0.11208,0.06954,0.07022,0.05037,0.03489,0.05265,0.05333,0.05252,0.03822,0.04032,0.05974,0.04254,0.04272,0.02472,0.02435,0.00838
2026-03-18,B,San Antonio,Miércoles,Laboral,Centro_Empleo,0,37198,0.00831,0.02073,0.02589,0.05468,0.05718,0.04436,0.04672,0.05022,0.06979,0.06299,0.05412,0.07648,0.08076,0.08339,0.09514,0.08229,0.0392,0.0314,0.01637
2026-03-18,B,San Javier,Miércoles,Laboral,Residencial,0,32461,0.02954,0.10117,0.11823,0.09417,0.07668,0.05046,0.04843,0.03983,0.03447,0.05117,0.03771,0.04797,0.05613,0.04837,0.04843,0.05105,0.02893,0.02668,0.0106
2026-03-18,B,Santa Lucía,Miércoles,Laboral,Residencial,0,14199,0.03564,0.0817,0.11902,0.11895,0.06134,0.06768,0.04944,0.04796,0.05191,0.03895,0.03704,0.04705,0.04698,0.04944,0.04782,0.04381,0.02521,0.01711,0.01296
2026-03-18,B,Suramericana,Miércoles,Laboral,Mixta,1,16858,0.01441,0.03553,0.05101,0.05736,0.03897,0.05428,0.03808,0.04081,0.04941,0.04235,0.02539,0.05084,0.06863,0.10488,0.10452,0.10511,0.07136,0.03684,0.0102
2026-03-19,A,Acevedo,Jueves,Laboral,Residencial,0,28258,0.06073,0.06292,0.13048,0.11091,0.06002,0.04608,0.04802,0.05864,0.04873,0.04997,0.05107,0.05287,0.04997,0.03903,0.03762,0.03408,0.02771,0.01752,0.01366
2026-03-19,A,Aguacatala,Jueves,Laboral,Mixta,0,18011,0.02054,0.04109,0.06052,0.07862,0.06207,0.04397,0.03887,0.0367,0.06218,0.05663,0.06296,0.05058,0.07457,0.08201,0.10588,0.05541,0.03148,0.02271,0.01321
2026-03-19,A,Alpujarra,Jueves,Laboral,Centro_Empleo,0,24027,0.00832,0.01636,0.03796,0.04224,0.04657,0.03804,0.03563,0.04815,0.05423,0.05436,0.04324,0.07113,0.09785,0.1299,0.10667,0.08141,0.0437,0.03171,0.01253
2026-03-19,A,Ayurá,Jueves,Laboral,Mixta,0,18646,0.02231,0.04146,0.08629,0.06607,0.07578,0.0318,0.03379,0.05299,0.04199,0.05138,0.07026,0.04446,0.0554,0.09267,0.08946,0.06033,0.03534,0.03116,0.01705
2026-03-19,A,Bello,Jueves,Laboral,Residencial,0,23414,0.03494,0.07551,0.1286,0.11959,0.06611,0.03985,0.03912,0.04403,0.05744,0.04544,0.05065,0.03361,0.05048,0.05544,0.05685,0.03664,0.03109,0.02635,0.00824
2026-03-19,A,Caribe,Jueves,Laboral,Mixta,0,22241,0.0165,0.03318,0.06281,0.06794,0.06866,0.05899,0.05216,0.04883,0.05499,0.05939,0.04253,0.05989,0.0522,0.10229,0.09186,0.05476,0.04096,0.01816,0.01389
2026-03-19,A,Envigado,Jueves,Laboral,Residencial,0,23485,0.02887,0.06012,0.09619,0.13285,0.07562,0.06285,0.03862,0.03981,0.05655,0.04394,0.04279,0.05135,0.05629,0.05616,0.06012,0.03607,0.03283,0.01776,0.0112
2026-03-19,A,Exposiciones,Jueves,Laboral,Centro_Empleo,0,23056,0.00546,0.01327,0.03201,0.04159,0.04858,0.04268,0.03639,0.04428,0.0677,0.04736,0.04602,0.07647,0.09733,0.11268,0.09984,0.10002,0.03418,0.03891,0.01522
2026-03-19,A,Hospital,Jueves,Laboral,Centro_Empleo,0,28956,0.00787,0.0172,0.03157,0.03695,0.05294,0.03564,0.03965,0.04099,0.06741,0.04821,0.04856,0.06006,0.09328,0.12906,0.13393,0.06835,0.047,0.02487,0.01647
2026-03-19,A,Industriales,Jueves,Laboral,Centro_Empleo,0,30407,0.00668,0.01858,0.03407,0.04062,0.04838,0.03394,0.03578,0.04647,0.06482,0.04943,0.05196,0.0615,0.10221,0.10731,0.12083,0.06827,0.05614,0.03697,0.01605
2026-03-19,A,Itagüí,Jueves,Laboral,Residencial,0,28748,0.05228,0.06233,0.10613,0.11472,0.08543,0.04098,0.04898,0.03416,0.05058,0.05406,0.04439,0.03771,0.05903,0.05472,0.04432,0.04853,0.02327,0.02675,0.01165
2026-03-19,A,La Estrella,Jueves,Laboral,Residencial,0,23045,0.02482,0.07698,0.16659,0.10098,0.0716,0.05029,0.0381,0.0302,0.0565,0.03984,0.0391,0.04396,0.05832,0.05711,0.04808,0.04244,0.02274,0.02039,0.01198
2026-03-19,A,Madera,Jueves,Laboral,Residencial,0,12020,0.04276,0.06606,0.12338,0.07729,0.05275,0.05707,0.0391,0.03869,0.04834,0.053,0.06448,0.03777,0.06389,0.06364,0.07055,0.04268,0.02238,0.02338,0.01281
2026-03-19,A,Niquía,Jueves,Laboral,Residencial,0,38761,0.03235,0.08573,0.10887,0.09156,0.10658,0.07025,0.03398,0.03367,0.07041,0.04159,0.04231,0.04143,0.04502,0.0565,0.05346,0.03372,0.01992,0.02175,0.01091
2026-03-19,A,Parque Berrío,Jueves,Laboral,Centro_Empleo,0,43807,0.00594,0.01981,0.03463,0.04269,0.04282,0.03529,0.03296,0.04182,0.0544,0.05727,0.06241,0.0725,0.08665,0.11966,0.11441,0.07866,0.04844,0.03203,0.0176
2026-03-19,A,Poblado,Jueves,Laboral,Centro_Empleo,0,41375,0.00781,0.016,0.03947,0.04408,0.03978,0.03053,0.04442,0.05716,0.04771,0.04923,0.05885,0.07669,0.10779,0.10789,0.09979,0.0765,0.04433,0.03529,0.01668
2026-03-19,A,Prado,Jueves,Laboral,Centro_Empleo,0,22277,0.00624,0.01225,0.03079,0.04516,0.04924,0.03995,0.03367,0.04821,0.05445,0.03407,0.04951,0.05849,0.09665,0.1502,0.11151,0.08619,0.05149,0.02841,0.01351
2026-03-19,A,Sabaneta,Jueves,Laboral,Residencial,0,17835,0.0286,0.06605,0.1192,0.09986,0.07979,0.04329,0.04272,0.03695,0.06796,0.04542,0.05063,0.05052,0.06515,0.05203,0.03992,0.03398,0.03914,0.02742,0.01138
2026-03-19,A,San Antonio,Jueves,Laboral,Centro_Empleo,0,64833,0.00679,0.01567,0.03827,0.03811,0.04046,0.04368,0.03355,0.05374,0.06341,0.05048,0.05997,0.06636,0.09395,0.11144,0.10279,0.0805,0.05616,0.03271,0.01197
2026-03-19,A,Tricentenario,Jueves,Laboral,Residencial,0,10179,0.0445,0.0783,0.12447,0.09529,0.08478,0.05305,0.03566,0.05128,0.05266,0.04038,0.04244,0.04588,0.04932,0.05993,0.04942,0.02928,0.03124,0.02151,0.01061
2026-03-19,A,Universidad,Jueves,Laboral,Mixta,0,22533,0.02161,0.0359,0.08459,0.08277,0.05552,0.03803,0.03763,0.0486,0.05543,0.04877,0.05117,0.04252,0.07336,0.12377,0.08419,0.04203,0.03031,0.03018,0.01362
2026-03-19,B,Cisneros,Jueves,Laboral,Centro_Empleo,0,15985,0.00644,0.02002,0.04254,0.04398,0.05374,0.03397,0.03597,0.04016,0.04942,0.04529,0.05393,0.06637,0.09972,0.10491,0.14457,0.07651,0.04266,0.02152,0.01827
2026-03-19,B,Estadio,Jueves,Laboral,Mixta,0,18795,0.01931,0.04757,0.06284,0.06512,0.06353,0.03756,0.05097,0.05172,0.04884,0.04017,0.05177,0.06119,0.05954,0.10716,0.09375,0.05901,0.03847,0.03086,0.01064
2026-03-19,B,Floresta,Jueves,Laboral,Residencial,0,16272,0.03509,0.077,0.13213,0.11234,0.06643,0.04923,0.04492,0.03749,0.06791,0.03952,0.04523,0.04204,0.05408,0.04621,0.05758,0.0389,0.02212,0.02329,0.00848
2026-03-19,B,San Antonio,Jueves,Laboral,Centro_Empleo,0,42997,0.00644,0.01451,0.04182,0.03421,0.04056,0.03323,0.02926,0.04403,0.04852,0.04858,0.04775,0.06682,0.10338,0.11878,0.15692,0.07138,0.04412,0.03389,0.01582
2026-03-19,B,San Javier,Jueves,Laboral,Residencial,0,31707,0.03794,0.08165,0.11231,0.09887,0.07181,0.05548,0.0375,0.03356,0.05841,0.04415,0.04573,0.04907,0.05242,0.07118,0.06235,0.03264,0.02526,0.01908,0.01057
2026-03-19,B,Santa Lucía,Jueves,Laboral,Residencial,0,14234,0.03316,0.07075,0.12365,0.10222,0.08128,0.05115,0.03794,0.04145,0.0536,0.03541,0.05845,0.04349,0.04946,0.06414,0.04377,0.03716,0.04398,0.01756,0.01138
2026-03-19,B,Suramericana,Jueves,Laboral,Mixta,0,13757,0.01948,0.03809,0.08781,0.07502,0.06818,0.05932,0.0346,0.04485,0.05248,0.05248,0.03438,0.05728,0.07596,0.07669,0.08105,0.06164,0.03962,0.02544,0.01563
2026-03-20,A,Acevedo,Viernes,Laboral,Residencial,0,29502,0.03383,0.07766,0.10789,0.13809,0.06779,0.0525,0.04261,0.04176,0.05257,0.0481,0.0403,0.04637,0.04976,0.04962,0.05227,0.03427,0.03098,0.02047,0.01315
2026-03-20,A,Aguacatala,Viernes,Laboral,Mixta,0,19713,0.0137,0.04246,0.06661,0.0731,0.06914,0.06377,0.04768,0.03967,0.05017,0.04403,0.04976,0.05053,0.05773,0.08365,0.09527,0.05666,0.05184,0.02983,0.01441
2026-03-20,A,Alpujarra,Viernes,Laboral,Centro_Empleo,0,27822,0.00625,0.01423,0.02243,0.05568,0.05294,0.04396,0.0326,0.04029,0.06373,0.07821,0.08004,0.05851,0.08673,0.09115,0.11056,0.06736,0.0418,0.03645,0.01707
2026-03-20,A,Ayurá,Viernes,Laboral,Mixta,0,16773,0.01932,0.03661,0.08341,0.06993,0.07578,0.04215,0.04764,0.04877,0.04454,0.05205,0.04263,0.06194,0.06385,0.08502,0.0979,0.05014,0.03816,0.02629,0.01389
2026-03-20,A,Bello,Viernes,Laboral,Residencial,0,23007,0.0376,0.08215,0.09606,0.08958,0.09415,0.04646,0.0432,0.05072,0.05168,0.0585,0.03812,0.0412,0.04781,0.03951,0.07185,0.04586,0.0293,0.02451,0.01174
2026-03-20,A,Caribe,Viernes,Laboral,Mixta,0,21217,0.0189,0.05062,0.07753,0.07173,0.06481,0.04209,0.04199,0.04501,0.04784,0.0617,0.05359,0.04897,0.06019,0.06811,0.088,0.06947,0.04346,0.02922,0.01678
2026-03-20,A,Envigado,Viernes,Laboral,Residencial,0,24766,0.03485,0.08431,0.12663,0.10922,0.06509,0.03864,0.04591,0.04716,0.05358,0.03517,0.04821,0.03468,0.04538,0.07539,0.06888,0.04046,0.01773,0.01886,0.00985
2026-03-20,A,Exposiciones,Viernes,Laboral,Centro_Empleo,0,23942,0.00493,0.016,0.0383,0.04264,0.05455,0.02606,0.03951,0.04615,0.06971,0.06436,0.04878,0.06658,0.07831,0.11733,0.10292,0.08475,0.05618,0.02581,0.01712
2026-03-20,A,Hospital,Viernes,Laboral,Centro_Empleo,0,29424,0.007,0.01611,0.03354,0.04755,0.0677,0.03871,0.04129,0.03599,0.04955,0.06688,0.06257,0.06539,0.08823,0.10607,0.09649,0.08344,0.04537,0.02797,0.02015
2026-03-20,A,Industriales,Viernes,Laboral,Centro_Empleo,0,31580,0.00611,0.0184,0.03597,0.04623,0.0494,0.05484,0.0488,0.05203,0.06387,0.06286,0.04965,0.07283,0.07897,0.09183,0.11878,0.05355,0.04867,0.03094,0.01628
2026-03-20,A,Itagüí,Viernes,Laboral,Residencial,0,29783,0.03586,0.07346,0.11144,0.12964,0.09468,0.05282,0.05305,0.03623,0.0364,0.06964,0.03633,0.03274,0.03693,0.04959,0.05379,0.03442,0.03364,0.01709,0.01226
2026-03-20,A,La Estrella,Viernes,Laboral,Residencial,0,21684,0.0338,0.10021,0.09246,0.10971,0.09297,0.05871,0.03307,0.04197,0.05234,0.05751,0.03985,0.03745,0.04187,0.04745,0.05377,0.0511,0.0255,0.0208,0.00945
2026-03-20,A,Madera,Viernes,Laboral,Residencial,0,11916,0.02786,0.06596,0.12857,0.10138,0.07435,0.05514,0.03139,0.03466,0.05253,0.05665,0.04213,0.06059,0.07116,0.05128,0.04767,0.04003,0.02325,0.0245,0.01091
2026-03-20,A,Niquía,Viernes,Laboral,Residencial,0,37044,0.03328,0.06584,0.11249,0.11702,0.09076,0.04273,0.05018,0.04379,0.05121,0.047,0.04727,0.04827,0.04333,0.06131,0.03696,0.04284,0.03096,0.02268,0.01209
2026-03-20,A,Parque Berrío,Viernes,Laboral,Centro_Empleo,0,43469,0.00646,0.01387,0.03766,0.04762,0.04578,0.05004,0.03531,0.05284,0.05176,0.05374,0.06745,0.049,0.08397,0.11696,0.11686,0.07472,0.04767,0.03301,0.01528
2026-03-20,A,Poblado,Viernes,Laboral,Centro_Empleo,0,43496,0.00515,0.01559,0.02697,0.05582,0.06024,0.04439,0.0463,0.03929,0.07792,0.06203,0.04651,0.06118,0.08771,0.10371,0.0858,0.073,0.0595,0.0306,0.0183
2026-03-20,A,Prado,Viernes,Laboral,Centro_Empleo,0,21943,0.00551,0.01618,0.03728,0.0432,0.07159,0.04206,0.03687,0.03682,0.05432,0.05605,0.05865,0.04721,0.09192,0.13161,0.09447,0.07241,0.05687,0.03058,0.01636
2026-03-20,A,Sabaneta,Viernes,Laboral,Residencial,0,19252,0.03459,0.08586,0.12773,0.1096,0.07781,0.04763,0.04332,0.03942,0.04031,0.06358,0.04664,0.04337,0.05111,0.05314,0.04389,0.03423,0.02571,0.02135,0.0107
2026-03-20,A,San Antonio,Viernes,Laboral,Centro_Empleo,0,64328,0.00748,0.01483,0.03327,0.04925,0.05483,0.04605,0.04909,0.05119,0.05802,0.06088,0.05206,0.05236,0.09068,0.08897,0.12082,0.07225,0.04595,0.03611,0.01593
2026-03-20,A,Tricentenario,Viernes,Laboral,Residencial,0,10696,0.0273,0.07694,0.12313,0.09377,0.08891,0.03815,0.03833,0.04862,0.06526,0.03833,0.04712,0.03693,0.05105,0.05591,0.06834,0.03927,0.02749,0.0215,0.01365
2026-03-20,A,Universidad,Viernes,Laboral,Mixta,0,23674,0.01339,0.04144,0.05677,0.07996,0.09158,0.05284,0.03848,0.05525,0.04173,0.05035,0.04786,0.04558,0.07747,0.07814,0.08718,0.06239,0.04262,0.02509,0.01187
2026-03-20,B,Cisneros,Viernes,Laboral,Centro_Empleo,0,17401,0.00569,0.01425,0.02442,0.04534,0.05264,0.04103,0.04615,0.04569,0.05655,0.04799,0.0612,0.05925,0.07649,0.12315,0.12425,0.08155,0.04689,0.03201,0.01546
2026-03-20,B,Estadio,Viernes,Laboral,Mixta,0,20385,0.01398,0.04494,0.0909,0.06377,0.07525,0.04611,0.0522,0.05141,0.05107,0.0725,0.04224,0.05695,0.06073,0.08035,0.07118,0.05406,0.03929,0.02203,0.01104
2026-03-20,B,Floresta,Viernes,Laboral,Residencial,0,17447,0.02809,0.07388,0.1551,0.10105,0.07927,0.04826,0.04064,0.03783,0.05296,0.05204,0.04488,0.04648,0.04511,0.04385,0.03995,0.04918,0.03313,0.01765,0.01066
2026-03-20,B,San Antonio,Viernes,Laboral,Centro_Empleo,0,39357,0.00645,0.01634,0.02874,0.0372,0.05361,0.04937,0.03882,0.04922,0.05793,0.06243,0.05333,0.05824,0.07437,0.11825,0.112,0.08799,0.04617,0.03046,0.01908
2026-03-20,B,San Javier,Viernes,Laboral,Residencial,0,31845,0.03291,0.08852,0.10868,0.09911,0.09339,0.06149,0.05097,0.03391,0.04224,0.04117,0.04233,0.04029,0.04475,0.06149,0.06594,0.0342,0.02741,0.02129,0.00992
2026-03-20,B,Santa Lucía,Viernes,Laboral,Residencial,0,14850,0.03455,0.07609,0.12613,0.10572,0.07017,0.05091,0.04438,0.04195,0.04889,0.0501,0.04404,0.04512,0.04828,0.04512,0.05677,0.04397,0.03145,0.02586,0.01051
2026-03-20,B,Suramericana,Viernes,Laboral,Mixta,0,14858,0.01609,0.04281,0.06374,0.09288,0.06677,0.04139,0.03749,0.03951,0.04314,0.05391,0.0706,0.05162,0.06475,0.07464,0.08682,0.05903,0.04691,0.03049,0.01743
2026-03-21,A,Acevedo,Sábado,Sábado,Residencial,0,29807,0.0103,0.02144,0.04257,0.04308,0.05666,0.05338,0.06498,0.06559,0.09179,0.07736,0.08065,0.05385,0.08102,0.05989,0.07025,0.04683,0.03241,0.02728,0.02067
2026-03-21,A,Aguacatala,Sábado,Sábado,Mixta,0,16999,0.01477,0.03147,0.03947,0.05289,0.06695,0.07236,0.06124,0.07159,0.06906,0.05418,0.06859,0.06371,0.06065,0.07312,0.06712,0.04541,0.03565,0.033,0.01877
2026-03-21,A,Alpujarra,Sábado,Sábado,Centro_Empleo,0,20855,0.01817,0.0292,0.04066,0.05064,0.05423,0.06507,0.04488,0.06492,0.08247,0.0609,0.05457,0.0724,0.05836,0.07614,0.05826,0.06905,0.04435,0.03155,0.02417
2026-03-21,A,Ayurá,Sábado,Sábado,Mixta,0,17255,0.01084,0.02347,0.03315,0.04231,0.05436,0.06091,0.0532,0.086,0.07331,0.07777,0.07279,0.06392,0.06885,0.0663,0.06317,0.05662,0.04462,0.03222,0.01617
2026-03-21,A,Bello,Sábado,Sábado,Residencial,0,24305,0.0135,0.03024,0.04044,0.04287,0.0553,0.05954,0.04871,0.06982,0.07961,0.05929,0.08027,0.07649,0.06085,0.07093,0.0532,0.05637,0.05106,0.03695,0.01456
2026-03-21,A,Caribe,Sábado,Sábado,Mixta,0,18833,0.01312,0.03812,0.04354,0.05719,0.05469,0.08066,0.04965,0.08283,0.08459,0.07158,0.07179,0.05166,0.05581,0.05427,0.06329,0.04965,0.03398,0.02549,0.01811
2026-03-21,A,Envigado,Sábado,Sábado,Residencial,0,23075,0.0179,0.03012,0.04862,0.05304,0.05816,0.05291,0.05434,0.0592,0.07298,0.07497,0.08442,0.05638,0.06631,0.07545,0.06778,0.05114,0.03562,0.02622,0.01443
2026-03-21,A,Exposiciones,Sábado,Sábado,Centro_Empleo,0,18441,0.01095,0.0327,0.03069,0.04777,0.04761,0.06692,0.0642,0.08329,0.09468,0.06648,0.05054,0.06317,0.07147,0.0609,0.06735,0.04425,0.04398,0.03129,0.02175
2026-03-21,A,Hospital,Sábado,Sábado,Centro_Empleo,0,24635,0.01356,0.02618,0.05025,0.03966,0.06056,0.06239,0.05224,0.07311,0.06462,0.05423,0.08492,0.05935,0.07372,0.07177,0.06272,0.05756,0.03694,0.03235,0.02387
2026-03-21,A,Industriales,Sábado,Sábado,Centro_Empleo,0,27781,0.01206,0.03121,0.05342,0.05554,0.06983,0.05785,0.07307,0.0487,0.07977,0.07473,0.07595,0.05662,0.06108,0.05842,0.06872,0.04712,0.03488,0.02509,0.01595
2026-03-21,A,Itagüí,Sábado,Sábado,Residencial,0,29812,0.01365,0.02512,0.03442,0.048,0.0533,0.06038,0.06095,0.07614,0.07792,0.06185,0.07239,0.06618,0.06712,0.07829,0.07467,0.04575,0.03535,0.03203,0.01647
2026-03-21,A,La Estrella,Sábado,Sábado,Residencial,0,20979,0.01797,0.02998,0.03785,0.04805,0.04895,0.05177,0.06035,0.06449,0.08966,0.07736,0.07522,0.05811,0.06945,0.07441,0.06383,0.04771,0.03451,0.03237,0.01797
2026-03-21,A,Madera,Sábado,Sábado,Residencial,0,11591,0.01242,0.02278,0.04892,0.04659,0.06203,0.05358,0.06488,0.07989,0.06911,0.0503,0.07152,0.07256,0.07092,0.07169,0.06816,0.03503,0.05375,0.02769,0.0182
2026-03-21,A,Niquía,Sábado,Sábado,Residencial,0,37091,0.01747,0.02313,0.04891,0.0444,0.07918,0.05384,0.06136,0.07382,0.07856,0.0615,0.07498,0.05508,0.06576,0.0656,0.07562,0.03847,0.03669,0.02898,0.01663
2026-03-21,A,Parque Berrío,Sábado,Sábado,Centro_Empleo,0,37357,0.01389,0.02203,0.03303,0.04588,0.05905,0.05292,0.05745,0.06569,0.07645,0.08296,0.06323,0.06296,0.05894,0.09645,0.05081,0.05223,0.05324,0.03691,0.01587
2026-03-21,A,Poblado,Sábado,Sábado,Centro_Empleo,0,35929,0.01216,0.02686,0.04537,0.05853,0.05102,0.06736,0.05244,0.06457,0.06719,0.07426,0.06443,0.08197,0.0644,0.0604,0.06727,0.04411,0.0454,0.0344,0.01787
2026-03-21,A,Prado,Sábado,Sábado,Centro_Empleo,0,19089,0.00995,0.02535,0.04123,0.04238,0.06669,0.05579,0.07193,0.05642,0.07182,0.057,0.0725,0.04594,0.07533,0.10383,0.06517,0.03976,0.0407,0.03808,0.02012
2026-03-21,A,Sabaneta,Sábado,Sábado,Residencial,0,17315,0.01392,0.03044,0.03656,0.05025,0.05048,0.0633,0.05071,0.08455,0.08357,0.05544,0.0935,0.05025,0.06595,0.07057,0.0622,0.04822,0.03379,0.0328,0.02351
2026-03-21,A,San Antonio,Sábado,Sábado,Centro_Empleo,0,52866,0.01642,0.02849,0.03263,0.05788,0.05251,0.0558,0.07899,0.08313,0.05803,0.06861,0.07003,0.06613,0.04631,0.06352,0.06728,0.05209,0.03934,0.04517,0.01763
2026-03-21,A,Tricentenario,Sábado,Sábado,Residencial,0,9694,0.01155,0.02744,0.04126,0.05096,0.0587,0.05993,0.05942,0.06581,0.09759,0.06623,0.06458,0.06107,0.06138,0.06571,0.05674,0.072,0.03631,0.02816,0.01516
2026-03-21,A,Universidad,Sábado,Sábado,Mixta,0,20948,0.01289,0.03771,0.04745,0.06726,0.05929,0.04449,0.06239,0.06626,0.06717,0.07328,0.07294,0.06936,0.05518,0.0464,0.06779,0.0527,0.0465,0.03327,0.01766
2026-03-21,B,Cisneros,Sábado,Sábado,Centro_Empleo,0,13653,0.01589,0.03377,0.04937,0.05706,0.06101,0.04578,0.06292,0.07779,0.08335,0.05625,0.07661,0.06028,0.05918,0.06409,0.06131,0.04548,0.02915,0.04014,0.02058
2026-03-21,B,Estadio,Sábado,Sábado,Mixta,1,23010,0.00869,0.01821,0.03751,0.04789,0.05263,0.0462,0.05406,0.05072,0.05663,0.07975,0.0608,0.04289,0.05458,0.11704,0.09622,0.07058,0.05272,0.0385,0.01439
2026-03-21,B,Floresta,Sábado,Sábado,Residencial,0,16247,0.01262,0.02659,0.04155,0.05441,0.05207,0.04795,0.06697,0.08512,0.08475,0.06481,0.04727,0.06789,0.07466,0.06881,0.05909,0.0453,0.04364,0.03459,0.02191
2026-03-21,B,San Antonio,Sábado,Sábado,Centro_Empleo,0,32914,0.01419,0.02874,0.04339,0.05988,0.07371,0.04645,0.06657,0.06827,0.0645,0.07128,0.07331,0.0522,0.06906,0.06307,0.07195,0.04855,0.03734,0.02874,0.01881
2026-03-21,B,San Javier,Sábado,Sábado,Residencial,0,30473,0.01555,0.02661,0.03839,0.06064,0.057,0.05986,0.0505,0.07019,0.09382,0.05677,0.07,0.06202,0.05549,0.07328,0.06711,0.05379,0.03564,0.03505,0.01828
2026-03-21,B,Santa Lucía,Sábado,Sábado,Residencial,0,14433,0.01968,0.02286,0.04961,0.04822,0.06049,0.06859,0.05259,0.07788,0.08827,0.05924,0.06402,0.07836,0.06845,0.05598,0.0521,0.05321,0.04233,0.02065,0.01746
2026-03-21,B,Suramericana,Sábado,Sábado,Mixta,1,15348,0.01049,0.01857,0.04216,0.05036,0.05564,0.04906,0.04385,0.04776,0.05981,0.05297,0.04776,0.06235,0.05636,0.09324,0.0804,0.07877,0.0604,0.06802,0.02202
2026-03-22,A,Acevedo,Domingo,Domingo_Festivo,Residencial,0,18050,0.0,0.0159,0.03335,0.0282,0.04382,0.0708,0.06787,0.09873,0.07767,0.06238,0.08765,0.05778,0.09645,0.06759,0.07662,0.04305,0.05202,0.02011,0.0
2026-03-22,A,Aguacatala,Domingo,Domingo_Festivo,Mixta,0,9873,0.0,0.0236,0.03505,0.05429,0.05135,0.05783,0.07799,0.09177,0.06178,0.05946,0.07313,0.07708,0.08538,0.08245,0.0551,0.04315,0.0469,0.0237,0.0
2026-03-22,A,Alpujarra,Domingo,Domingo_Festivo,Centro_Empleo,0,12758,0.0,0.01764,0.04178,0.03935,0.07164,0.07689,0.08912,0.07446,0.06278,0.07282,0.07023,0.06702,0.06647,0.07203,0.0707,0.03613,0.04742,0.02351,0.0
2026-03-22,A,Ayurá,Domingo,Domingo_Festivo,Mixta,0,9376,0.0,0.016,0.02592,0.0561,0.05663,0.06986,0.05994,0.06869,0.06826,0.07146,0.07946,0.07701,0.08148,0.0914,0.0561,0.04512,0.04458,0.032,0.0
2026-03-22,A,Bello,Domingo,Domingo_Festivo,Residencial,0,13550,0.0,0.01838,0.03232,0.0448,0.05358,0.06339,0.0679,0.07601,0.07277,0.06517,0.12561,0.04613,0.07601,0.07646,0.07461,0.05077,0.03587,0.02022,0.0
2026-03-22,A,Caribe,Domingo,Domingo_Festivo,Mixta,0,11116,0.0,0.02141,0.02582,0.03661,0.07107,0.07593,0.07359,0.07773,0.07251,0.05748,0.07629,0.06918,0.06423,0.08348,0.0636,0.05847,0.04876,0.02384,0.0
2026-03-22,A,Envigado,Domingo,Domingo_Festivo,Residencial,0,13674,0.0,0.01843,0.03627,0.05616,0.0588,0.07028,0.06816,0.06765,0.07459,0.05573,0.08469,0.05807,0.0803,0.07357,0.05982,0.05492,0.06055,0.02201,0.0
2026-03-22,A,Exposiciones,Domingo,Domingo_Festivo,Centro_Empleo,0,11617,0.0,0.01945,0.02298,0.05759,0.05044,0.05673,0.06895,0.08763,0.06379,0.0872,0.07954,0.06628,0.07282,0.08858,0.07997,0.04132,0.03908,0.01765,0.0
2026-03-22,A,Hospital,Domingo,Domingo_Festivo,Centro_Empleo,0,15105,0.0,0.02152,0.02344,0.05409,0.05548,0.05343,0.06157,0.07507,0.08461,0.09222,0.07799,0.06951,0.0858,0.0768,0.05521,0.04707,0.04416,0.02205,0.0
2026-03-22,A,Industriales,Domingo,Domingo_Festivo,Centro_Empleo,0,16063,0.0,0.02447,0.04414,0.03959,0.05902,0.07757,0.07738,0.06549,0.07502,0.06375,0.08747,0.06201,0.08566,0.06979,0.05161,0.0508,0.04339,0.02285,0.0
2026-03-22,A,Itagüí,Domingo,Domingo_Festivo,Residencial,0,19133,0.0,0.02028,0.02833,0.0461,0.0495,0.08342,0.09763,0.06126,0.0566,0.05781,0.08592,0.0726,0.06972,0.07657,0.07197,0.06246,0.03554,0.0243,0.0
2026-03-22,A,La Estrella,Domingo,Domingo_Festivo,Residencial,0,12033,0.0,0.02285,0.0246,0.04646,0.05219,0.08161,0.06358,0.05975,0.0723,0.0851,0.07737,0.08759,0.06731,0.062,0.06665,0.06216,0.04031,0.02817,0.0
2026-03-22,A,Madera,Domingo,Domingo_Festivo,Residencial,0,6391,0.0,0.02316,0.03583,0.04788,0.05993,0.06587,0.07432,0.04898,0.08481,0.06102,0.0726,0.07104,0.08653,0.07182,0.07464,0.05289,0.04256,0.02613,0.0
2026-03-22,A,Niquía,Domingo,Domingo_Festivo,Residencial,0,21121,0.0,0.01676,0.03153,0.04422,0.07064,0.06122,0.06363,0.0909,0.06572,0.05478,0.0758,0.07698,0.07339,0.06259,0.08494,0.05719,0.04422,0.02547,0.0
2026-03-22,A,Parque Berrío,Domingo,Domingo_Festivo,Centro_Empleo,0,21323,0.0,0.01927,0.03048,0.04446,0.06059,0.07485,0.08573,0.07105,0.07536,0.06856,0.07748,0.07128,0.08582,0.0605,0.05848,0.04577,0.04868,0.02162,0.0
2026-03-22,A,Poblado,Domingo,Domingo_Festivo,Centro_Empleo,0,20628,0.0,0.02099,0.03103,0.03156,0.05531,0.08018,0.05682,0.06622,0.07984,0.06307,0.06336,0.06215,0.06142,0.08018,0.08973,0.07795,0.05071,0.02947,0.0
2026-03-22,A,Prado,Domingo,Domingo_Festivo,Centro_Empleo,0,11829,0.0,0.01834,0.02874,0.04802,0.05563,0.08056,0.06805,0.07761,0.07921,0.07059,0.07499,0.06349,0.08682,0.07685,0.06171,0.05267,0.03576,0.02097,0.0
2026-03-22,A,Sabaneta,Domingo,Domingo_Festivo,Residencial,0,10214,0.0,0.01684,0.03182,0.05385,0.04788,0.05747,0.07392,0.07313,0.07881,0.06168,0.07656,0.08283,0.07431,0.05972,0.06981,0.0563,0.05502,0.03006,0.0
2026-03-22,A,San Antonio,Domingo,Domingo_Festivo,Centro_Empleo,0,32273,0.0,0.01363,0.03309,0.037,0.06687,0.05742,0.08214,0.05878,0.06237,0.06606,0.08921,0.07173,0.08859,0.07034,0.07526,0.05125,0.04732,0.02894,0.0
2026-03-22,A,Tricentenario,Domingo,Domingo_Festivo,Residencial,0,6426,0.0,0.01805,0.02661,0.04077,0.05602,0.07143,0.07781,0.07081,0.07563,0.08466,0.05867,0.08248,0.06645,0.08543,0.06054,0.05867,0.04233,0.02365,0.0
2026-03-22,A,Universidad,Domingo,Domingo_Festivo,Mixta,0,12832,0.0,0.01637,0.03125,0.05517,0.04169,0.06195,0.05502,0.08354,0.07988,0.06507,0.06211,0.06523,0.11479,0.08775,0.06359,0.05658,0.03935,0.02065,0.0
2026-03-22,B,Cisneros,Domingo,Domingo_Festivo,Centro_Empleo,0,8568,0.0,0.01996,0.03618,0.04482,0.04774,0.05287,0.06489,0.07586,0.07388,0.07435,0.08252,0.08065,0.08193,0.08602,0.05439,0.05019,0.05159,0.02218,0.0
2026-03-22,B,Estadio,Domingo,Domingo_Festivo,Mixta,0,10748,0.0,0.01582,0.03638,0.04187,0.05527,0.06103,0.09202,0.08355,0.06178,0.06848,0.0722,0.06708,0.08281,0.08383,0.0722,0.04699,0.03703,0.02168,0.0
2026-03-22,B,Floresta,Domingo,Domingo_Festivo,Residencial,0,9688,0.0,0.02426,0.03675,0.04222,0.061,0.05285,0.08,0.09383,0.06864,0.05687,0.07525,0.0609,0.07969,0.06709,0.07969,0.05873,0.03355,0.0287,0.0
2026-03-22,B,San Antonio,Domingo,Domingo_Festivo,Centro_Empleo,0,18481,0.0,0.02262,0.03414,0.03463,0.05362,0.06769,0.07895,0.07164,0.06969,0.06883,0.07299,0.08122,0.09274,0.05752,0.06298,0.05454,0.05422,0.02197,0.0
2026-03-22,B,San Javier,Domingo,Domingo_Festivo,Residencial,0,18464,0.0,0.01966,0.03954,0.03753,0.04853,0.07192,0.06461,0.08216,0.06391,0.09548,0.07052,0.09321,0.06055,0.07339,0.04398,0.0605,0.04907,0.02545,0.0
2026-03-22,B,Santa Lucía,Domingo,Domingo_Festivo,Residencial,0,8454,0.0,0.02129,0.02934,0.03915,0.04826,0.06766,0.07488,0.09321,0.07973,0.0666,0.08647,0.05903,0.08103,0.07121,0.07192,0.04317,0.04282,0.02425,0.0
2026-03-22,B,Suramericana,Domingo,Domingo_Festivo,Mixta,0,7739,0.0,0.0177,0.02998,0.04781,0.05543,0.06099,0.05918,0.07391,0.07585,0.05375,0.07327,0.09924,0.06797,0.08257,0.0774,0.0535,0.04187,0.02959,0.0
2026-03-23,A,Acevedo,Lunes,Domingo_Festivo,Residencial,0,18641,0.0,0.01813,0.03101,0.03589,0.05354,0.07247,0.08615,0.07677,0.07929,0.07097,0.06593,0.06276,0.08626,0.08438,0.05708,0.04823,0.04656,0.02457,0.0
2026-03-23,A,Aguacatala,Lunes,Domingo_Festivo,Mixta,0,10964,0.0,0.01578,0.03329,0.03648,0.05919,0.05472,0.06467,0.0757,0.05837,0.07762,0.07962,0.07087,0.07899,0.08172,0.06038,0.08966,0.03968,0.02326,0.0
2026-03-23,A,Alpujarra,Lunes,Domingo_Festivo,Centro_Empleo,0,13473,0.0,0.01729,0.02843,0.0504,0.05849,0.07341,0.0596,0.06546,0.06457,0.08461,0.05441,0.09196,0.07393,0.08305,0.07764,0.05767,0.03592,0.02316,0.0
2026-03-23,A,Ayurá,Lunes,Domingo_Festivo,Mixta,0,10249,0.0,0.02117,0.02956,0.03503,0.05981,0.07093,0.07123,0.05415,0.06635,0.07913,0.06332,0.07171,0.07991,0.08655,0.06654,0.05913,0.05454,0.03093,0.0
2026-03-23,A,Bello,Lunes,Domingo_Festivo,Residencial,0,14546,0.0,0.01595,0.03809,0.03726,0.05899,0.06751,0.05878,0.07074,0.05809,0.0638,0.05947,0.07026,0.11536,0.09164,0.06153,0.06153,0.04634,0.02468,0.0
2026-03-23,A,Caribe,Lunes,Domingo_Festivo,Mixta,0,11782,0.0,0.0174,0.02733,0.0421,0.0567,0.06425,0.08369,0.07681,0.07291,0.05814,0.07053,0.07494,0.07605,0.08768,0.05772,0.05687,0.05042,0.02648,0.0
2026-03-23,A,Envigado,Lunes,Domingo_Festivo,Residencial,0,14605,0.0,0.01835,0.03396,0.03109,0.05074,0.07093,0.06018,0.09017,0.09161,0.09935,0.06402,0.06683,0.06607,0.06772,0.04889,0.05683,0.0506,0.03266,0.0
2026-03-23,A,Exposiciones,Lunes,Domingo_Festivo,Centro_Empleo,0,11777,0.0,0.02004,0.03711,0.04381,0.05613,0.06232,0.07667,0.07192,0.06105,0.07549,0.06453,0.06436,0.07243,0.08627,0.0512,0.0872,0.04356,0.0259,0.0
2026-03-23,A,Hospital,Lunes,Domingo_Festivo,Centro_Empleo,0,15050,0.0,0.0194,0.02917,0.05449,0.04532,0.06352,0.07528,0.10618,0.06113,0.07355,0.05934,0.07887,0.06346,0.06631,0.07156,0.06,0.04365,0.02877,0.0
2026-03-23,A,Industriales,Lunes,Domingo_Festivo,Centro_Empleo,0,16312,0.0,0.01888,0.03163,0.03531,0.05554,0.05983,0.08711,0.07314,0.07982,0.05953,0.07105,0.06492,0.08601,0.07467,0.07363,0.0572,0.04745,0.02428,0.0
2026-03-23,A,Itagüí,Lunes,Domingo_Festivo,Residencial,0,18064,0.0,0.01434,0.0346,0.03648,0.05132,0.07424,0.05547,0.07961,0.06101,0.06693,0.0764,0.06466,0.10369,0.08044,0.08038,0.05049,0.04196,0.02801,0.0
2026-03-23,A,La Estrella,Lunes,Domingo_Festivo,Residencial,0,12240,0.0,0.01838,0.02361,0.04355,0.05645,0.06193,0.06855,0.05907,0.07786,0.0701,0.09052,0.06495,0.08644,0.10359,0.06144,0.05335,0.03905,0.02116,0.0
2026-03-23,A,Madera,Lunes,Domingo_Festivo,Residencial,0,7098,0.0,0.01944,0.02564,0.03888,0.04536,0.06565,0.08622,0.07439,0.05959,0.07382,0.07171,0.05424,0.08509,0.08608,0.07706,0.05945,0.05185,0.0255,0.0
2026-03-23,A,Niquía,Lunes,Domingo_Festivo,Residencial,0,22144,0.0,0.01689,0.02714,0.05893,0.07934,0.05636,0.05753,0.07293,0.06006,0.0891,0.06169,0.05857,0.06656,0.10481,0.06385,0.05604,0.04159,0.02859,0.0
2026-03-23,A,Parque Berrío,Lunes,Domingo_Festivo,Centro_Empleo,0,22341,0.0,0.02283,0.02457,0.03948,0.06392,0.07059,0.07721,0.07676,0.06781,0.08191,0.0671,0.082,0.07256,0.07359,0.06853,0.04901,0.03702,0.02511,0.0
2026-03-23,A,Poblado,Lunes,Domingo_Festivo,Centro_Empleo,0,22027,0.0,0.01448,0.03736,0.03319,0.04885,0.06973,0.06606,0.06211,0.07868,0.08499,0.0651,0.07877,0.05666,0.09529,0.06728,0.06192,0.05298,0.02656,0.0
2026-03-23,A,Prado,Lunes,Domingo_Festivo,Centro_Empleo,0,11769,0.0,0.01606,0.03467,0.04775,0.05591,0.05472,0.07222,0.06882,0.065,0.06203,0.0616,0.0893,0.0876,0.08641,0.06432,0.06143,0.04478,0.02736,0.0
2026-03-23,A,Sabaneta,Lunes,Domingo_Festivo,Residencial,0,11741,0.0,0.01823,0.03092,0.03509,0.06209,0.0609,0.07521,0.07282,0.07052,0.04608,0.08304,0.08441,0.07078,0.09122,0.06524,0.0689,0.03552,0.02904,0.0
2026-03-23,A,San Antonio,Lunes,Domingo_Festivo,Centro_Empleo,0,35293,0.0,0.01709,0.03043,0.03375,0.05307,0.06166,0.07112,0.07248,0.05392,0.08492,0.08682,0.07883,0.07324,0.07775,0.07361,0.06092,0.04338,0.02703,0.0
2026-03-23,A,Tricentenario,Lunes,Domingo_Festivo,Residencial,0,5985,0.0,0.02139,0.03559,0.05564,0.04996,0.06132,0.08488,0.07569,0.07552,0.06867,0.07519,0.07001,0.08204,0.06784,0.06383,0.05714,0.03475,0.02055,0.0
2026-03-23,A,Universidad,Lunes,Domingo_Festivo,Mixta,0,13195,0.0,0.01614,0.03433,0.03941,0.04274,0.06093,0.08162,0.06131,0.07094,0.06889,0.0673,0.09428,0.11072,0.06593,0.05472,0.06108,0.04433,0.02531,0.0
2026-03-23,B,Cisneros,Lunes,Domingo_Festivo,Centro_Empleo,0,9003,0.0,0.01577,0.03843,0.04199,0.05709,0.06609,0.06276,0.08853,0.07509,0.07731,0.0682,0.07775,0.08297,0.07731,0.05076,0.05543,0.04076,0.02377,0.0
2026-03-23,B,Estadio,Lunes,Domingo_Festivo,Mixta,0,11085,0.0,0.01362,0.03482,0.0461,0.04583,0.07442,0.07623,0.0839,0.07082,0.06071,0.06856,0.06189,0.11872,0.07424,0.05954,0.04691,0.04005,0.02364,0.0
2026-03-23,B,Floresta,Lunes,Domingo_Festivo,Residencial,0,9764,0.0,0.0168,0.03523,0.04271,0.05694,0.06903,0.06719,0.08501,0.07364,0.07395,0.06135,0.06585,0.09515,0.06893,0.05449,0.07374,0.04025,0.01977,0.0
2026-03-23,B,San Antonio,Lunes,Domingo_Festivo,Centro_Empleo,0,20710,0.0,0.01632,0.0268,0.05601,0.05336,0.06311,0.06847,0.0634,0.08411,0.08223,0.06688,0.07914,0.07634,0.07402,0.05968,0.06301,0.04708,0.02004,0.0
2026-03-23,B,San Javier,Lunes,Domingo_Festivo,Residencial,0,20107,0.0,0.02238,0.02183,0.04302,0.066,0.07813,0.06152,0.05968,0.0556,0.07848,0.06684,0.06411,0.1024,0.08708,0.0749,0.04675,0.03869,0.03258,0.0
2026-03-23,B,Santa Lucía,Lunes,Domingo_Festivo,Residencial,0,9154,0.0,0.01879,0.02753,0.04566,0.05189,0.05375,0.05659,0.07647,0.0697,0.06281,0.07778,0.07691,0.09723,0.08084,0.07243,0.05615,0.04632,0.02917,0.0
2026-03-23,B,Suramericana,Lunes,Domingo_Festivo,Mixta,0,8320,0.0,0.02079,0.02464,0.04062,0.04988,0.05481,0.07933,0.12764,0.06418,0.06118,0.06599,0.05409,0.09736,0.06899,0.05962,0.05505,0.05192,0.02392,0.0
2026-03-24,A,Acevedo,Martes,Laboral,Residencial,0,30009,0.03179,0.07538,0.14152,0.10234,0.07384,0.05465,0.04829,0.04085,0.04769,0.04225,0.04929,0.03939,0.05068,0.05818,0.05122,0.03959,0.02226,0.01793,0.01286
2026-03-24,A,Aguacatala,Martes,Laboral,Mixta,0,18563,0.02079,0.03819,0.11539,0.07337,0.06535,0.0438,0.04768,0.04531,0.05468,0.05231,0.05586,0.04369,0.06034,0.08183,0.07413,0.04687,0.04067,0.02543,0.01433
2026-03-24,A,Alpujarra,Martes,Laboral,Centro_Empleo,0,23991,0.00613,0.02372,0.03593,0.0516,0.04397,0.04498,0.03722,0.04039,0.05815,0.04806,0.05181,0.05377,0.07574,0.14543,0.10833,0.07778,0.05089,0.02968,0.01642
2026-03-24,A,Ayurá,Martes,Laboral,Mixta,0,17175,0.01776,0.04838,0.07598,0.07459,0.04675,0.0425,0.05898,0.0439,0.04856,0.0464,0.04838,0.0513,0.0584,0.11319,0.09048,0.05892,0.04279,0.02009,0.01263
2026-03-24,A,Bello,Martes,Laboral,Residencial,0,23087,0.03353,0.07987,0.11682,0.14051,0.06151,0.057,0.04526,0.03275,0.05159,0.03292,0.03838,0.05055,0.04284,0.05562,0.06207,0.04587,0.02326,0.01966,0.01001
2026-03-24,A,Caribe,Martes,Laboral,Mixta,0,19146,0.01771,0.04669,0.07192,0.10524,0.05249,0.05918,0.03891,0.04346,0.05944,0.04842,0.0363,0.04701,0.07093,0.0866,0.0844,0.05354,0.03912,0.02585,0.0128
2026-03-24,A,Envigado,Martes,Laboral,Residencial,0,23065,0.046,0.07106,0.10592,0.11407,0.07353,0.05489,0.05151,0.04531,0.04535,0.04284,0.03685,0.04895,0.05116,0.0754,0.04891,0.03607,0.02294,0.01782,0.01145
2026-03-24,A,Exposiciones,Martes,Laboral,Centro_Empleo,0,20825,0.00691,0.01681,0.02742,0.04975,0.03164,0.04495,0.03102,0.04701,0.06094,0.04706,0.04413,0.05609,0.09796,0.10939,0.15265,0.07933,0.0533,0.02603,0.01762
2026-03-24,A,Hospital,Martes,Laboral,Centro_Empleo,0,27650,0.00785,0.01454,0.02944,0.03924,0.04163,0.05013,0.03298,0.05635,0.05588,0.05027,0.05454,0.05298,0.07226,0.12293,0.1175,0.09996,0.05107,0.03642,0.01403
2026-03-24,A,Industriales,Martes,Laboral,Centro_Empleo,0,29837,0.00798,0.01619,0.03462,0.05004,0.03918,0.04461,0.03871,0.04618,0.05721,0.06163,0.05456,0.05869,0.07528,0.12692,0.12062,0.08251,0.03519,0.0376,0.01227
2026-03-24,A,Itagüí,Martes,Laboral,Residencial,0,26897,0.03677,0.07822,0.10187,0.12626,0.06774,0.06391,0.04636,0.03774,0.0445,0.04246,0.05086,0.04595,0.04395,0.05971,0.05729,0.03781,0.02866,0.01759,0.01234
2026-03-24,A,La Estrella,Martes,Laboral,Residencial,0,21429,0.03523,0.06776,0.10957,0.13398,0.07369,0.04195,0.05306,0.05115,0.05045,0.04625,0.04023,0.04083,0.04872,0.0574,0.05479,0.03313,0.03099,0.01918,0.01167
2026-03-24,A,Madera,Martes,Laboral,Residencial,0,10983,0.03032,0.07858,0.12274,0.12774,0.06392,0.05818,0.03724,0.04571,0.05135,0.05053,0.03688,0.0427,0.04571,0.05326,0.05499,0.03942,0.02832,0.02094,0.01147
2026-03-24,A,Niquía,Martes,Laboral,Residencial,0,35409,0.03852,0.08246,0.11525,0.12841,0.07552,0.05891,0.04044,0.03482,0.04442,0.04637,0.04377,0.04036,0.0407,0.05784,0.059,0.03544,0.02279,0.02338,0.01158
2026-03-24,A,Parque Berrío,Martes,Laboral,Centro_Empleo,0,46246,0.00534,0.01579,0.03231,0.05873,0.04193,0.03944,0.03484,0.0423,0.069,0.0597,0.05704,0.05408,0.07209,0.1351,0.1084,0.07819,0.04909,0.03222,0.01442
2026-03-24,A,Poblado,Martes,Laboral,Centro_Empleo,0,39872,0.00589,0.0156,0.031,0.05357,0.04484,0.03544,0.04447,0.03755,0.05447,0.04444,0.04116,0.05372,0.09102,0.11075,0.14995,0.08384,0.05493,0.02959,0.01776
2026-03-24,A,Prado,Martes,Laboral,Centro_Empleo,0,21508,0.0079,0.0173,0.03594,0.05868,0.05426,0.03059,0.03817,0.04059,0.05882,0.04082,0.0477,0.05007,0.09675,0.11679,0.12279,0.07755,0.05277,0.03966,0.01283
2026-03-24,A,Sabaneta,Martes,Laboral,Residencial,0,17896,0.03163,0.07186,0.1393,0.09969,0.07594,0.05158,0.0361,0.04129,0.04655,0.04174,0.05772,0.03761,0.05186,0.05934,0.06163,0.04454,0.02336,0.01889,0.00939
2026-03-24,A,San Antonio,Martes,Laboral,Centro_Empleo,0,61393,0.00622,0.01577,0.0314,0.04116,0.04644,0.03712,0.05572,0.05131,0.05778,0.05062,0.05317,0.05025,0.0675,0.08931,0.15714,0.08068,0.04603,0.0423,0.02008
2026-03-24,A,Tricentenario,Martes,Laboral,Residencial,0,9847,0.04692,0.07383,0.12227,0.12318,0.06977,0.0393,0.04367,0.04052,0.05047,0.04499,0.05047,0.03879,0.04996,0.05768,0.04235,0.04255,0.03067,0.02204,0.01056
2026-03-24,A,Universidad,Martes,Laboral,Mixta,0,23077,0.01603,0.04329,0.07965,0.06617,0.06942,0.0416,0.04875,0.04546,0.05573,0.04884,0.03575,0.03783,0.06972,0.1063,0.0991,0.05893,0.03969,0.02414,0.01361
2026-03-24,B,Cisneros,Martes,Laboral,Centro_Empleo,0,15798,0.00525,0.01614,0.03633,0.04994,0.05577,0.06393,0.03912,0.0576,0.04475,0.04994,0.04861,0.05925,0.08121,0.09166,0.10938,0.08761,0.04513,0.04165,0.01671
2026-03-24,B,Estadio,Martes,Laboral,Mixta,0,17901,0.01765,0.0472,0.08564,0.09055,0.07296,0.02933,0.03642,0.04899,0.05597,0.06072,0.03799,0.0462,0.0724,0.08743,0.09256,0.04458,0.03754,0.02156,0.0143
2026-03-24,B,Floresta,Martes,Laboral,Residencial,0,15960,0.02588,0.10094,0.11786,0.13728,0.07137,0.05219,0.03947,0.03935,0.04048,0.03659,0.04229,0.03778,0.06234,0.04066,0.05232,0.04311,0.02456,0.02268,0.01284
2026-03-24,B,San Antonio,Martes,Laboral,Centro_Empleo,0,38348,0.00618,0.01252,0.02889,0.04707,0.05002,0.04133,0.03849,0.0611,0.05518,0.05479,0.05301,0.04188,0.0678,0.15357,0.13677,0.0594,0.03953,0.03299,0.01948
2026-03-24,B,San Javier,Martes,Laboral,Residencial,0,30280,0.02437,0.08732,0.12289,0.09917,0.06328,0.05083,0.04769,0.03804,0.03847,0.04115,0.05598,0.04957,0.05142,0.07718,0.04604,0.04079,0.03283,0.02057,0.01242
2026-03-24,B,Santa Lucía,Martes,Laboral,Residencial,0,15111,0.0313,0.08596,0.11561,0.10112,0.11038,0.05711,0.03924,0.04242,0.05069,0.04513,0.0409,0.03825,0.04275,0.05274,0.04917,0.03699,0.03104,0.02018,0.009
2026-03-24,B,Suramericana,Martes,Laboral,Mixta,0,13835,0.01677,0.04951,0.08146,0.09143,0.0652,0.05566,0.03918,0.03643,0.05696,0.04973,0.04575,0.04749,0.06007,0.09787,0.07741,0.04568,0.04236,0.02884,0.01222
2026-03-25,A,Acevedo,Miércoles,Laboral,Residencial,0,29911,0.03962,0.08549,0.10675,0.09993,0.08529,0.05309,0.0448,0.04537,0.06656,0.05252,0.04162,0.05058,0.04453,0.05149,0.04915,0.03032,0.02073,0.0221,0.01006
2026-03-25,A,Aguacatala,Miércoles,Laboral,Mixta,0,19911,0.01456,0.044,0.07157,0.07996,0.05831,0.04008,0.0449,0.04485,0.04962,0.04621,0.05816,0.06368,0.09728,0.10015,0.0777,0.04867,0.02597,0.02506,0.00929
2026-03-25,A,Alpujarra,Miércoles,Laboral,Centro_Empleo,0,24530,0.0066,0.01398,0.02939,0.05218,0.04484,0.04998,0.0402,0.04407,0.05446,0.07737,0.04859,0.06779,0.08068,0.10934,0.12193,0.06274,0.04668,0.03649,0.01268
2026-03-25,A,Ayurá,Miércoles,Laboral,Mixta,0,17974,0.01625,0.0355,0.09174,0.07472,0.0607,0.03694,0.04874,0.04034,0.06081,0.06849,0.05998,0.05258,0.07811,0.08612,0.07639,0.04874,0.03544,0.01786,0.01057
2026-03-25,A,Bello,Miércoles,Laboral,Residencial,0,22738,0.03021,0.0723,0.12037,0.10379,0.10199,0.06192,0.04262,0.04068,0.0453,0.0354,0.04715,0.05854,0.038,0.05493,0.0413,0.0475,0.02639,0.01909,0.01253
2026-03-25,A,Caribe,Miércoles,Laboral,Mixta,0,19822,0.01937,0.04197,0.07628,0.08682,0.06402,0.04107,0.04788,0.04091,0.05792,0.05156,0.04197,0.06069,0.06225,0.07875,0.10181,0.05151,0.04137,0.0224,0.01145
2026-03-25,A,Envigado,Miércoles,Laboral,Residencial,0,24121,0.04179,0.08466,0.1199,0.10841,0.06807,0.04718,0.05456,0.04415,0.03495,0.04249,0.03897,0.0604,0.05419,0.03681,0.04925,0.04382,0.03167,0.02599,0.01273
2026-03-25,A,Exposiciones,Miércoles,Laboral,Centro_Empleo,0,22808,0.00649,0.0153,0.02911,0.0459,0.036,0.03323,0.05853,0.0363,0.06708,0.04595,0.06827,0.08501,0.06976,0.11443,0.11641,0.07098,0.05213,0.03367,0.01543
2026-03-25,A,Hospital,Miércoles,Laboral,Centro_Empleo,0,27646,0.00738,0.01668,0.03357,0.0565,0.04145,0.04666,0.04196,0.04825,0.05339,0.04775,0.04319,0.06189,0.07025,0.08558,0.13872,0.09564,0.05567,0.04062,0.01487
2026-03-25,A,Industriales,Miércoles,Laboral,Centro_Empleo,0,28503,0.00586,0.02007,0.02835,0.04477,0.04652,0.04315,0.03842,0.04656,0.05852,0.04764,0.05624,0.07227,0.0675,0.08725,0.14911,0.08529,0.04859,0.03908,0.01481
2026-03-25,A,Itagüí,Miércoles,Laboral,Residencial,0,29976,0.02736,0.0801,0.09871,0.11773,0.07459,0.07666,0.05154,0.03493,0.05021,0.0395,0.0431,0.05651,0.04063,0.05458,0.04494,0.04794,0.02629,0.02329,0.01141
2026-03-25,A,La Estrella,Miércoles,Laboral,Residencial,0,19873,0.02944,0.08187,0.12072,0.07367,0.08283,0.04418,0.05495,0.04317,0.05721,0.05913,0.04931,0.05596,0.04408,0.06079,0.04056,0.03829,0.02707,0.02637,0.01042
2026-03-25,A,Madera,Miércoles,Laboral,Residencial,0,11354,0.03056,0.06606,0.11115,0.10754,0.08605,0.06438,0.04254,0.03646,0.0421,0.04501,0.04782,0.04043,0.05936,0.05549,0.06183,0.03963,0.03197,0.02131,0.0103
2026-03-25,A,Niquía,Miércoles,Laboral,Residencial,0,36185,0.03322,0.07674,0.10474,0.11859,0.07929,0.0598,0.04684,0.03872,0.04463,0.04355,0.0619,0.04212,0.03595,0.05096,0.05262,0.04864,0.0262,0.02473,0.01075
2026-03-25,A,Parque Berrío,Miércoles,Laboral,Centro_Empleo,0,43489,0.00533,0.01688,0.03523,0.05739,0.05047,0.03847,0.04286,0.03996,0.04394,0.07154,0.04291,0.05852,0.07556,0.11858,0.13196,0.06942,0.04222,0.04123,0.01752
2026-03-25,A,Poblado,Miércoles,Laboral,Centro_Empleo,0,37850,0.00613,0.01622,0.03363,0.04946,0.03878,0.03173,0.06338,0.0525,0.0652,0.05115,0.0465,0.05149,0.06594,0.10925,0.13651,0.06919,0.05752,0.03799,0.01741
2026-03-25,A,Prado,Miércoles,Laboral,Centro_Empleo,0,22560,0.00519,0.01777,0.03728,0.04574,0.04082,0.04836,0.04561,0.04402,0.06458,0.0656,0.06254,0.06197,0.08067,0.10111,0.10598,0.07332,0.04269,0.03874,0.018
2026-03-25,A,Sabaneta,Miércoles,Laboral,Residencial,0,16159,0.03069,0.07203,0.10223,0.11628,0.08645,0.07222,0.04586,0.03961,0.04926,0.04437,0.04468,0.0474,0.05081,0.04988,0.04852,0.04128,0.02686,0.01999,0.01157
2026-03-25,A,San Antonio,Miércoles,Laboral,Centro_Empleo,0,61018,0.0058,0.01583,0.03222,0.04533,0.05266,0.04613,0.04972,0.04556,0.04794,0.05416,0.07319,0.06698,0.08243,0.08591,0.11592,0.09228,0.04177,0.02884,0.01731
2026-03-25,A,Tricentenario,Miércoles,Laboral,Residencial,0,10260,0.02661,0.0883,0.09142,0.11209,0.07096,0.07349,0.054,0.04084,0.04922,0.05214,0.04532,0.04766,0.04805,0.04678,0.0538,0.03255,0.03567,0.0193,0.01179
2026-03-25,A,Universidad,Miércoles,Laboral,Mixta,0,23813,0.02154,0.04989,0.08088,0.08773,0.06207,0.05715,0.05703,0.0396,0.04653,0.05001,0.03872,0.04838,0.05829,0.06664,0.08806,0.06547,0.04099,0.0273,0.01373
2026-03-25,B,Cisneros,Miércoles,Laboral,Centro_Empleo,0,16545,0.00659,0.01366,0.03191,0.0434,0.0437,0.04648,0.04044,0.04648,0.05796,0.04986,0.05258,0.06473,0.07174,0.10638,0.15558,0.07428,0.04255,0.03469,0.01698
2026-03-25,B,Estadio,Miércoles,Laboral,Mixta,1,25058,0.01241,0.03236,0.05415,0.04976,0.05807,0.0336,0.03727,0.04126,0.0338,0.03205,0.03492,0.05024,0.05567,0.11821,0.16677,0.07966,0.05128,0.04529,0.01321
2026-03-25,B,Floresta,Miércoles,Laboral,Residencial,0,16471,0.02829,0.10661,0.12677,0.09957,0.06994,0.05221,0.04298,0.03928,0.03758,0.05895,0.051,0.05252,0.03934,0.04602,0.05416,0.03873,0.0255,0.01991,0.01062
2026-03-25,B,San Antonio,Miércoles,Laboral,Centro_Empleo,0,35999,0.00764,0.01994,0.03917,0.06131,0.03981,0.04711,0.06422,0.05967,0.05364,0.06542,0.0592,0.06217,0.06761,0.10159,0.09617,0.07128,0.03303,0.03631,0.01472
2026-03-25,B,San Javier,Miércoles,Laboral,Residencial,0,31778,0.04736,0.08282,0.14384,0.09315,0.08257,0.04264,0.04409,0.0377,0.04613,0.04569,0.04343,0.06618,0.0506,0.04173,0.04044,0.03518,0.02124,0.0264,0.00881
2026-03-25,B,Santa Lucía,Miércoles,Laboral,Residencial,0,13729,0.03635,0.07641,0.09782,0.10511,0.08639,0.04465,0.04385,0.06257,0.0456,0.05514,0.04858,0.0507,0.04742,0.05288,0.05528,0.03744,0.02105,0.02076,0.01202
2026-03-25,B,Suramericana,Miércoles,Laboral,Mixta,1,16982,0.01237,0.03015,0.0653,0.05635,0.0527,0.03368,0.05229,0.03398,0.04181,0.03097,0.03139,0.05094,0.06477,0.11789,0.12289,0.0805,0.07096,0.04028,0.01078
2026-03-26,A,Acevedo,Jueves,Laboral,Residencial,0,28440,0.03485,0.08136,0.13045,0.10429,0.07795,0.05517,0.04318,0.04233,0.05299,0.04473,0.04402,0.04821,0.05207,0.05288,0.03797,0.04648,0.02275,0.01779,0.01051
2026-03-26,A,Aguacatala,Jueves,Laboral,Mixta,0,20276,0.01845,0.03798,0.06762,0.0796,0.04981,0.06357,0.0395,0.0472,0.05272,0.05381,0.04458,0.06268,0.06998,0.11398,0.08088,0.05425,0.03339,0.0179,0.01208
2026-03-26,A,Alpujarra,Jueves,Laboral,Centro_Empleo,0,23806,0.00647,0.01974,0.03856,0.03579,0.04969,0.04461,0.03709,0.03991,0.06007,0.06557,0.05906,0.05738,0.0946,0.08111,0.11203,0.08565,0.0633,0.03314,0.01621
2026-03-26,A,Ayurá,Jueves,Laboral,Mixta,0,17673,0.01562,0.04679,0.08952,0.08267,0.04906,0.04334,0.043,0.05121,0.04521,0.05347,0.05811,0.05087,0.05698,0.08306,0.09681,0.05828,0.03893,0.02756,0.00951
2026-03-26,A,Bello,Jueves,Laboral,Residencial,0,24640,0.02869,0.06607,0.15191,0.12305,0.07532,0.05414,0.03778,0.04655,0.03462,0.05832,0.05134,0.03774,0.03628,0.04842,0.04886,0.03957,0.03097,0.02082,0.00954
2026-03-26,A,Caribe,Jueves,Laboral,Mixta,0,18859,0.01935,0.05154,0.07021,0.08739,0.05043,0.05695,0.04369,0.03934,0.06904,0.06602,0.04634,0.05477,0.06596,0.06485,0.07079,0.0588,0.03924,0.03272,0.01257
2026-03-26,A,Envigado,Jueves,Laboral,Residencial,0,25003,0.03416,0.08363,0.11603,0.13298,0.07399,0.06815,0.03672,0.05195,0.04467,0.04032,0.05711,0.04495,0.036,0.03384,0.05531,0.03728,0.025,0.0178,0.01012
2026-03-26,A,Exposiciones,Jueves,Laboral,Centro_Empleo,0,21156,0.00733,0.01588,0.03909,0.04117,0.05634,0.04108,0.03729,0.04382,0.06258,0.05185,0.06419,0.04864,0.07984,0.12361,0.09695,0.08073,0.05247,0.03663,0.02051
2026-03-26,A,Hospital,Jueves,Laboral,Centro_Empleo,0,27252,0.00741,0.02378,0.03207,0.04458,0.04073,0.05093,0.04154,0.04139,0.04484,0.05247,0.05596,0.05842,0.08491,0.13687,0.0906,0.08352,0.05134,0.04055,0.01809
2026-03-26,A,Industriales,Jueves,Laboral,Centro_Empleo,0,30150,0.00753,0.01363,0.03622,0.05194,0.05357,0.05502,0.05619,0.04365,0.06643,0.05622,0.04106,0.05566,0.07051,0.12746,0.10604,0.05794,0.04988,0.03439,0.01665
2026-03-26,A,Itagüí,Jueves,Laboral,Residencial,0,28484,0.03858,0.0838,0.12319,0.12726,0.08054,0.0567,0.03662,0.03335,0.03774,0.04297,0.04652,0.04185,0.03658,0.05508,0.05101,0.04736,0.02278,0.02338,0.01467
2026-03-26,A,La Estrella,Jueves,Laboral,Residencial,0,20704,0.03415,0.06274,0.12911,0.13485,0.07313,0.05274,0.03965,0.04777,0.03874,0.05588,0.03594,0.04762,0.04139,0.06264,0.04782,0.0384,0.02685,0.01995,0.01063
2026-03-26,A,Madera,Jueves,Laboral,Residencial,0,11970,0.02932,0.07761,0.1218,0.08864,0.09215,0.0655,0.04185,0.04052,0.05622,0.05789,0.05113,0.04603,0.03442,0.05572,0.04302,0.04069,0.02657,0.0208,0.01011
2026-03-26,A,Niquía,Jueves,Laboral,Residencial,0,33754,0.03528,0.0839,0.12215,0.10328,0.07884,0.0671,0.04811,0.0365,0.04687,0.05386,0.0322,0.04956,0.03611,0.04625,0.05226,0.04731,0.02631,0.02098,0.01312
2026-03-26,A,Parque Berrío,Jueves,Laboral,Centro_Empleo,0,43152,0.00593,0.01365,0.03337,0.05953,0.05518,0.05958,0.04732,0.03872,0.047,0.05182,0.05539,0.04296,0.06398,0.11466,0.12141,0.07837,0.06085,0.03177,0.01849
2026-03-26,A,Poblado,Jueves,Laboral,Centro_Empleo,0,37453,0.00721,0.02011,0.04189,0.03821,0.03551,0.04197,0.03799,0.04771,0.06755,0.05933,0.0494,0.05909,0.06088,0.10416,0.13102,0.08288,0.05898,0.03364,0.02248
2026-03-26,A,Prado,Jueves,Laboral,Centro_Empleo,0,21023,0.00799,0.0167,0.03639,0.04852,0.05318,0.03934,0.05375,0.05099,0.06911,0.06916,0.06331,0.06103,0.06455,0.12658,0.09285,0.0548,0.04371,0.03568,0.01237
2026-03-26,A,Sabaneta,Jueves,Laboral,Residencial,0,17435,0.03642,0.11454,0.11689,0.11425,0.05019,0.07347,0.03763,0.03722,0.05948,0.05718,0.04325,0.03195,0.03791,0.04646,0.03992,0.04003,0.02874,0.02225,0.01222
2026-03-26,A,San Antonio,Jueves,Laboral,Centro_Empleo,0,60747,0.00634,0.01409,0.03324,0.03579,0.03562,0.05087,0.04264,0.03561,0.05551,0.07228,0.06343,0.05862,0.07758,0.12771,0.11056,0.06734,0.0577,0.03445,0.02063
2026-03-26,A,Tricentenario,Jueves,Laboral,Residencial,0,10419,0.0406,0.06939,0.14522,0.13111,0.0645,0.04578,0.03695,0.03743,0.04386,0.04674,0.03753,0.04549,0.04165,0.06258,0.05365,0.03465,0.02697,0.02467,0.01123
2026-03-26,A,Universidad,Jueves,Laboral,Mixta,0,22995,0.02044,0.0384,0.08263,0.10894,0.0668,0.04914,0.04223,0.03353,0.04701,0.05897,0.05362,0.04188,0.06254,0.0721,0.0748,0.07232,0.04227,0.02257,0.00983
2026-03-26,B,Cisneros,Jueves,Laboral,Centro_Empleo,0,16424,0.00578,0.01601,0.0369,0.04268,0.04676,0.05248,0.05072,0.052,0.04774,0.06302,0.05145,0.05535,0.06588,0.09876,0.10357,0.10472,0.05267,0.03428,0.01924
2026-03-26,B,Estadio,Jueves,Laboral,Mixta,0,19669,0.01744,0.0546,0.09111,0.06889,0.05526,0.05506,0.03701,0.05282,0.05013,0.05567,0.04347,0.04891,0.06025,0.09121,0.08496,0.05587,0.03305,0.02451,0.01978
2026-03-26,B,Floresta,Jueves,Laboral,Residencial,0,17402,0.02471,0.0889,0.1124,0.09855,0.05884,0.04936,0.03942,0.04534,0.03982,0.07062,0.05959,0.04551,0.06017,0.04189,0.06947,0.03678,0.02459,0.02442,0.0096
2026-03-26,B,San Antonio,Jueves,Laboral,Centro_Empleo,0,38800,0.00716,0.01423,0.04771,0.04794,0.04987,0.04515,0.03616,0.04131,0.05343,0.05948,0.06152,0.05101,0.07371,0.11348,0.11093,0.08598,0.04652,0.0375,0.01691
2026-03-26,B,San Javier,Jueves,Laboral,Residencial,0,29624,0.02815,0.07453,0.12405,0.08102,0.07825,0.0721,0.04149,0.04105,0.0502,0.05205,0.04193,0.05539,0.04972,0.05769,0.05431,0.03892,0.02572,0.02036,0.01306
2026-03-26,B,Santa Lucía,Jueves,Laboral,Residencial,0,15052,0.03408,0.06843,0.13247,0.1071,0.07235,0.0566,0.04511,0.04783,0.05381,0.06059,0.05116,0.0469,0.03514,0.04876,0.04717,0.03767,0.02425,0.01794,0.01262
2026-03-26,B,Suramericana,Jueves,Laboral,Mixta,0,14320,0.01732,0.05894,0.06732,0.06369,0.06006,0.05196,0.04022,0.0433,0.04518,0.04972,0.07626,0.04162,0.06473,0.09993,0.07228,0.06264,0.04574,0.02584,0.01327
2026-03-27,A,Acevedo,Viernes,Laboral,Residencial,0,31747,0.03314,0.0785,0.14436,0.10316,0.05437,0.05137,0.03761,0.05345,0.05304,0.04854,0.04391,0.0476,0.05796,0.05582,0.04063,0.03755,0.02807,0.02148,0.00945
2026-03-27,A,Aguacatala,Viernes,Laboral,Mixta,0,18985,0.01585,0.03877,0.05383,0.07443,0.05478,0.04783,0.04498,0.04893,0.0523,0.06279,0.04382,0.05346,0.09276,0.09371,0.08986,0.05093,0.04056,0.02644,0.01396
2026-03-27,A,Alpujarra,Viernes,Laboral,Centro_Empleo,0,26765,0.00605,0.01438,0.0362,0.04764,0.04581,0.05171,0.03785,0.05305,0.04872,0.04738,0.04861,0.06415,0.08149,0.10663,0.10992,0.10065,0.04958,0.03374,0.01644
2026-03-27,A,Ayurá,Viernes,Laboral,Mixta,0,18404,0.02347,0.04483,0.05765,0.07993,0.07444,0.03738,0.04874,0.04461,0.04629,0.04363,0.04325,0.06058,0.08091,0.09199,0.09824,0.05249,0.03624,0.02331,0.01201
2026-03-27,A,Bello,Viernes,Laboral,Residencial,0,23147,0.03992,0.08507,0.13069,0.08727,0.07802,0.0524,0.05884,0.04532,0.05024,0.03521,0.04882,0.05409,0.0327,0.04674,0.05392,0.04156,0.03016,0.01719,0.01184
2026-03-27,A,Caribe,Viernes,Laboral,Mixta,0,22285,0.01876,0.03186,0.08512,0.06843,0.04918,0.04914,0.04474,0.05116,0.07225,0.05475,0.04864,0.05425,0.0827,0.07085,0.08436,0.05421,0.04285,0.02051,0.01624
2026-03-27,A,Envigado,Viernes,Laboral,Residencial,0,23075,0.0322,0.06271,0.11571,0.10999,0.08516,0.0436,0.04438,0.04394,0.05114,0.04139,0.05694,0.04992,0.04264,0.06267,0.05937,0.04321,0.02947,0.01603,0.00953
2026-03-27,A,Exposiciones,Viernes,Laboral,Centro_Empleo,0,22190,0.00635,0.01487,0.04313,0.05489,0.0443,0.03299,0.0425,0.05656,0.05737,0.05309,0.07215,0.06309,0.08017,0.10095,0.11514,0.06359,0.053,0.03024,0.01564
2026-03-27,A,Hospital,Viernes,Laboral,Centro_Empleo,0,30250,0.00638,0.01504,0.03732,0.04443,0.0524,0.03993,0.0355,0.04423,0.06208,0.04721,0.05111,0.0638,0.07739,0.11061,0.1526,0.06817,0.04539,0.03117,0.01524
2026-03-27,A,Industriales,Viernes,Laboral,Centro_Empleo,0,31328,0.00945,0.01871,0.03514,0.04012,0.03514,0.04249,0.03655,0.05615,0.05363,0.06036,0.05892,0.0625,0.09496,0.10847,0.10489,0.07399,0.05908,0.03147,0.01797
2026-03-27,A,Itagüí,Viernes,Laboral,Residencial,0,29295,0.03427,0.06643,0.10333,0.10422,0.06738,0.04363,0.04444,0.0481,0.05172,0.05103,0.05547,0.04479,0.04468,0.05926,0.07182,0.04735,0.03089,0.02267,0.00853
2026-03-27,A,La Estrella,Viernes,Laboral,Residencial,0,21783,0.02511,0.09709,0.09893,0.09838,0.10614,0.04572,0.0314,0.04802,0.03755,0.04233,0.04471,0.05008,0.05367,0.06689,0.05752,0.0331,0.03025,0.0196,0.0135
2026-03-27,A,Madera,Viernes,Laboral,Residencial,0,12791,0.03198,0.10023,0.13463,0.09944,0.06129,0.04949,0.03596,0.03956,0.05965,0.04472,0.03995,0.05262,0.05707,0.06223,0.04769,0.02674,0.02682,0.01689,0.01306
2026-03-27,A,Niquía,Viernes,Laboral,Residencial,0,35976,0.03205,0.08347,0.11485,0.11169,0.06735,0.05751,0.04595,0.04859,0.05662,0.0375,0.04258,0.04028,0.05765,0.049,0.04497,0.03689,0.04089,0.02037,0.01179
2026-03-27,A,Parque Berrío,Viernes,Laboral,Centro_Empleo,0,43349,0.00646,0.0158,0.03338,0.04406,0.04787,0.03336,0.04431,0.0493,0.07968,0.05414,0.04519,0.0761,0.0755,0.11057,0.10824,0.0803,0.05165,0.03188,0.0122
2026-03-27,A,Poblado,Viernes,Laboral,Centro_Empleo,0,41161,0.00782,0.02094,0.03358,0.04232,0.05989,0.0423,0.05641,0.02619,0.05704,0.05381,0.04191,0.06863,0.11047,0.09285,0.11139,0.06572,0.05799,0.03593,0.0148
2026-03-27,A,Prado,Viernes,Laboral,Centro_Empleo,0,24409,0.00655,0.01524,0.03056,0.03712,0.05629,0.03622,0.03577,0.05236,0.04888,0.04646,0.06514,0.05117,0.0998,0.1245,0.11623,0.08452,0.05326,0.02794,0.012
2026-03-27,A,Sabaneta,Viernes,Laboral,Residencial,0,18822,0.03698,0.07188,0.13043,0.10057,0.07741,0.062,0.03321,0.04319,0.03979,0.04909,0.04452,0.0569,0.05302,0.04984,0.05722,0.03485,0.02981,0.02056,0.00871
2026-03-27,A,San Antonio,Viernes,Laboral,Centro_Empleo,0,64779,0.00594,0.0171,0.03736,0.05962,0.05201,0.03992,0.04904,0.044,0.05902,0.05987,0.05224,0.0498,0.08561,0.11393,0.12519,0.05905,0.0421,0.02604,0.02217
2026-03-27,A,Tricentenario,Viernes,Laboral,Residencial,0,10755,0.02594,0.07466,0.10581,0.1139,0.0742,0.06248,0.04547,0.03989,0.04314,0.04686,0.06295,0.05235,0.05077,0.04807,0.0543,0.04593,0.02576,0.01609,0.01144
2026-03-27,A,Universidad,Viernes,Laboral,Mixta,0,25424,0.01723,0.03328,0.07619,0.08815,0.0577,0.03689,0.0439,0.0437,0.03615,0.04598,0.066,0.06128,0.07619,0.09652,0.09935,0.04114,0.03969,0.02683,0.01385
2026-03-27,B,Cisneros,Viernes,Laboral,Centro_Empleo,0,19282,0.0055,0.01328,0.02801,0.04875,0.03822,0.05145,0.03796,0.05165,0.05689,0.06509,0.04258,0.07276,0.10626,0.12016,0.08993,0.07287,0.05228,0.03008,0.01628
2026-03-27,B,Estadio,Viernes,Laboral,Mixta,0,20624,0.01784,0.04238,0.06541,0.07991,0.05988,0.04437,0.03355,0.04572,0.05494,0.06109,0.05193,0.05974,0.0768,0.0786,0.07651,0.05712,0.05503,0.02565,0.01353
2026-03-27,B,Floresta,Viernes,Laboral,Residencial,0,17242,0.0319,0.06966,0.12336,0.13044,0.07198,0.05951,0.03625,0.04466,0.0584,0.03225,0.0446,0.04443,0.05991,0.05376,0.03515,0.03625,0.03103,0.02593,0.01056
2026-03-27,B,San Antonio,Viernes,Laboral,Centro_Empleo,0,41249,0.00618,0.01428,0.02975,0.04293,0.05552,0.03719,0.04836,0.04235,0.05881,0.06376,0.06,0.06909,0.07918,0.11915,0.1072,0.07753,0.04744,0.02744,0.01382
2026-03-27,B,San Javier,Viernes,Laboral,Residencial,0,34805,0.03594,0.07151,0.12533,0.093,0.07826,0.03945,0.05114,0.04594,0.06545,0.0385,0.04482,0.04551,0.07232,0.04054,0.06235,0.03408,0.02701,0.01896,0.00988
2026-03-27,B,Santa Lucía,Viernes,Laboral,Residencial,0,16432,0.03025,0.10084,0.11338,0.09853,0.08435,0.05641,0.04649,0.04716,0.05112,0.05173,0.0471,0.03578,0.04972,0.05441,0.04236,0.03572,0.02233,0.02154,0.01077
2026-03-27,B,Suramericana,Viernes,Laboral,Mixta,0,14975,0.01756,0.0428,0.08668,0.06104,0.05356,0.03813,0.04214,0.04781,0.05696,0.04494,0.05309,0.06825,0.07265,0.1005,0.0788,0.05736,0.03459,0.02745,0.01569
2026-03-28,A,Acevedo,Sábado,Sábado,Residencial,0,27801,0.01363,0.0355,0.0455,0.05762,0.05611,0.05719,0.05216,0.05849,0.07892,0.06295,0.05726,0.07662,0.05759,0.09086,0.05057,0.06392,0.03741,0.0286,0.0191
2026-03-28,A,Aguacatala,Sábado,Sábado,Mixta,0,16331,0.01298,0.04243,0.0485,0.06668,0.04739,0.04764,0.05266,0.07807,0.0755,0.05689,0.07244,0.06583,0.06968,0.06429,0.06564,0.05352,0.03686,0.02651,0.01647
2026-03-28,A,Alpujarra,Sábado,Sábado,Centro_Empleo,0,20514,0.01228,0.03008,0.04928,0.04831,0.05513,0.06405,0.09647,0.05016,0.06878,0.06059,0.06054,0.05508,0.08112,0.0643,0.06829,0.05377,0.04012,0.02642,0.01521
2026-03-28,A,Ayurá,Sábado,Sábado,Mixta,0,16167,0.0107,0.03272,0.04361,0.05913,0.06346,0.07528,0.0535,0.08047,0.07899,0.06223,0.05221,0.0553,0.05703,0.05808,0.05462,0.06216,0.04447,0.03303,0.02301
2026-03-28,A,Bello,Sábado,Sábado,Residencial,0,23493,0.01698,0.03248,0.02677,0.04904,0.05751,0.06112,0.06968,0.07415,0.07462,0.06295,0.05823,0.05951,0.06313,0.08241,0.05631,0.05231,0.05334,0.03554,0.01392
2026-03-28,A,Caribe,Sábado,Sábado,Mixta,0,17625,0.01628,0.03302,0.04017,0.04743,0.06247,0.05702,0.07183,0.05367,0.06553,0.08426,0.04902,0.0682,0.05044,0.08777,0.05821,0.06814,0.04062,0.03126,0.01464
2026-03-28,A,Envigado,Sábado,Sábado,Residencial,0,21744,0.01826,0.03311,0.04332,0.05436,0.04047,0.07588,0.08301,0.06696,0.07294,0.07469,0.05648,0.04714,0.06604,0.06006,0.05946,0.05468,0.05086,0.02897,0.01329
2026-03-28,A,Exposiciones,Sábado,Sábado,Centro_Empleo,0,18558,0.0153,0.02958,0.04343,0.04747,0.05663,0.05108,0.06768,0.05011,0.07587,0.07226,0.05803,0.07442,0.06423,0.06574,0.05992,0.0673,0.04823,0.03341,0.01929
2026-03-28,A,Hospital,Sábado,Sábado,Centro_Empleo,0,25768,0.01032,0.02841,0.03873,0.05169,0.0437,0.06966,0.06803,0.06361,0.06469,0.07269,0.06997,0.06978,0.06543,0.06582,0.06132,0.06974,0.03353,0.03927,0.01362
2026-03-28,A,Industriales,Sábado,Sábado,Centro_Empleo,0,25785,0.01295,0.03196,0.04258,0.05193,0.06089,0.06461,0.06484,0.05732,0.05177,0.0629,0.05398,0.07148,0.06783,0.08113,0.06469,0.06698,0.0451,0.02916,0.01788
2026-03-28,A,Itagüí,Sábado,Sábado,Residencial,0,29174,0.0147,0.02698,0.03945,0.05625,0.06831,0.0508,0.06629,0.06088,0.08278,0.06403,0.06221,0.04932,0.0824,0.07325,0.05563,0.06146,0.04117,0.03099,0.01309
2026-03-28,A,La Estrella,Sábado,Sábado,Residencial,0,20616,0.01334,0.02944,0.04108,0.05331,0.08304,0.0616,0.05195,0.06883,0.06427,0.0535,0.0651,0.05544,0.05583,0.07601,0.07412,0.06359,0.03337,0.03759,0.01858
2026-03-28,A,Madera,Sábado,Sábado,Residencial,0,10946,0.01069,0.02722,0.03837,0.06249,0.04842,0.05344,0.05902,0.06852,0.06596,0.07802,0.05491,0.08871,0.05235,0.07089,0.05637,0.07226,0.04184,0.03508,0.01544
2026-03-28,A,Niquía,Sábado,Sábado,Residencial,0,34124,0.01928,0.02989,0.03329,0.04964,0.06447,0.05322,0.06573,0.07013,0.07772,0.06268,0.04856,0.06441,0.06708,0.06459,0.07411,0.05884,0.04199,0.03402,0.02034
2026-03-28,A,Parque Berrío,Sábado,Sábado,Centro_Empleo,0,38062,0.01272,0.03363,0.04017,0.06439,0.04395,0.05417,0.04837,0.08389,0.08184,0.08951,0.04942,0.0558,0.05536,0.07393,0.05252,0.0805,0.02956,0.03513,0.01513
2026-03-28,A,Poblado,Sábado,Sábado,Centro_Empleo,0,36974,0.01393,0.02772,0.04633,0.04687,0.06832,0.05772,0.06072,0.07714,0.05883,0.05858,0.06391,0.06077,0.05528,0.07673,0.05534,0.07362,0.04108,0.03843,0.01869
2026-03-28,A,Prado,Sábado,Sábado,Centro_Empleo,0,18730,0.01741,0.02894,0.0575,0.04736,0.06183,0.05729,0.05948,0.05665,0.06743,0.07475,0.05542,0.06428,0.05793,0.08009,0.04917,0.0717,0.03321,0.04293,0.01666
2026-03-28,A,Sabaneta,Sábado,Sábado,Residencial,0,16174,0.01447,0.03809,0.05237,0.06313,0.04476,0.05311,0.0588,0.05719,0.08316,0.06016,0.05793,0.05985,0.06795,0.06177,0.06003,0.06047,0.04538,0.03765,0.02374
2026-03-28,A,San Antonio,Sábado,Sábado,Centro_Empleo,0,54293,0.01096,0.03352,0.04045,0.05677,0.05294,0.05516,0.04172,0.06995,0.07308,0.07559,0.05905,0.05813,0.08255,0.06925,0.07001,0.06754,0.03634,0.03126,0.01573
2026-03-28,A,Tricentenario,Sábado,Sábado,Residencial,0,10307,0.01397,0.03289,0.0259,0.04337,0.05453,0.05879,0.0488,0.0587,0.07665,0.05569,0.06433,0.06986,0.0748,0.07112,0.08858,0.0653,0.05191,0.02911,0.01572
2026-03-28,A,Universidad,Sábado,Sábado,Mixta,0,19948,0.01148,0.03569,0.03349,0.05685,0.05063,0.05715,0.06838,0.06617,0.06432,0.07379,0.06462,0.05635,0.08256,0.06733,0.05419,0.06993,0.03279,0.03243,0.02186
2026-03-28,B,Cisneros,Sábado,Sábado,Centro_Empleo,0,14899,0.01503,0.03457,0.03524,0.0551,0.06672,0.06967,0.05678,0.06014,0.07014,0.06732,0.05994,0.06833,0.06349,0.05906,0.05255,0.06356,0.05027,0.0345,0.01759
2026-03-28,B,Estadio,Sábado,Sábado,Mixta,1,21223,0.0106,0.01786,0.03732,0.03784,0.04344,0.06111,0.04881,0.05155,0.07002,0.05796,0.05409,0.063,0.05452,0.08255,0.09466,0.09254,0.0564,0.05117,0.01456
2026-03-28,B,Floresta,Sábado,Sábado,Residencial,0,16189,0.01402,0.03039,0.03607,0.04602,0.05269,0.05078,0.0504,0.0769,0.05652,0.09006,0.05955,0.05436,0.04942,0.0832,0.0845,0.07647,0.03799,0.0362,0.01445
2026-03-28,B,San Antonio,Sábado,Sábado,Centro_Empleo,0,33355,0.01748,0.02851,0.05064,0.05465,0.05295,0.04683,0.05627,0.06176,0.06596,0.08988,0.07693,0.06449,0.05181,0.07105,0.06928,0.04662,0.04602,0.03115,0.01772
2026-03-28,B,San Javier,Sábado,Sábado,Residencial,0,29901,0.01328,0.0307,0.03926,0.04756,0.06491,0.0721,0.06501,0.09786,0.07729,0.04431,0.06816,0.06297,0.05578,0.04933,0.06194,0.06234,0.03826,0.02983,0.0191
2026-03-28,B,Santa Lucía,Sábado,Sábado,Residencial,0,13969,0.01553,0.03343,0.04746,0.05147,0.05169,0.05956,0.06293,0.05233,0.07381,0.07509,0.06307,0.06321,0.07366,0.07173,0.05527,0.05684,0.03851,0.0345,0.0199
2026-03-28,B,Suramericana,Sábado,Sábado,Mixta,1,16071,0.01332,0.02663,0.04175,0.0443,0.05283,0.04325,0.06614,0.06484,0.05034,0.04629,0.04119,0.04847,0.04542,0.12582,0.07846,0.09035,0.06266,0.04325,0.01468
2026-03-29,A,Acevedo,Domingo,Domingo_Festivo,Residencial,0,17577,0.0,0.02401,0.02674,0.04659,0.05513,0.06412,0.08574,0.08517,0.06423,0.06144,0.06571,0.06884,0.1069,0.07277,0.05251,0.05723,0.03163,0.03123,0.0
2026-03-29,A,Aguacatala,Domingo,Domingo_Festivo,Mixta,0,9831,0.0,0.01963,0.03458,0.03591,0.06032,0.06174,0.07822,0.06337,0.08056,0.07609,0.0767,0.06398,0.07314,0.08555,0.05198,0.06449,0.04974,0.02401,0.0
2026-03-29,A,Alpujarra,Domingo,Domingo_Festivo,Centro_Empleo,0,12147,0.0,0.01729,0.02783,0.04347,0.05359,0.06018,0.0503,0.06858,0.07483,0.08142,0.09286,0.0643,0.08471,0.07096,0.06454,0.06874,0.04643,0.02997,0.0
2026-03-29,A,Ayurá,Domingo,Domingo_Festivo,Mixta,0,9261,0.0,0.02559,0.03401,0.0555,0.04622,0.0596,0.05734,0.08768,0.07278,0.06187,0.08325,0.06479,0.0826,0.08271,0.06198,0.05388,0.04179,0.0284,0.0
2026-03-29,A,Bello,Domingo,Domingo_Festivo,Residencial,0,14150,0.0,0.01908,0.02636,0.04763,0.0506,0.06148,0.09265,0.0641,0.06686,0.05731,0.08799,0.08869,0.06756,0.07131,0.07873,0.05922,0.03915,0.02127,0.0
2026-03-29,A,Caribe,Domingo,Domingo_Festivo,Mixta,0,11582,0.0,0.01943,0.03048,0.043,0.0752,0.04939,0.06553,0.0651,0.06717,0.06303,0.09869,0.06881,0.08125,0.08315,0.06994,0.05163,0.03505,0.03315,0.0
2026-03-29,A,Envigado,Domingo,Domingo_Festivo,Residencial,0,13727,0.0,0.01799,0.02899,0.04371,0.06935,0.05303,0.07729,0.07008,0.06964,0.07241,0.06301,0.06061,0.08749,0.07795,0.07824,0.07183,0.03642,0.02193,0.0
2026-03-29,A,Exposiciones,Domingo,Domingo_Festivo,Centro_Empleo,0,10832,0.0,0.01929,0.03877,0.04727,0.04053,0.05862,0.0733,0.06915,0.07847,0.05502,0.09453,0.06869,0.06915,0.09093,0.07136,0.05364,0.03997,0.0313,0.0
2026-03-29,A,Hospital,Domingo,Domingo_Festivo,Centro_Empleo,0,14861,0.0,0.01743,0.03277,0.03425,0.06769,0.06891,0.08203,0.05841,0.07106,0.05922,0.06837,0.08216,0.06682,0.07913,0.07173,0.0607,0.04589,0.03344,0.0
2026-03-29,A,Industriales,Domingo,Domingo_Festivo,Centro_Empleo,0,15906,0.0,0.01691,0.03288,0.0408,0.05658,0.06815,0.06268,0.06727,0.07029,0.08154,0.08204,0.07494,0.07752,0.08783,0.0496,0.06123,0.03672,0.03301,0.0
2026-03-29,A,Itagüí,Domingo,Domingo_Festivo,Residencial,0,18084,0.0,0.01299,0.02892,0.03539,0.05502,0.05618,0.0705,0.09942,0.06746,0.09616,0.08964,0.06309,0.07122,0.07603,0.05237,0.06381,0.03235,0.02942,0.0
2026-03-29,A,La Estrella,Domingo,Domingo_Festivo,Residencial,0,13021,0.0,0.01951,0.03763,0.04969,0.04431,0.06313,0.06628,0.08878,0.06935,0.06244,0.07234,0.07757,0.06505,0.05914,0.09792,0.06781,0.0364,0.02266,0.0
2026-03-29,A,Madera,Domingo,Domingo_Festivo,Residencial,0,7050,0.0,0.01532,0.02638,0.03546,0.06496,0.07291,0.06014,0.07489,0.07121,0.07078,0.07447,0.06241,0.08156,0.08596,0.06638,0.05972,0.05007,0.02738,0.0
2026-03-29,A,Niquía,Domingo,Domingo_Festivo,Residencial,0,22114,0.0,0.02342,0.03066,0.04906,0.06281,0.05607,0.07624,0.07642,0.09718,0.05295,0.06213,0.09003,0.07384,0.0648,0.06788,0.05237,0.04038,0.02374,0.0
2026-03-29,A,Parque Berrío,Domingo,Domingo_Festivo,Centro_Empleo,0,22067,0.0,0.0198,0.02973,0.04595,0.07513,0.05592,0.06856,0.09113,0.07572,0.06612,0.08098,0.0494,0.07994,0.06362,0.06109,0.06693,0.04736,0.02261,0.0
2026-03-29,A,Poblado,Domingo,Domingo_Festivo,Centro_Empleo,0,20499,0.0,0.01883,0.03473,0.04527,0.04669,0.06469,0.06049,0.0742,0.08639,0.06488,0.07264,0.06322,0.09366,0.08678,0.06039,0.05366,0.04259,0.03088,0.0
2026-03-29,A,Prado,Domingo,Domingo_Festivo,Centro_Empleo,0,11300,0.0,0.02124,0.0323,0.04903,0.04761,0.06655,0.06885,0.06938,0.08195,0.06894,0.08982,0.06363,0.07549,0.07575,0.06566,0.05628,0.03779,0.02973,0.0
2026-03-29,A,Sabaneta,Domingo,Domingo_Festivo,Residencial,0,11132,0.0,0.02183,0.03512,0.02857,0.07052,0.06953,0.06109,0.05686,0.06809,0.06603,0.09369,0.06198,0.08336,0.07591,0.06872,0.06665,0.03953,0.03252,0.0
2026-03-29,A,San Antonio,Domingo,Domingo_Festivo,Centro_Empleo,0,30544,0.0,0.02105,0.02786,0.03958,0.05454,0.07471,0.06502,0.06695,0.08303,0.0808,0.07108,0.05873,0.08214,0.06718,0.05795,0.07216,0.04476,0.03244,0.0
2026-03-29,A,Tricentenario,Domingo,Domingo_Festivo,Residencial,0,6305,0.0,0.0157,0.03838,0.04964,0.05488,0.0728,0.08533,0.08327,0.06741,0.05995,0.0701,0.06281,0.07216,0.0801,0.06312,0.05757,0.03632,0.03045,0.0
2026-03-29,A,Universidad,Domingo,Domingo_Festivo,Mixta,0,11847,0.0,0.01933,0.026,0.04507,0.07285,0.06263,0.07892,0.06153,0.07681,0.08205,0.06685,0.07436,0.07377,0.07377,0.06795,0.06635,0.03123,0.02051,0.0
2026-03-29,B,Cisneros,Domingo,Domingo_Festivo,Centro_Empleo,0,8568,0.0,0.01786,0.03093,0.04599,0.04132,0.06886,0.07843,0.06886,0.08217,0.05626,0.09384,0.06944,0.09045,0.06548,0.06828,0.05696,0.03992,0.02498,0.0
2026-03-29,B,Estadio,Domingo,Domingo_Festivo,Mixta,0,11244,0.0,0.02339,0.03869,0.04642,0.04509,0.04554,0.06679,0.05843,0.08769,0.06724,0.0908,0.07577,0.09285,0.08974,0.04989,0.05416,0.03967,0.02784,0.0
2026-03-29,B,Floresta,Domingo,Domingo_Festivo,Residencial,0,8684,0.0,0.02084,0.04514,0.04975,0.05493,0.06011,0.08199,0.06932,0.07255,0.06495,0.06564,0.07761,0.08844,0.05988,0.05735,0.05366,0.04883,0.02902,0.0
2026-03-29,B,San Antonio,Domingo,Domingo_Festivo,Centro_Empleo,0,20362,0.0,0.01802,0.02549,0.04666,0.06571,0.07077,0.05638,0.08683,0.06483,0.06512,0.07966,0.06075,0.0941,0.06532,0.08005,0.05604,0.03944,0.02485,0.0
2026-03-29,B,San Javier,Domingo,Domingo_Festivo,Residencial,0,18069,0.0,0.02003,0.03852,0.04184,0.04715,0.05689,0.05573,0.07344,0.05496,0.07018,0.08451,0.0616,0.1051,0.07737,0.07095,0.06193,0.04638,0.03343,0.0
2026-03-29,B,Santa Lucía,Domingo,Domingo_Festivo,Residencial,0,8846,0.0,0.01424,0.02736,0.0416,0.04861,0.05584,0.06161,0.07099,0.07845,0.05833,0.07258,0.08309,0.07563,0.09371,0.06511,0.06839,0.05392,0.03052,0.0
2026-03-29,B,Suramericana,Domingo,Domingo_Festivo,Mixta,0,8291,0.0,0.01508,0.03293,0.04619,0.0509,0.05295,0.06561,0.06284,0.0755,0.07936,0.09589,0.06151,0.07864,0.08214,0.06923,0.07176,0.03522,0.02424,0.0
2026-03-30,A,Acevedo,Lunes,Laboral,Residencial,0,29660,0.04134,0.0734,0.12104,0.08695,0.07583,0.0471,0.05216,0.03577,0.04943,0.05074,0.0437,0.04804,0.04558,0.06156,0.05961,0.0409,0.03163,0.02347,0.01177
2026-03-30,A,Aguacatala,Lunes,Laboral,Mixta,0,19832,0.01901,0.04115,0.08375,0.08032,0.06409,0.04397,0.03873,0.04165,0.05587,0.05078,0.04296,0.04815,0.066,0.09419,0.1011,0.05577,0.0359,0.02304,0.01356
2026-03-30,A,Alpujarra,Lunes,Laboral,Centro_Empleo,0,23914,0.00636,0.01694,0.02668,0.04131,0.04403,0.0511,0.03462,0.04884,0.06306,0.0552,0.04893,0.06373,0.08501,0.11102,0.10868,0.09643,0.04767,0.03182,0.01857
2026-03-30,A,Ayurá,Lunes,Laboral,Mixta,0,18425,0.01769,0.02931,0.07126,0.09786,0.05737,0.03875,0.04847,0.04011,0.05731,0.0559,0.04961,0.04033,0.06659,0.09932,0.08814,0.05758,0.05183,0.02062,0.01194
2026-03-30,A,Bello,Lunes,Laboral,Residencial,0,23411,0.04054,0.08022,0.11781,0.11413,0.07783,0.04968,0.04169,0.04015,0.04763,0.04857,0.03879,0.04207,0.06309,0.05583,0.04703,0.03562,0.02768,0.02084,0.01081
2026-03-30,A,Caribe,Lunes,Laboral,Mixta,0,20096,0.01632,0.03523,0.07862,0.08634,0.06439,0.04374,0.03946,0.04319,0.06952,0.04409,0.03911,0.04862,0.08405,0.06802,0.09062,0.0623,0.04668,0.02294,0.01677
2026-03-30,A,Envigado,Lunes,Laboral,Residencial,0,22460,0.03504,0.07017,0.10058,0.11264,0.07832,0.05815,0.04381,0.04061,0.05775,0.06189,0.0358,0.04252,0.04671,0.05512,0.05971,0.04029,0.02654,0.02458,0.0098
2026-03-30,A,Exposiciones,Lunes,Laboral,Centro_Empleo,0,21249,0.00687,0.01962,0.04424,0.0456,0.04372,0.04203,0.03134,0.04005,0.06151,0.05313,0.05784,0.04537,0.06956,0.1025,0.12066,0.08302,0.06311,0.04683,0.02301
2026-03-30,A,Hospital,Lunes,Laboral,Centro_Empleo,0,29218,0.00551,0.02184,0.03563,0.04638,0.04983,0.0385,0.04134,0.04477,0.06202,0.05062,0.04463,0.04627,0.09621,0.09289,0.11161,0.10826,0.04288,0.04302,0.0178
2026-03-30,A,Industriales,Lunes,Laboral,Centro_Empleo,0,30889,0.0066,0.01654,0.02525,0.04383,0.03626,0.03963,0.03972,0.06824,0.07682,0.06297,0.04911,0.04908,0.0765,0.10075,0.1092,0.10492,0.04309,0.0337,0.01777
2026-03-30,A,Itagüí,Lunes,Laboral,Residencial,0,29716,0.03449,0.09153,0.12448,0.09039,0.07959,0.04449,0.05152,0.03749,0.05186,0.04627,0.03611,0.05479,0.05182,0.05314,0.05448,0.03631,0.02743,0.02026,0.01356
2026-03-30,A,La Estrella,Lunes,Laboral,Residencial,0,22665,0.0345,0.09446,0.10889,0.12508,0.06759,0.03552,0.04739,0.05206,0.06089,0.05056,0.04015,0.04183,0.05224,0.05321,0.04152,0.03591,0.02435,0.02175,0.01209
2026-03-30,A,Madera,Lunes,Laboral,Residencial,0,11877,0.04084,0.07376,0.1481,0.1039,0.0778,0.04673,0.03806,0.02922,0.05717,0.05128,0.03764,0.05119,0.05254,0.04639,0.04033,0.04597,0.02669,0.02299,0.00943
2026-03-30,A,Niquía,Lunes,Laboral,Residencial,0,36339,0.02779,0.09736,0.11665,0.08443,0.06731,0.05652,0.03544,0.03132,0.05782,0.07053,0.04475,0.04153,0.0585,0.04912,0.05933,0.03831,0.03041,0.02138,0.0115
2026-03-30,A,Parque Berrío,Lunes,Laboral,Centro_Empleo,0,42990,0.00763,0.01458,0.0287,0.04745,0.04129,0.03505,0.0438,0.05266,0.08381,0.04945,0.06406,0.07297,0.07374,0.09937,0.09242,0.10279,0.0465,0.02619,0.01752
2026-03-30,A,Poblado,Lunes,Laboral,Centro_Empleo,0,41788,0.00593,0.01496,0.02991,0.04595,0.04506,0.04016,0.04441,0.04843,0.06514,0.05351,0.05298,0.05162,0.08392,0.10606,0.12587,0.07842,0.05975,0.02977,0.01814
2026-03-30,A,Prado,Lunes,Laboral,Centro_Empleo,0,21854,0.00673,0.01318,0.0302,0.05999,0.05555,0.05029,0.04164,0.04045,0.06145,0.06283,0.05317,0.05363,0.07367,0.09056,0.14135,0.06649,0.04548,0.03185,0.02151
2026-03-30,A,Sabaneta,Lunes,Laboral,Residencial,0,19175,0.03379,0.08954,0.11124,0.12047,0.08709,0.04631,0.04714,0.0352,0.05909,0.0425,0.03207,0.04209,0.05163,0.04714,0.04939,0.04662,0.02305,0.02654,0.00907
2026-03-30,A,San Antonio,Lunes,Laboral,Centro_Empleo,0,60230,0.00825,0.01899,0.04167,0.03751,0.04546,0.03262,0.04285,0.04083,0.07264,0.06777,0.05345,0.07217,0.07641,0.09837,0.09392,0.10958,0.04084,0.02758,0.01908
2026-03-30,A,Tricentenario,Lunes,Laboral,Residencial,0,10620,0.03192,0.06827,0.11695,0.09492,0.07599,0.04887,0.04444,0.06168,0.05038,0.04944,0.05301,0.04482,0.05217,0.04171,0.05603,0.04727,0.02571,0.02561,0.01083
2026-03-30,A,Universidad,Lunes,Laboral,Mixta,0,23258,0.01513,0.04854,0.07916,0.06931,0.06338,0.04072,0.04042,0.03539,0.06591,0.07,0.0571,0.05448,0.04867,0.08165,0.07705,0.06007,0.04751,0.03293,0.0126
2026-03-30,B,Cisneros,Lunes,Laboral,Centro_Empleo,0,16795,0.00768,0.01191,0.03328,0.04436,0.04543,0.04079,0.04198,0.03346,0.08068,0.07592,0.04525,0.04585,0.09157,0.13278,0.09568,0.06794,0.05394,0.03227,0.01923
2026-03-30,B,Estadio,Lunes,Laboral,Mixta,0,20317,0.0156,0.0507,0.10184,0.0725,0.04888,0.04464,0.04159,0.04779,0.06197,0.05148,0.05399,0.03751,0.09317,0.07624,0.08677,0.05089,0.03071,0.0219,0.01181
2026-03-30,B,Floresta,Lunes,Laboral,Residencial,0,16535,0.03387,0.1013,0.11267,0.07892,0.08243,0.05582,0.04572,0.04046,0.06084,0.06241,0.03623,0.04252,0.05606,0.05407,0.04209,0.03508,0.0309,0.01675,0.01185
2026-03-30,B,San Antonio,Lunes,Laboral,Centro_Empleo,0,38275,0.00593,0.01795,0.03059,0.04781,0.03875,0.05006,0.03504,0.04251,0.0713,0.06628,0.04005,0.05045,0.08504,0.11574,0.10074,0.08426,0.06158,0.03804,0.01787
2026-03-30,B,San Javier,Lunes,Laboral,Residencial,0,30926,0.03942,0.07854,0.11036,0.12588,0.05371,0.05581,0.05746,0.05135,0.06153,0.04621,0.04472,0.03728,0.04174,0.04575,0.04702,0.05028,0.02351,0.01989,0.00954
2026-03-30,B,Santa Lucía,Lunes,Laboral,Residencial,0,15578,0.03325,0.09411,0.10669,0.11292,0.08589,0.04956,0.033,0.0398,0.05887,0.06798,0.03351,0.04301,0.04455,0.04943,0.0511,0.0398,0.02343,0.02279,0.01034
2026-03-30,B,Suramericana,Lunes,Laboral,Mixta,0,13959,0.01841,0.04033,0.06913,0.08769,0.08238,0.04907,0.05115,0.03725,0.05967,0.04907,0.03904,0.04284,0.07587,0.06347,0.08747,0.0649,0.04656,0.02257,0.01311
2026-03-31,A,Acevedo,Martes,Laboral,Residencial,0,29804,0.03818,0.0869,0.13555,0.0914,0.09116,0.04083,0.05013,0.04348,0.04442,0.05325,0.04647,0.04845,0.0508,0.04483,0.04503,0.03875,0.02362,0.01537,0.01137
2026-03-31,A,Aguacatala,Martes,Laboral,Mixta,0,19213,0.01822,0.04101,0.08593,0.08921,0.05226,0.05907,0.04778,0.03841,0.05096,0.04908,0.05783,0.05158,0.06313,0.07583,0.09769,0.04919,0.03248,0.02608,0.01426
2026-03-31,A,Alpujarra,Martes,Laboral,Centro_Empleo,0,25174,0.00564,0.01454,0.03956,0.05045,0.04608,0.03273,0.04636,0.0433,0.05788,0.05613,0.04493,0.06197,0.09339,0.12298,0.11532,0.06928,0.05025,0.02773,0.02149
2026-03-31,A,Ayurá,Martes,Laboral,Mixta,0,16183,0.01854,0.04709,0.09522,0.07817,0.05364,0.03819,0.04313,0.05104,0.04727,0.03874,0.0346,0.06952,0.0883,0.06717,0.08991,0.05475,0.04505,0.02194,0.01773
2026-03-31,A,Bello,Martes,Laboral,Residencial,0,21748,0.02966,0.08419,0.13059,0.10732,0.0595,0.05325,0.0486,0.05283,0.05099,0.03389,0.04649,0.05168,0.07454,0.05619,0.03711,0.02998,0.02377,0.01973,0.0097
2026-03-31,A,Caribe,Martes,Laboral,Mixta,0,20110,0.02113,0.04649,0.08205,0.07031,0.0724,0.04933,0.0457,0.03844,0.04331,0.05082,0.0455,0.06027,0.08518,0.0911,0.05883,0.05291,0.04789,0.02556,0.01278
2026-03-31,A,Envigado,Martes,Laboral,Residencial,0,21780,0.02792,0.09068,0.13283,0.10023,0.07966,0.04454,0.04022,0.04343,0.0444,0.05193,0.0528,0.05165,0.04697,0.04412,0.04821,0.04096,0.02865,0.01997,0.01084
2026-03-31,A,Exposiciones,Martes,Laboral,Centro_Empleo,0,22439,0.00606,0.01333,0.02638,0.05165,0.05776,0.04933,0.04051,0.04479,0.05223,0.05401,0.04064,0.07135,0.08445,0.12621,0.10232,0.06694,0.04831,0.04613,0.0176
2026-03-31,A,Hospital,Martes,Laboral,Centro_Empleo,0,26789,0.00713,0.0184,0.03192,0.04293,0.03625,0.04353,0.05506,0.04091,0.04143,0.05267,0.05331,0.05316,0.1065,0.1193,0.13151,0.0741,0.04058,0.03356,0.01777
2026-03-31,A,Industriales,Martes,Laboral,Centro_Empleo,0,27742,0.00735,0.01417,0.03882,0.0429,0.0403,0.05097,0.0377,0.05176,0.05129,0.0647,0.04401,0.06906,0.08918,0.12324,0.09873,0.06636,0.05641,0.03287,0.02015
2026-03-31,A,Itagüí,Martes,Laboral,Residencial,0,28707,0.03121,0.08207,0.14146,0.11691,0.0751,0.03362,0.03846,0.03922,0.04574,0.04765,0.03734,0.04351,0.05051,0.05034,0.06584,0.04393,0.02351,0.02195,0.01163
2026-03-31,A,La Estrella,Martes,Laboral,Residencial,0,22206,0.02824,0.06606,0.15581,0.08709,0.07151,0.05413,0.05219,0.0394,0.05422,0.04391,0.02882,0.05305,0.06359,0.06061,0.05039,0.0399,0.02508,0.01387,0.01211
2026-03-31,A,Madera,Martes,Laboral,Residencial,0,11572,0.03154,0.08495,0.14717,0.09583,0.07803,0.05306,0.03517,0.03327,0.0528,0.04528,0.03897,0.03871,0.05012,0.05245,0.05669,0.04502,0.02394,0.02273,0.01426
2026-03-31,A,Niquía,Martes,Laboral,Residencial,0,35550,0.02897,0.11159,0.12852,0.07336,0.0681,0.05494,0.05007,0.03716,0.0519,0.04655,0.04188,0.04647,0.05513,0.05828,0.05423,0.02951,0.02686,0.02394,0.01252
2026-03-31,A,Parque Berrío,Martes,Laboral,Centro_Empleo,0,42531,0.00891,0.01439,0.02991,0.05594,0.03931,0.04453,0.0497,0.04413,0.05144,0.05001,0.05194,0.07122,0.09534,0.10886,0.11481,0.08695,0.03992,0.02535,0.01733
2026-03-31,A,Poblado,Martes,Laboral,Centro_Empleo,0,38923,0.00699,0.01598,0.02983,0.05,0.04352,0.05573,0.03949,0.04594,0.08725,0.05197,0.03975,0.06729,0.08545,0.11117,0.10729,0.06158,0.05064,0.03443,0.01572
2026-03-31,A,Prado,Martes,Laboral,Centro_Empleo,0,20354,0.00634,0.01896,0.0397,0.0511,0.04215,0.05473,0.03434,0.04073,0.06018,0.05119,0.05797,0.06451,0.07286,0.10116,0.10283,0.09512,0.04284,0.03842,0.02486
2026-03-31,A,Sabaneta,Martes,Laboral,Residencial,0,16984,0.03703,0.07896,0.12082,0.08891,0.05882,0.06094,0.04787,0.05423,0.04704,0.04092,0.05193,0.03892,0.05694,0.05223,0.05747,0.04175,0.03156,0.02149,0.01219
2026-03-31,A,San Antonio,Martes,Laboral,Centro_Empleo,0,57477,0.00703,0.01642,0.02768,0.05129,0.04527,0.04167,0.04017,0.0423,0.05275,0.04739,0.05555,0.07177,0.08337,0.13315,0.10843,0.06336,0.06283,0.03274,0.01682
2026-03-31,A,Tricentenario,Martes,Laboral,Residencial,0,9976,0.02436,0.09934,0.16169,0.06967,0.06616,0.04751,0.05223,0.0411,0.05333,0.05523,0.0415,0.04571,0.04721,0.05373,0.04822,0.02686,0.03308,0.02085,0.01223
2026-03-31,A,Universidad,Martes,Laboral,Mixta,0,23426,0.01473,0.04858,0.07795,0.07411,0.05865,0.04794,0.0423,0.05682,0.04256,0.06326,0.0464,0.05033,0.06527,0.07718,0.07176,0.06271,0.04862,0.0315,0.01934
2026-03-31,B,Cisneros,Martes,Laboral,Centro_Empleo,0,17421,0.00631,0.01544,0.02738,0.04609,0.04317,0.0326,0.05964,0.05178,0.07244,0.06636,0.05849,0.06211,0.08036,0.0919,0.10929,0.07721,0.04615,0.03651,0.01676
2026-03-31,B,Estadio,Martes,Laboral,Mixta,0,18497,0.02119,0.04309,0.07363,0.09315,0.06655,0.04557,0.04644,0.0492,0.05671,0.05406,0.04384,0.06493,0.05455,0.07839,0.05752,0.05395,0.04125,0.03195,0.024
2026-03-31,B,Floresta,Martes,Laboral,Residencial,0,15378,0.02634,0.07426,0.11744,0.09767,0.08011,0.06035,0.0411,0.04389,0.05683,0.04142,0.03277,0.06262,0.04565,0.05944,0.05176,0.05189,0.02562,0.01853,0.01229
2026-03-31,B,San Antonio,Martes,Laboral,Centro_Empleo,0,37208,0.00742,0.01914,0.03752,0.04174,0.03849,0.04254,0.03042,0.05432,0.058,0.05243,0.04856,0.0588,0.08909,0.13277,0.10992,0.07251,0.05206,0.0308,0.02346
2026-03-31,B,San Javier,Martes,Laboral,Residencial,0,31492,0.03845,0.07132,0.12092,0.11358,0.07376,0.05547,0.0423,0.0396,0.05557,0.04757,0.05058,0.05405,0.04595,0.06049,0.04236,0.02756,0.0289,0.01994,0.01162
2026-03-31,B,Santa Lucía,Martes,Laboral,Residencial,0,13380,0.03229,0.08004,0.09948,0.10135,0.07541,0.05845,0.04589,0.04544,0.06106,0.04694,0.03767,0.04746,0.05404,0.0633,0.04978,0.02877,0.03214,0.0272,0.0133
2026-03-31,B,Suramericana,Martes,Laboral,Mixta,0,14489,0.01608,0.03886,0.0713,0.07716,0.07026,0.04093,0.04107,0.05031,0.04666,0.04107,0.04804,0.07675,0.07261,0.08917,0.08372,0.05273,0.04272,0.02719,0.01339
2026-04-01,A,Acevedo,Miércoles,Laboral,Residencial,0,27645,0.04493,0.09915,0.11333,0.10537,0.07061,0.05661,0.05184,0.04504,0.05683,0.03925,0.03621,0.04974,0.04381,0.05234,0.05401,0.02391,0.02746,0.01867,0.01092
2026-04-01,A,Aguacatala,Miércoles,Laboral,Mixta,0,18628,0.0277,0.04456,0.07956,0.10001,0.06383,0.03361,0.04112,0.04262,0.04606,0.04525,0.04429,0.04746,0.06447,0.0831,0.07881,0.06367,0.05041,0.02625,0.01723
2026-04-01,A,Alpujarra,Miércoles,Laboral,Centro_Empleo,0,25997,0.00646,0.01039,0.02277,0.0677,0.04651,0.04154,0.03835,0.04189,0.07912,0.06547,0.0417,0.0517,0.08189,0.10694,0.1234,0.07385,0.04758,0.03666,0.01608
2026-04-01,A,Ayurá,Miércoles,Laboral,Mixta,0,16355,0.01889,0.04494,0.0908,0.06799,0.06976,0.05405,0.03889,0.04335,0.05558,0.05546,0.06426,0.07203,0.05968,0.07441,0.07851,0.04146,0.0321,0.02268,0.01516
2026-04-01,A,Bello,Miércoles,Laboral,Residencial,0,22223,0.04329,0.07924,0.08127,0.11569,0.09099,0.05233,0.06039,0.04158,0.0589,0.04887,0.04549,0.04693,0.04338,0.03757,0.04891,0.03645,0.02709,0.0252,0.01642
2026-04-01,A,Caribe,Miércoles,Laboral,Mixta,0,19554,0.02112,0.0427,0.07293,0.09594,0.0605,0.03595,0.04383,0.04101,0.05283,0.06541,0.05994,0.0538,0.07277,0.08106,0.06485,0.05186,0.03524,0.02905,0.01923
2026-04-01,A,Envigado,Miércoles,Laboral,Residencial,0,22372,0.03947,0.0809,0.11197,0.09816,0.0805,0.05838,0.04367,0.03679,0.03688,0.04921,0.04595,0.04139,0.05212,0.05002,0.05029,0.0523,0.03084,0.03048,0.01068
2026-04-01,A,Exposiciones,Miércoles,Laboral,Centro_Empleo,0,21042,0.00632,0.01744,0.03184,0.04814,0.04277,0.04786,0.0375,0.04942,0.06026,0.06012,0.04947,0.06021,0.08032,0.09818,0.11011,0.08702,0.05622,0.0441,0.01269
2026-04-01,A,Hospital,Miércoles,Laboral,Centro_Empleo,0,27219,0.00893,0.01767,0.03362,0.05357,0.06382,0.04659,0.03916,0.04339,0.06742,0.0539,0.05478,0.04063,0.06811,0.11775,0.11191,0.07609,0.04875,0.03711,0.01683
2026-04-01,A,Industriales,Miércoles,Laboral,Centro_Empleo,0,29577,0.00639,0.01613,0.02914,0.03979,0.0662,0.04057,0.04446,0.04568,0.05711,0.05305,0.04547,0.05744,0.08432,0.10197,0.12486,0.08209,0.04466,0.04192,0.01873
2026-04-01,A,Itagüí,Miércoles,Laboral,Residencial,0,29444,0.03709,0.07384,0.09819,0.12427,0.09204,0.05998,0.03817,0.03783,0.04228,0.04592,0.04636,0.04486,0.03862,0.05234,0.05828,0.04646,0.0304,0.02034,0.01274
2026-04-01,A,La Estrella,Miércoles,Laboral,Residencial,0,21020,0.05152,0.06437,0.12255,0.10657,0.08478,0.05847,0.05,0.03578,0.05433,0.049,0.05219,0.04876,0.04305,0.04286,0.04091,0.03049,0.03149,0.01908,0.0138
2026-04-01,A,Madera,Miércoles,Laboral,Residencial,0,11314,0.03977,0.08441,0.10783,0.11826,0.06735,0.04897,0.04808,0.0457,0.05418,0.04941,0.0586,0.0403,0.04128,0.03933,0.05082,0.03465,0.03394,0.02439,0.01273
2026-04-01,A,Niquía,Miércoles,Laboral,Residencial,0,35387,0.03713,0.096,0.10894,0.10945,0.07192,0.05745,0.03798,0.03863,0.05101,0.04801,0.05013,0.04555,0.05446,0.0544,0.04468,0.0314,0.02792,0.02145,0.01351
2026-04-01,A,Parque Berrío,Miércoles,Laboral,Centro_Empleo,0,42915,0.01065,0.01664,0.0261,0.04863,0.04462,0.04211,0.03696,0.04968,0.0672,0.04402,0.06902,0.05963,0.06545,0.13091,0.10658,0.07706,0.05187,0.03866,0.01421
2026-04-01,A,Poblado,Miércoles,Laboral,Centro_Empleo,0,37681,0.0091,0.01375,0.04262,0.04636,0.04817,0.03761,0.04586,0.03723,0.06319,0.05666,0.0474,0.06361,0.10862,0.09198,0.09166,0.08253,0.05592,0.04382,0.01391
2026-04-01,A,Prado,Miércoles,Laboral,Centro_Empleo,0,21974,0.00614,0.0137,0.03768,0.0572,0.04615,0.02853,0.03886,0.04787,0.07395,0.06676,0.05966,0.05889,0.07686,0.10171,0.08801,0.09529,0.05252,0.03745,0.01274
2026-04-01,A,Sabaneta,Miércoles,Laboral,Residencial,0,16139,0.04629,0.07411,0.10849,0.11221,0.07442,0.05013,0.04604,0.04666,0.04994,0.04269,0.04436,0.04139,0.04926,0.04151,0.05273,0.04201,0.03798,0.02689,0.01289
2026-04-01,A,San Antonio,Miércoles,Laboral,Centro_Empleo,0,62751,0.00657,0.01842,0.0302,0.04588,0.04948,0.04386,0.03696,0.04899,0.0633,0.04441,0.04374,0.05347,0.08271,0.12994,0.11597,0.07479,0.05286,0.04108,0.01739
2026-04-01,A,Tricentenario,Miércoles,Laboral,Residencial,0,9249,0.04768,0.06855,0.11353,0.10542,0.06963,0.06325,0.04519,0.0466,0.04227,0.05125,0.05017,0.04054,0.0479,0.05957,0.04736,0.03946,0.03709,0.01427,0.01027
2026-04-01,A,Universidad,Miércoles,Laboral,Mixta,0,24354,0.01926,0.05502,0.0781,0.07342,0.05987,0.04299,0.04336,0.03622,0.05231,0.05551,0.04172,0.07268,0.06163,0.09723,0.08853,0.0512,0.03507,0.02135,0.01454
2026-04-01,B,Cisneros,Miércoles,Laboral,Centro_Empleo,0,16291,0.00724,0.01909,0.03566,0.04137,0.0534,0.03677,0.05807,0.05813,0.05076,0.04696,0.04929,0.06249,0.07667,0.1081,0.13406,0.06795,0.05365,0.0232,0.01713
2026-04-01,B,Estadio,Miércoles,Laboral,Mixta,1,23062,0.01752,0.03521,0.05875,0.05195,0.04722,0.03929,0.03629,0.0346,0.04362,0.05711,0.04375,0.03686,0.06296,0.12323,0.13004,0.07246,0.05737,0.03994,0.01184
2026-04-01,B,Floresta,Miércoles,Laboral,Residencial,0,16511,0.03549,0.06608,0.11302,0.11398,0.0811,0.06426,0.03652,0.03434,0.04706,0.06081,0.04591,0.05263,0.05221,0.04494,0.04312,0.05075,0.02229,0.02144,0.01405
2026-04-01,B,San Antonio,Miércoles,Laboral,Centro_Empleo,0,37070,0.00947,0.01519,0.04416,0.05438,0.04745,0.03359,0.03488,0.0416,0.0696,0.05053,0.07494,0.06577,0.07197,0.1014,0.08705,0.09083,0.05125,0.0389,0.01705
2026-04-01,B,San Javier,Miércoles,Laboral,Residencial,0,29717,0.03365,0.09183,0.14551,0.10028,0.06845,0.04674,0.04274,0.04227,0.04408,0.04647,0.05169,0.04792,0.04654,0.0491,0.04173,0.0391,0.03106,0.01807,0.01279
2026-04-01,B,Santa Lucía,Miércoles,Laboral,Residencial,0,14704,0.03088,0.07461,0.15724,0.11099,0.07835,0.04924,0.04958,0.03734,0.03638,0.05114,0.04971,0.03727,0.04883,0.04108,0.04829,0.02992,0.03482,0.02401,0.01034
2026-04-01,B,Suramericana,Miércoles,Laboral,Mixta,1,17181,0.017,0.03626,0.05622,0.05052,0.04744,0.03568,0.03323,0.02753,0.05733,0.04907,0.05279,0.03481,0.06007,0.11734,0.12927,0.09365,0.05361,0.03748,0.01071
2026-04-02,A,Acevedo,Jueves,Domingo_Festivo,Residencial,0,18818,0.0,0.0169,0.02838,0.03491,0.0516,0.04427,0.06643,0.05984,0.07604,0.08412,0.06584,0.05856,0.09703,0.09634,0.07163,0.07195,0.05096,0.02519,0.0
2026-04-02,A,Aguacatala,Jueves,Domingo_Festivo,Mixta,0,10523,0.0,0.01568,0.03231,0.04466,0.05607,0.06519,0.06595,0.06358,0.06956,0.06063,0.07289,0.0651,0.07669,0.11651,0.06519,0.05654,0.04362,0.02984,0.0
2026-04-02,A,Alpujarra,Jueves,Domingo_Festivo,Centro_Empleo,0,13171,0.0,0.01921,0.02969,0.0451,0.05307,0.06028,0.0593,0.07471,0.07418,0.07904,0.06583,0.08261,0.08473,0.11396,0.05072,0.04988,0.03227,0.02543,0.0
2026-04-02,A,Ayurá,Jueves,Domingo_Festivo,Mixta,0,9490,0.0,0.01918,0.03762,0.04046,0.04352,0.06154,0.07439,0.07534,0.07408,0.06786,0.05469,0.09494,0.07492,0.07871,0.06164,0.07007,0.04236,0.02866,0.0
2026-04-02,A,Bello,Jueves,Domingo_Festivo,Residencial,0,14375,0.0,0.01843,0.02859,0.0528,0.05092,0.05774,0.06553,0.07499,0.06219,0.06518,0.0752,0.08083,0.07882,0.08014,0.06845,0.06678,0.05057,0.02282,0.0
2026-04-02,A,Caribe,Jueves,Domingo_Festivo,Mixta,0,12250,0.0,0.01829,0.0351,0.05102,0.05804,0.05478,0.06506,0.06416,0.07812,0.07404,0.07159,0.07902,0.07682,0.08033,0.06702,0.05804,0.04367,0.0249,0.0
2026-04-02,A,Envigado,Jueves,Domingo_Festivo,Residencial,0,14024,0.0,0.02239,0.03501,0.05191,0.05968,0.06853,0.06475,0.06981,0.07416,0.0579,0.06361,0.06895,0.08507,0.09762,0.05555,0.06111,0.04064,0.02332,0.0
2026-04-02,A,Exposiciones,Jueves,Domingo_Festivo,Centro_Empleo,0,12125,0.0,0.01551,0.02466,0.04,0.04874,0.05402,0.07992,0.09023,0.07571,0.07167,0.10367,0.0612,0.0706,0.07695,0.04981,0.05955,0.04891,0.02887,0.0
2026-04-02,A,Hospital,Jueves,Domingo_Festivo,Centro_Empleo,0,15003,0.0,0.01613,0.03613,0.05446,0.05579,0.06792,0.07185,0.05706,0.07512,0.06019,0.07239,0.07199,0.07632,0.09691,0.05612,0.05059,0.05719,0.02386,0.0
2026-04-02,A,Industriales,Jueves,Domingo_Festivo,Centro_Empleo,0,17116,0.0,0.01805,0.02057,0.05106,0.05913,0.07291,0.05831,0.0749,0.06888,0.06327,0.07934,0.06041,0.07268,0.09068,0.06292,0.07233,0.05241,0.02214,0.0
2026-04-02,A,Itagüí,Jueves,Domingo_Festivo,Residencial,0,17676,0.0,0.01511,0.03332,0.03151,0.04752,0.06082,0.05957,0.08379,0.07321,0.08729,0.07977,0.06619,0.08005,0.09007,0.06104,0.05771,0.05216,0.02088,0.0
2026-04-02,A,La Estrella,Jueves,Domingo_Festivo,Residencial,0,13960,0.0,0.0217,0.03052,0.04434,0.06175,0.05451,0.07865,0.08832,0.06898,0.0606,0.06977,0.06153,0.10852,0.07894,0.05903,0.05244,0.0399,0.02049,0.0
2026-04-02,A,Madera,Jueves,Domingo_Festivo,Residencial,0,7001,0.0,0.01957,0.03571,0.04928,0.04842,0.04999,0.07128,0.0857,0.08656,0.07527,0.08242,0.0827,0.07213,0.06171,0.06156,0.06342,0.03328,0.021,0.0
2026-04-02,A,Niquía,Jueves,Domingo_Festivo,Residencial,0,22342,0.0,0.01307,0.026,0.05076,0.05264,0.08092,0.06669,0.06025,0.05496,0.06969,0.09798,0.09032,0.09265,0.07403,0.04301,0.05246,0.0521,0.02247,0.0
2026-04-02,A,Parque Berrío,Jueves,Domingo_Festivo,Centro_Empleo,0,21802,0.0,0.01862,0.0316,0.04458,0.051,0.07307,0.07137,0.05995,0.07137,0.07788,0.07009,0.05944,0.08362,0.09949,0.0516,0.05766,0.04862,0.03004,0.0
2026-04-02,A,Poblado,Jueves,Domingo_Festivo,Centro_Empleo,0,22338,0.0,0.02032,0.03729,0.05117,0.05112,0.04714,0.06988,0.06518,0.07928,0.05994,0.09347,0.08219,0.07172,0.07763,0.06746,0.06496,0.03823,0.02301,0.0
2026-04-02,A,Prado,Jueves,Domingo_Festivo,Centro_Empleo,0,11706,0.0,0.01495,0.02477,0.04724,0.05416,0.06074,0.09918,0.0762,0.08987,0.0469,0.07936,0.06638,0.07817,0.06723,0.06005,0.05407,0.0516,0.02913,0.0
2026-04-02,A,Sabaneta,Jueves,Domingo_Festivo,Residencial,0,10470,0.0,0.02235,0.02989,0.0469,0.04556,0.06275,0.06619,0.06266,0.09179,0.05673,0.08004,0.07259,0.08481,0.08949,0.05817,0.05874,0.04709,0.02426,0.0
2026-04-02,A,San Antonio,Jueves,Domingo_Festivo,Centro_Empleo,0,31418,0.0,0.02088,0.03409,0.04723,0.05131,0.06356,0.08021,0.08817,0.06474,0.08202,0.05147,0.08272,0.06967,0.0796,0.0607,0.055,0.0374,0.03122,0.0
2026-04-02,A,Tricentenario,Jueves,Domingo_Festivo,Residencial,0,6269,0.0,0.01468,0.02441,0.0335,0.05152,0.0477,0.07178,0.06317,0.07194,0.08359,0.06732,0.05695,0.08422,0.11421,0.07051,0.07545,0.04339,0.02568,0.0
2026-04-02,A,Universidad,Jueves,Domingo_Festivo,Mixta,0,13791,0.0,0.01791,0.02777,0.03212,0.05308,0.05547,0.07991,0.06932,0.0649,0.05533,0.10304,0.07563,0.09738,0.08527,0.05786,0.05264,0.0496,0.02277,0.0
2026-04-02,B,Cisneros,Jueves,Domingo_Festivo,Centro_Empleo,0,8896,0.0,0.01754,0.03103,0.04969,0.06036,0.06138,0.05564,0.06846,0.07644,0.07059,0.08701,0.0806,0.09038,0.05598,0.07161,0.05969,0.03608,0.02754,0.0
2026-04-02,B,Estadio,Jueves,Domingo_Festivo,Mixta,0,10173,0.0,0.01878,0.02575,0.04158,0.05406,0.06714,0.06203,0.06596,0.08326,0.06724,0.08316,0.07628,0.08582,0.08051,0.07166,0.05465,0.04011,0.02202,0.0
2026-04-02,B,Floresta,Jueves,Domingo_Festivo,Residencial,0,9896,0.0,0.01273,0.02385,0.04901,0.04941,0.06083,0.07458,0.07195,0.07771,0.058,0.0769,0.06508,0.08488,0.09711,0.07276,0.06043,0.04315,0.02162,0.0
2026-04-02,B,San Antonio,Jueves,Domingo_Festivo,Centro_Empleo,0,20862,0.0,0.01735,0.0371,0.03701,0.05647,0.07372,0.07056,0.08331,0.06572,0.04923,0.06807,0.08144,0.07856,0.07276,0.05,0.06279,0.0649,0.03101,0.0
2026-04-02,B,San Javier,Jueves,Domingo_Festivo,Residencial,0,19145,0.0,0.01933,0.02659,0.0479,0.06049,0.0654,0.0725,0.09115,0.04753,0.0609,0.06482,0.06482,0.08321,0.09663,0.07109,0.05458,0.04962,0.02345,0.0
2026-04-02,B,Santa Lucía,Jueves,Domingo_Festivo,Residencial,0,8669,0.0,0.01857,0.03657,0.03749,0.06021,0.0616,0.07533,0.05975,0.05791,0.06933,0.07336,0.07233,0.0849,0.08928,0.06944,0.06391,0.04683,0.02319,0.0
2026-04-02,B,Suramericana,Jueves,Domingo_Festivo,Mixta,0,8536,0.0,0.01968,0.03749,0.03925,0.05131,0.07568,0.0731,0.08482,0.07545,0.06197,0.06443,0.07627,0.08435,0.08903,0.05436,0.04815,0.04452,0.02015,0.0
2026-04-03,A,Acevedo,Viernes,Domingo_Festivo,Residencial,0,18312,0.0,0.01513,0.03287,0.03948,0.0438,0.08568,0.0788,0.06733,0.07159,0.07236,0.05625,0.07558,0.08295,0.06231,0.09087,0.06247,0.03713,0.02539,0.0
2026-04-03,A,Aguacatala,Viernes,Domingo_Festivo,Mixta,0,11216,0.0,0.01792,0.03129,0.05243,0.05626,0.06758,0.06384,0.09264,0.07079,0.06,0.06945,0.08702,0.05876,0.05991,0.0962,0.05064,0.04422,0.02104,0.0
2026-04-03,A,Alpujarra,Viernes,Domingo_Festivo,Centro_Empleo,0,14607,0.0,0.01191,0.03485,0.04984,0.06422,0.07585,0.06531,0.06853,0.06271,0.06716,0.06134,0.0775,0.07887,0.06606,0.08338,0.06401,0.04313,0.02533,0.0
2026-04-03,A,Ayurá,Viernes,Domingo_Festivo,Mixta,0,10237,0.0,0.01612,0.03126,0.04962,0.06711,0.08655,0.06525,0.0719,0.07024,0.05959,0.05861,0.08293,0.07336,0.07522,0.05929,0.08049,0.03136,0.0211,0.0
2026-04-03,A,Bello,Viernes,Domingo_Festivo,Residencial,0,15345,0.0,0.02496,0.03135,0.04203,0.04405,0.07384,0.07097,0.06113,0.06686,0.06132,0.06204,0.09169,0.06888,0.07996,0.08022,0.06465,0.04334,0.03271,0.0
2026-04-03,A,Caribe,Viernes,Domingo_Festivo,Mixta,0,12888,0.0,0.02149,0.03616,0.03755,0.0405,0.08783,0.06277,0.06394,0.06099,0.06525,0.06479,0.07976,0.08209,0.07666,0.08644,0.06254,0.04888,0.02235,0.0
2026-04-03,A,Envigado,Viernes,Domingo_Festivo,Residencial,0,14545,0.0,0.01946,0.03389,0.03774,0.0515,0.05645,0.06201,0.05548,0.10292,0.06813,0.09185,0.09453,0.0605,0.07411,0.06531,0.05101,0.04758,0.0275,0.0
2026-04-03,A,Exposiciones,Viernes,Domingo_Festivo,Centro_Empleo,0,12880,0.0,0.01553,0.02873,0.03991,0.07601,0.0538,0.06242,0.06817,0.07112,0.06972,0.0816,0.09154,0.08121,0.08525,0.06157,0.05031,0.04092,0.0222,0.0
2026-04-03,A,Hospital,Viernes,Domingo_Festivo,Centro_Empleo,0,15865,0.0,0.01954,0.02729,0.04355,0.0665,0.06524,0.07488,0.06152,0.08724,0.0653,0.06196,0.06499,0.05761,0.10249,0.0914,0.0532,0.03542,0.02187,0.0
2026-04-03,A,Industriales,Viernes,Domingo_Festivo,Centro_Empleo,0,17504,0.0,0.02405,0.02319,0.04005,0.0557,0.07301,0.06273,0.07907,0.06833,0.07073,0.0537,0.08644,0.07884,0.07638,0.07924,0.06204,0.04005,0.02645,0.0
2026-04-03,A,Itagüí,Viernes,Domingo_Festivo,Residencial,0,18603,0.0,0.01967,0.03295,0.05123,0.06107,0.05413,0.068,0.07773,0.06531,0.06735,0.08918,0.11487,0.06983,0.06322,0.05504,0.04827,0.03526,0.02688,0.0
2026-04-03,A,La Estrella,Viernes,Domingo_Festivo,Residencial,0,14416,0.0,0.01193,0.02435,0.03718,0.05237,0.08033,0.05418,0.06729,0.08317,0.06638,0.06576,0.08449,0.08234,0.07457,0.09614,0.05771,0.03982,0.02199,0.0
2026-04-03,A,Madera,Viernes,Domingo_Festivo,Residencial,0,7587,0.0,0.01568,0.03361,0.04626,0.05589,0.06419,0.07961,0.07948,0.07526,0.05668,0.07144,0.06907,0.0829,0.06524,0.07394,0.06986,0.04033,0.02056,0.0
2026-04-03,A,Niquía,Viernes,Domingo_Festivo,Residencial,0,22375,0.0,0.01627,0.03084,0.04863,0.03924,0.07093,0.09064,0.05716,0.07991,0.08228,0.06355,0.07441,0.07741,0.05654,0.07455,0.06677,0.04831,0.02257,0.0
2026-04-03,A,Parque Berrío,Viernes,Domingo_Festivo,Centro_Empleo,0,22759,0.0,0.02004,0.02931,0.04029,0.04209,0.07553,0.09319,0.07443,0.06437,0.0794,0.07303,0.07927,0.05984,0.07122,0.08476,0.05141,0.03998,0.02184,0.0
2026-04-03,A,Poblado,Viernes,Domingo_Festivo,Centro_Empleo,0,23497,0.0,0.02371,0.02805,0.03783,0.04141,0.04873,0.09108,0.06843,0.07409,0.0715,0.0758,0.09376,0.08295,0.07592,0.07107,0.05179,0.04052,0.02336,0.0
2026-04-03,A,Prado,Viernes,Domingo_Festivo,Centro_Empleo,0,12400,0.0,0.01944,0.03065,0.04185,0.05831,0.06548,0.06089,0.07315,0.08879,0.06226,0.07315,0.09355,0.06919,0.08056,0.0604,0.05702,0.03613,0.02919,0.0
2026-04-03,A,Sabaneta,Viernes,Domingo_Festivo,Residencial,0,11223,0.0,0.02032,0.03038,0.04241,0.04642,0.07173,0.06709,0.07556,0.09115,0.063,0.0499,0.07663,0.09472,0.07191,0.07449,0.06095,0.03769,0.02566,0.0
2026-04-03,A,San Antonio,Viernes,Domingo_Festivo,Centro_Empleo,0,35299,0.0,0.0147,0.02807,0.03111,0.05751,0.073,0.05859,0.06921,0.05805,0.06451,0.07453,0.10388,0.0789,0.07728,0.08411,0.06028,0.03864,0.02762,0.0
2026-04-03,A,Tricentenario,Viernes,Domingo_Festivo,Residencial,0,6890,0.0,0.02293,0.03091,0.03019,0.05327,0.05718,0.06372,0.06473,0.06604,0.08476,0.0926,0.07358,0.07576,0.08041,0.08258,0.05951,0.03919,0.02264,0.0
2026-04-03,A,Universidad,Viernes,Domingo_Festivo,Mixta,0,13833,0.0,0.01771,0.02386,0.0475,0.05169,0.08032,0.06383,0.08415,0.05834,0.07142,0.07815,0.07591,0.07511,0.0754,0.08762,0.05284,0.03347,0.0227,0.0
2026-04-03,B,Cisneros,Viernes,Domingo_Festivo,Centro_Empleo,0,8969,0.0,0.02297,0.02943,0.04014,0.04761,0.0543,0.07782,0.05408,0.05564,0.08485,0.07582,0.08964,0.07537,0.06266,0.07704,0.08295,0.04516,0.02453,0.0
2026-04-03,B,Estadio,Viernes,Domingo_Festivo,Mixta,0,10970,0.0,0.01705,0.03519,0.04986,0.05105,0.07201,0.07001,0.09335,0.06746,0.05725,0.08487,0.05907,0.07821,0.07092,0.07329,0.05533,0.03947,0.02562,0.0
2026-04-03,B,Floresta,Viernes,Domingo_Festivo,Residencial,0,10297,0.0,0.02146,0.03283,0.04186,0.04322,0.05798,0.06856,0.06507,0.07128,0.0571,0.0707,0.07721,0.0876,0.07633,0.07672,0.07488,0.0505,0.02671,0.0
2026-04-03,B,San Antonio,Viernes,Domingo_Festivo,Centro_Empleo,0,21570,0.0,0.02953,0.0287,0.04108,0.03588,0.07214,0.06328,0.06783,0.07608,0.07733,0.07501,0.07895,0.08127,0.07353,0.07163,0.06453,0.03941,0.02383,0.0
2026-04-03,B,San Javier,Viernes,Domingo_Festivo,Residencial,0,19112,0.0,0.01941,0.03009,0.04662,0.05698,0.07357,0.06509,0.05766,0.08215,0.071,0.08073,0.07325,0.06033,0.07194,0.06608,0.06844,0.04338,0.03328,0.0
2026-04-03,B,Santa Lucía,Viernes,Domingo_Festivo,Residencial,0,9837,0.0,0.01901,0.03324,0.04514,0.04636,0.0673,0.0613,0.07817,0.05764,0.06201,0.09108,0.08803,0.07512,0.07146,0.0734,0.06445,0.04249,0.02379,0.0
2026-04-03,B,Suramericana,Viernes,Domingo_Festivo,Mixta,0,7994,0.0,0.01851,0.03052,0.03665,0.05417,0.05554,0.08181,0.05479,0.07368,0.08669,0.08807,0.08269,0.06592,0.07343,0.08144,0.05404,0.04241,0.01964,0.0
2026-04-04,A,Acevedo,Sábado,Sábado,Residencial,0,29410,0.01034,0.02333,0.03519,0.05437,0.06756,0.06668,0.05393,0.07079,0.07225,0.07066,0.06498,0.06739,0.0677,0.07212,0.06256,0.05651,0.04311,0.02758,0.01295
2026-04-04,A,Aguacatala,Sábado,Sábado,Mixta,0,17424,0.01475,0.0334,0.05624,0.04873,0.06474,0.04976,0.06256,0.07449,0.06657,0.05515,0.07472,0.07639,0.05808,0.06818,0.06112,0.05412,0.0361,0.026,0.01888
2026-04-04,A,Alpujarra,Sábado,Sábado,Centro_Empleo,0,19589,0.01613,0.03094,0.03083,0.05641,0.06473,0.06621,0.06897,0.05529,0.06014,0.07326,0.06626,0.08352,0.06131,0.06269,0.04503,0.06029,0.04661,0.03573,0.01567
2026-04-04,A,Ayurá,Sábado,Sábado,Mixta,0,15929,0.01375,0.02838,0.0398,0.03899,0.05707,0.0496,0.06849,0.05468,0.08274,0.06516,0.08814,0.07948,0.05612,0.07427,0.05895,0.05368,0.04621,0.02781,0.0167
2026-04-04,A,Bello,Sábado,Sábado,Residencial,0,21726,0.01505,0.03337,0.03503,0.04119,0.06541,0.0741,0.05629,0.0551,0.07401,0.07328,0.06246,0.07208,0.06918,0.06145,0.06518,0.05638,0.03889,0.0354,0.01616
2026-04-04,A,Caribe,Sábado,Sábado,Mixta,0,18432,0.01508,0.02658,0.04036,0.04362,0.04899,0.06863,0.06131,0.05377,0.074,0.07254,0.07167,0.07313,0.08371,0.05339,0.07248,0.05225,0.04161,0.02702,0.01986
2026-04-04,A,Envigado,Sábado,Sábado,Residencial,0,22531,0.01207,0.02574,0.04163,0.05046,0.06045,0.05685,0.05752,0.07221,0.07177,0.07701,0.06959,0.06169,0.06165,0.05592,0.06751,0.06054,0.04083,0.03626,0.02028
2026-04-04,A,Exposiciones,Sábado,Sábado,Centro_Empleo,0,19073,0.0183,0.03487,0.03245,0.05217,0.05117,0.05605,0.06297,0.05741,0.06895,0.09149,0.06522,0.05385,0.06748,0.06465,0.06417,0.07172,0.04126,0.02726,0.01856
2026-04-04,A,Hospital,Sábado,Sábado,Centro_Empleo,0,23748,0.01427,0.02678,0.03445,0.06156,0.05398,0.05622,0.08607,0.06076,0.06826,0.08359,0.07074,0.05483,0.0563,0.07596,0.06034,0.06215,0.02998,0.02661,0.01714
2026-04-04,A,Industriales,Sábado,Sábado,Centro_Empleo,0,26236,0.01498,0.02458,0.04155,0.04856,0.06377,0.06354,0.06525,0.05835,0.08092,0.08351,0.07322,0.06312,0.05542,0.05359,0.04879,0.06022,0.04875,0.03213,0.01974
2026-04-04,A,Itagüí,Sábado,Sábado,Residencial,0,27870,0.01529,0.0315,0.03839,0.05716,0.04442,0.05335,0.05113,0.07252,0.07872,0.07542,0.05956,0.07607,0.04661,0.06577,0.07112,0.06735,0.03915,0.03287,0.02361
2026-04-04,A,La Estrella,Sábado,Sábado,Residencial,0,20553,0.01309,0.0255,0.05454,0.05571,0.04612,0.07702,0.05644,0.06471,0.04505,0.07357,0.06821,0.06325,0.07366,0.065,0.05629,0.06048,0.04413,0.03776,0.01946
2026-04-04,A,Madera,Sábado,Sábado,Residencial,0,11131,0.01509,0.02641,0.03863,0.05525,0.04977,0.05471,0.04887,0.06945,0.07088,0.07969,0.06801,0.07043,0.0858,0.07025,0.05911,0.05121,0.03441,0.0354,0.01662
2026-04-04,A,Niquía,Sábado,Sábado,Residencial,0,35570,0.01265,0.02879,0.04282,0.04911,0.06168,0.06118,0.05912,0.06486,0.06497,0.08187,0.04751,0.06151,0.06179,0.0957,0.06441,0.05291,0.0327,0.03573,0.02069
2026-04-04,A,Parque Berrío,Sábado,Sábado,Centro_Empleo,0,37239,0.01321,0.03188,0.04401,0.04458,0.06034,0.05177,0.08153,0.06625,0.05502,0.0717,0.06359,0.0822,0.06542,0.06372,0.06899,0.05526,0.03531,0.02908,0.01614
2026-04-04,A,Poblado,Sábado,Sábado,Centro_Empleo,0,34812,0.01031,0.0247,0.05248,0.06351,0.05038,0.06348,0.06185,0.07446,0.07026,0.0561,0.06989,0.05705,0.06532,0.06989,0.05966,0.05869,0.03671,0.03941,0.01583
2026-04-04,A,Prado,Sábado,Sábado,Centro_Empleo,0,20570,0.01152,0.03072,0.03281,0.05158,0.05372,0.0472,0.08838,0.07263,0.0807,0.08668,0.05557,0.0649,0.07696,0.05771,0.05309,0.06072,0.03403,0.02873,0.01235
2026-04-04,A,Sabaneta,Sábado,Sábado,Residencial,0,16900,0.01663,0.02728,0.04805,0.05615,0.04154,0.05272,0.06663,0.05527,0.07781,0.08219,0.06917,0.08201,0.05544,0.05609,0.05704,0.05396,0.05379,0.03337,0.01485
2026-04-04,A,San Antonio,Sábado,Sábado,Centro_Empleo,0,54493,0.01118,0.02955,0.0443,0.04267,0.07131,0.04918,0.08427,0.05511,0.06285,0.06727,0.06768,0.05984,0.07078,0.07304,0.06518,0.05815,0.03967,0.03122,0.01675
2026-04-04,A,Tricentenario,Sábado,Sábado,Residencial,0,10599,0.01491,0.02519,0.04104,0.06604,0.04548,0.06444,0.07821,0.07161,0.05519,0.06972,0.07161,0.06586,0.06869,0.05501,0.05208,0.05821,0.04095,0.04,0.01576
2026-04-04,A,Universidad,Sábado,Sábado,Mixta,0,20908,0.01033,0.0209,0.05419,0.05811,0.06022,0.05735,0.08289,0.05127,0.06098,0.07629,0.06194,0.07031,0.06165,0.06055,0.05629,0.06768,0.03802,0.03334,0.0177
2026-04-04,B,Cisneros,Sábado,Sábado,Centro_Empleo,0,14109,0.0107,0.03048,0.04338,0.04501,0.04883,0.08122,0.06152,0.0674,0.05925,0.08519,0.07988,0.0713,0.05599,0.06457,0.05068,0.06287,0.03664,0.03005,0.01503
2026-04-04,B,Estadio,Sábado,Sábado,Mixta,0,18384,0.01305,0.03362,0.0402,0.06185,0.04863,0.06413,0.06848,0.06185,0.08012,0.08306,0.07387,0.05983,0.0532,0.05641,0.07207,0.04781,0.03867,0.02845,0.01469
2026-04-04,B,Floresta,Sábado,Sábado,Residencial,0,15712,0.01324,0.02743,0.05283,0.03908,0.05524,0.0674,0.06053,0.07141,0.06498,0.05843,0.08318,0.08688,0.07237,0.05251,0.05028,0.04793,0.04022,0.03921,0.01687
2026-04-04,B,San Antonio,Sábado,Sábado,Centro_Empleo,0,34558,0.01059,0.02379,0.04905,0.06213,0.07037,0.04448,0.05371,0.06462,0.06427,0.0873,0.06534,0.06077,0.06467,0.07894,0.05926,0.05718,0.03684,0.02694,0.01976
2026-04-04,B,San Javier,Sábado,Sábado,Residencial,0,30882,0.01522,0.03465,0.0319,0.06156,0.07147,0.07406,0.0624,0.05725,0.05427,0.07451,0.06716,0.06985,0.06029,0.07208,0.05621,0.05009,0.04462,0.02616,0.01626
2026-04-04,B,Santa Lucía,Sábado,Sábado,Residencial,0,14675,0.01261,0.02664,0.03939,0.05077,0.05547,0.06324,0.07196,0.08014,0.08893,0.07203,0.06685,0.05697,0.06215,0.05363,0.05833,0.05758,0.04327,0.02419,0.01588
2026-04-04,B,Suramericana,Sábado,Sábado,Mixta,0,11691,0.01394,0.03182,0.0408,0.05312,0.06886,0.06663,0.06321,0.05414,0.06543,0.0816,0.05269,0.05979,0.07596,0.05868,0.06321,0.04901,0.05269,0.03139,0.01702
2026-04-05,A,Acevedo,Domingo,Domingo_Festivo,Residencial,0,18060,0.0,0.01944,0.03184,0.04557,0.06058,0.05947,0.07957,0.07741,0.07054,0.06628,0.05637,0.0938,0.07669,0.09629,0.05581,0.05122,0.03516,0.02398,0.0
2026-04-05,A,Aguacatala,Domingo,Domingo_Festivo,Mixta,0,10798,0.0,0.01398,0.04047,0.04955,0.0652,0.05344,0.08048,0.06603,0.05482,0.07946,0.07492,0.09696,0.06446,0.08474,0.05149,0.05501,0.04177,0.02723,0.0
2026-04-05,A,Alpujarra,Domingo,Domingo_Festivo,Centro_Empleo,0,12663,0.0,0.01643,0.03246,0.05678,0.05433,0.06049,0.06918,0.07779,0.05954,0.08576,0.08371,0.0597,0.06578,0.08505,0.08118,0.05149,0.03348,0.02685,0.0
2026-04-05,A,Ayurá,Domingo,Domingo_Festivo,Mixta,0,10497,0.0,0.01829,0.03182,0.04449,0.04849,0.05926,0.05725,0.08412,0.0805,0.06964,0.07726,0.08441,0.05764,0.07393,0.07764,0.06545,0.0483,0.02153,0.0
2026-04-05,A,Bello,Domingo,Domingo_Festivo,Residencial,0,14851,0.0,0.01495,0.02835,0.03892,0.06249,0.05178,0.06316,0.06794,0.0569,0.09858,0.06861,0.08316,0.08161,0.08882,0.07178,0.05522,0.04343,0.02431,0.0
2026-04-05,A,Caribe,Domingo,Domingo_Festivo,Mixta,0,11104,0.0,0.02098,0.03386,0.03701,0.04818,0.07862,0.06133,0.06592,0.07934,0.09708,0.06898,0.07394,0.08294,0.07988,0.06925,0.04206,0.03557,0.02504,0.0
2026-04-05,A,Envigado,Domingo,Domingo_Festivo,Residencial,0,13606,0.0,0.01624,0.03697,0.03271,0.04483,0.06056,0.07085,0.05409,0.07004,0.07004,0.08232,0.07408,0.08533,0.09025,0.0771,0.05424,0.05681,0.02352,0.0
2026-04-05,A,Exposiciones,Domingo,Domingo_Festivo,Centro_Empleo,0,11626,0.0,0.01849,0.03114,0.04,0.08034,0.07199,0.04619,0.07225,0.07354,0.06159,0.08034,0.08352,0.06683,0.07414,0.07931,0.04765,0.04309,0.02959,0.0
2026-04-05,A,Hospital,Domingo,Domingo_Festivo,Centro_Empleo,0,15088,0.0,0.01816,0.022,0.04712,0.04785,0.05077,0.06959,0.0625,0.07622,0.06707,0.06356,0.09027,0.10021,0.06588,0.06873,0.07158,0.04997,0.0285,0.0
2026-04-05,A,Industriales,Domingo,Domingo_Festivo,Centro_Empleo,0,16605,0.0,0.02144,0.04011,0.05312,0.05709,0.05294,0.06835,0.07998,0.07865,0.07817,0.06076,0.08497,0.06896,0.08263,0.06558,0.05125,0.03409,0.02192,0.0
2026-04-05,A,Itagüí,Domingo,Domingo_Festivo,Residencial,0,17053,0.0,0.01566,0.02997,0.03829,0.06503,0.05002,0.0767,0.06791,0.06714,0.0882,0.06967,0.06978,0.09083,0.08784,0.0743,0.04298,0.03518,0.03049,0.0
2026-04-05,A,La Estrella,Domingo,Domingo_Festivo,Residencial,0,12576,0.0,0.02258,0.02942,0.03372,0.0629,0.06457,0.07944,0.07029,0.06838,0.08047,0.07745,0.07204,0.07538,0.07371,0.06656,0.04461,0.04421,0.03427,0.0
2026-04-05,A,Madera,Domingo,Domingo_Festivo,Residencial,0,6957,0.0,0.02055,0.03047,0.04758,0.06339,0.0552,0.05922,0.06238,0.07043,0.08452,0.05793,0.09659,0.06626,0.07934,0.06914,0.06195,0.04643,0.0286,0.0
2026-04-05,A,Niquía,Domingo,Domingo_Festivo,Residencial,0,20179,0.0,0.01482,0.02889,0.0396,0.06774,0.07354,0.05565,0.06561,0.0839,0.06487,0.06437,0.08405,0.07295,0.07637,0.07329,0.06824,0.03553,0.03058,0.0
2026-04-05,A,Parque Berrío,Domingo,Domingo_Festivo,Centro_Empleo,0,21614,0.0,0.02221,0.02656,0.04793,0.06926,0.07509,0.05557,0.06829,0.07347,0.06815,0.07315,0.10567,0.05126,0.07962,0.06227,0.06255,0.03632,0.02262,0.0
2026-04-05,A,Poblado,Domingo,Domingo_Festivo,Centro_Empleo,0,20418,0.0,0.01979,0.03487,0.04369,0.05143,0.04643,0.07802,0.0644,0.07655,0.09526,0.06156,0.10084,0.07053,0.06729,0.06871,0.05995,0.03722,0.02346,0.0
2026-04-05,A,Prado,Domingo,Domingo_Festivo,Centro_Empleo,0,11447,0.0,0.01607,0.02778,0.04988,0.06517,0.05512,0.07854,0.05635,0.06674,0.0753,0.06858,0.0988,0.07329,0.08107,0.06631,0.05678,0.03984,0.02437,0.0
2026-04-05,A,Sabaneta,Domingo,Domingo_Festivo,Residencial,0,9828,0.0,0.01547,0.02839,0.03887,0.05535,0.07774,0.06156,0.06532,0.07326,0.06888,0.08191,0.0931,0.07713,0.07906,0.04986,0.07265,0.03968,0.02177,0.0
2026-04-05,A,San Antonio,Domingo,Domingo_Festivo,Centro_Empleo,0,31544,0.0,0.02444,0.02818,0.05272,0.05047,0.06134,0.04968,0.07177,0.09013,0.07637,0.08518,0.08712,0.06778,0.06908,0.06429,0.05316,0.04181,0.02647,0.0
2026-04-05,A,Tricentenario,Domingo,Domingo_Festivo,Residencial,0,6512,0.0,0.0152,0.03486,0.03747,0.0559,0.05605,0.07709,0.07432,0.06296,0.09383,0.07432,0.09413,0.05851,0.08461,0.06787,0.06296,0.02856,0.02135,0.0
2026-04-05,A,Universidad,Domingo,Domingo_Festivo,Mixta,0,11895,0.0,0.02438,0.02951,0.04279,0.07255,0.06507,0.07272,0.07902,0.05448,0.067,0.08449,0.06919,0.05708,0.07171,0.06414,0.07667,0.0396,0.02959,0.0
2026-04-05,B,Cisneros,Domingo,Domingo_Festivo,Centro_Empleo,0,8851,0.0,0.01943,0.02802,0.05886,0.0653,0.06564,0.06191,0.07762,0.07276,0.08993,0.06982,0.06157,0.07479,0.07084,0.07174,0.05457,0.02904,0.02813,0.0
2026-04-05,B,Estadio,Domingo,Domingo_Festivo,Mixta,0,9909,0.0,0.02039,0.03522,0.05268,0.04279,0.06923,0.07135,0.06257,0.08417,0.07569,0.06469,0.08941,0.0769,0.07498,0.06711,0.04531,0.03996,0.02755,0.0
2026-04-05,B,Floresta,Domingo,Domingo_Festivo,Residencial,0,9320,0.0,0.02017,0.02768,0.05633,0.06491,0.07371,0.07961,0.06781,0.08004,0.06588,0.06384,0.08036,0.08197,0.05848,0.07414,0.04893,0.03133,0.02479,0.0
2026-04-05,B,San Antonio,Domingo,Domingo_Festivo,Centro_Empleo,0,20159,0.0,0.01637,0.0309,0.04946,0.05219,0.06563,0.07094,0.06672,0.05958,0.07654,0.06965,0.09951,0.06275,0.09708,0.06379,0.04837,0.04797,0.02257,0.0
2026-04-05,B,San Javier,Domingo,Domingo_Festivo,Residencial,0,17704,0.0,0.01988,0.02745,0.0453,0.07648,0.07236,0.07394,0.08348,0.07236,0.07512,0.0562,0.0614,0.06654,0.08286,0.06258,0.06061,0.03875,0.02468,0.0
2026-04-05,B,Santa Lucía,Domingo,Domingo_Festivo,Residencial,0,8450,0.0,0.02047,0.02568,0.04663,0.05893,0.07669,0.06734,0.07432,0.09479,0.08497,0.06402,0.07243,0.08118,0.0645,0.06036,0.04402,0.03432,0.02935,0.0
2026-04-05,B,Suramericana,Domingo,Domingo_Festivo,Mixta,0,7587,0.0,0.02069,0.02728,0.0427,0.06208,0.05219,0.07117,0.07579,0.06669,0.07157,0.07078,0.08897,0.07869,0.08515,0.06221,0.05733,0.04178,0.02491,0.0
2026-04-06,A,Acevedo,Lunes,Laboral,Residencial,0,28325,0.02743,0.08279,0.11499,0.10037,0.08226,0.05052,0.0538,0.04244,0.04586,0.04685,0.04706,0.0424,0.06076,0.0507,0.04981,0.04095,0.02927,0.02259,0.00914
2026-04-06,A,Aguacatala,Lunes,Laboral,Mixta,0,18564,0.01858,0.04498,0.05818,0.0675,0.06426,0.04719,0.03922,0.03808,0.05371,0.05591,0.04525,0.06146,0.07186,0.10585,0.08016,0.06604,0.04191,0.02327,0.01659
2026-04-06,A,Alpujarra,Lunes,Laboral,Centro_Empleo,0,24419,0.00479,0.01368,0.04378,0.05017,0.04607,0.03763,0.03669,0.03956,0.05295,0.04595,0.05078,0.06004,0.07928,0.14739,0.11561,0.08231,0.04779,0.02633,0.01921
2026-04-06,A,Ayurá,Lunes,Laboral,Mixta,0,17269,0.0172,0.04818,0.07429,0.07922,0.06682,0.04441,0.04992,0.05055,0.04563,0.04673,0.06433,0.05299,0.06254,0.09659,0.0582,0.05982,0.03631,0.03162,0.01465
2026-04-06,A,Bello,Lunes,Laboral,Residencial,0,23877,0.03242,0.0885,0.11945,0.10512,0.08795,0.06169,0.03556,0.03786,0.04703,0.04607,0.04599,0.03464,0.04779,0.06374,0.04766,0.04217,0.02848,0.01583,0.01206
2026-04-06,A,Caribe,Lunes,Laboral,Mixta,0,20712,0.01632,0.05031,0.0745,0.07175,0.05934,0.04654,0.03375,0.03891,0.04678,0.06132,0.03887,0.05359,0.04394,0.09536,0.09965,0.08005,0.04374,0.031,0.01429
2026-04-06,A,Envigado,Lunes,Laboral,Residencial,0,23060,0.03439,0.08101,0.10477,0.10698,0.06526,0.04714,0.0487,0.0595,0.04189,0.04402,0.04102,0.03252,0.05863,0.04983,0.05828,0.05867,0.03309,0.02003,0.01427
2026-04-06,A,Exposiciones,Lunes,Laboral,Centro_Empleo,0,21133,0.00719,0.01509,0.03691,0.04453,0.05532,0.04197,0.05513,0.05437,0.04727,0.05532,0.0442,0.06047,0.07637,0.15185,0.08868,0.07604,0.03691,0.03596,0.01642
2026-04-06,A,Hospital,Lunes,Laboral,Centro_Empleo,0,28780,0.00698,0.01511,0.03662,0.06647,0.04124,0.0427,0.05208,0.04736,0.05949,0.05031,0.0549,0.05379,0.07738,0.1245,0.08193,0.08742,0.05445,0.03395,0.01331
2026-04-06,A,Industriales,Lunes,Laboral,Centro_Empleo,0,31728,0.0063,0.01973,0.03858,0.05424,0.04003,0.03959,0.03984,0.04535,0.0423,0.0527,0.05632,0.06263,0.06691,0.13729,0.09386,0.0931,0.05683,0.04025,0.01415
2026-04-06,A,Itagüí,Lunes,Laboral,Residencial,0,29221,0.03313,0.06752,0.12293,0.10571,0.0836,0.05342,0.05537,0.03539,0.05968,0.04678,0.04001,0.04829,0.04791,0.05109,0.05996,0.03501,0.02741,0.01526,0.01153
2026-04-06,A,La Estrella,Lunes,Laboral,Residencial,0,21306,0.03548,0.09997,0.13104,0.12109,0.06928,0.0605,0.04299,0.0383,0.03961,0.03515,0.03295,0.04332,0.04041,0.07275,0.03816,0.04234,0.02849,0.01826,0.0099
2026-04-06,A,Madera,Lunes,Laboral,Residencial,0,11641,0.03024,0.07456,0.12791,0.08221,0.08255,0.07182,0.04828,0.04209,0.0506,0.04106,0.04321,0.05378,0.05137,0.05549,0.04098,0.04879,0.01933,0.02577,0.00996
2026-04-06,A,Niquía,Lunes,Laboral,Residencial,0,39166,0.04001,0.09373,0.14993,0.10067,0.0768,0.04729,0.03799,0.04218,0.04361,0.04667,0.0266,0.04154,0.03955,0.05992,0.04499,0.05482,0.02359,0.01946,0.01065
2026-04-06,A,Parque Berrío,Lunes,Laboral,Centro_Empleo,0,42435,0.007,0.01452,0.03822,0.04885,0.03681,0.02489,0.04814,0.05946,0.07121,0.06488,0.04843,0.06535,0.04647,0.09881,0.12577,0.08684,0.0633,0.03603,0.01503
2026-04-06,A,Poblado,Lunes,Laboral,Centro_Empleo,0,40681,0.00649,0.02033,0.03613,0.04931,0.04675,0.03729,0.04395,0.04904,0.05718,0.04857,0.04508,0.07288,0.08018,0.12714,0.07542,0.09211,0.05437,0.03663,0.02114
2026-04-06,A,Prado,Lunes,Laboral,Centro_Empleo,0,21934,0.00684,0.02125,0.03839,0.04441,0.05444,0.03985,0.03046,0.04058,0.06419,0.04942,0.04769,0.07244,0.06839,0.11092,0.10577,0.09032,0.05936,0.03679,0.01851
2026-04-06,A,Sabaneta,Lunes,Laboral,Residencial,0,17512,0.0277,0.11438,0.10707,0.11975,0.05853,0.05276,0.05385,0.0458,0.05499,0.0386,0.0474,0.035,0.04231,0.05425,0.04928,0.03426,0.02878,0.02473,0.01056
2026-04-06,A,San Antonio,Lunes,Laboral,Centro_Empleo,0,62358,0.00914,0.01422,0.03801,0.04673,0.05093,0.05157,0.05237,0.04311,0.05356,0.06391,0.03914,0.0712,0.06981,0.11315,0.10809,0.07341,0.05257,0.03113,0.01794
2026-04-06,A,Tricentenario,Lunes,Laboral,Residencial,0,10728,0.04279,0.08557,0.09135,0.10449,0.0852,0.05761,0.03123,0.04689,0.05304,0.03822,0.04018,0.05453,0.05546,0.06171,0.05416,0.03281,0.03262,0.02153,0.01063
2026-04-06,A,Universidad,Lunes,Laboral,Mixta,0,22749,0.02444,0.04431,0.07257,0.07389,0.06677,0.04712,0.05002,0.04725,0.05908,0.06563,0.04374,0.05609,0.05912,0.07596,0.06792,0.05512,0.0422,0.03367,0.01508
2026-04-06,B,Cisneros,Lunes,Laboral,Centro_Empleo,0,17776,0.00585,0.0139,0.03792,0.04579,0.04928,0.03505,0.04844,0.05237,0.05884,0.04602,0.05507,0.04478,0.08877,0.09794,0.13068,0.094,0.03994,0.03758,0.01778
2026-04-06,B,Estadio,Lunes,Laboral,Mixta,0,18547,0.02227,0.04103,0.06023,0.05936,0.06826,0.04135,0.03763,0.0379,0.04842,0.07101,0.02852,0.07295,0.07468,0.09123,0.09791,0.06659,0.03677,0.02928,0.01461
2026-04-06,B,Floresta,Lunes,Laboral,Residencial,0,16083,0.03818,0.08288,0.10029,0.12417,0.09588,0.04614,0.03438,0.03731,0.04564,0.04452,0.0416,0.04122,0.04875,0.05783,0.04464,0.04638,0.02599,0.0304,0.0138
2026-04-06,B,San Antonio,Lunes,Laboral,Centro_Empleo,0,41517,0.00689,0.01633,0.03586,0.04601,0.03367,0.03165,0.06169,0.06373,0.0507,0.05774,0.05603,0.05326,0.07122,0.13245,0.10237,0.07505,0.04969,0.04044,0.01522
2026-04-06,B,San Javier,Lunes,Laboral,Residencial,0,32930,0.03161,0.07264,0.13079,0.08922,0.07883,0.04871,0.03517,0.03298,0.05369,0.05175,0.04789,0.05761,0.04768,0.06839,0.04449,0.05524,0.02323,0.0205,0.0096
2026-04-06,B,Santa Lucía,Lunes,Laboral,Residencial,0,16378,0.03401,0.07644,0.1665,0.10624,0.06551,0.04323,0.03108,0.04323,0.05056,0.06094,0.03193,0.04335,0.05788,0.04878,0.03767,0.04134,0.02943,0.02192,0.00995
2026-04-06,B,Suramericana,Lunes,Laboral,Mixta,0,14971,0.02191,0.04001,0.08964,0.07541,0.06152,0.04609,0.04308,0.04315,0.04515,0.06613,0.04656,0.05076,0.05484,0.0887,0.07995,0.06633,0.04048,0.02398,0.0163
2026-04-07,A,Acevedo,Martes,Laboral,Residencial,0,31585,0.03188,0.09789,0.10866,0.0972,0.10404,0.05205,0.05126,0.03524,0.04518,0.03372,0.04236,0.0379,0.04603,0.06022,0.05417,0.0365,0.02729,0.02726,0.01114
2026-04-07,A,Aguacatala,Martes,Laboral,Mixta,0,18682,0.01633,0.04716,0.07232,0.08784,0.06241,0.05963,0.0425,0.04416,0.05487,0.05133,0.06932,0.06332,0.06862,0.07858,0.0706,0.03886,0.03067,0.02703,0.01445
2026-04-07,A,Alpujarra,Martes,Laboral,Centro_Empleo,0,24822,0.00717,0.01974,0.02135,0.03872,0.04379,0.04121,0.03775,0.04653,0.06325,0.06293,0.06297,0.05519,0.08214,0.1207,0.10632,0.08924,0.05274,0.03453,0.01374
2026-04-07,A,Ayurá,Martes,Laboral,Mixta,0,17922,0.01646,0.03811,0.06545,0.06645,0.07421,0.04319,0.0284,0.03923,0.06333,0.06227,0.05312,0.06004,0.06986,0.07873,0.08464,0.07265,0.04079,0.03069,0.01239
2026-04-07,A,Bello,Martes,Laboral,Residencial,0,23341,0.02648,0.06504,0.0958,0.10128,0.07292,0.05338,0.04597,0.04366,0.06504,0.04627,0.06264,0.04957,0.04477,0.04554,0.05904,0.04863,0.03689,0.02541,0.0117
2026-04-07,A,Caribe,Martes,Laboral,Mixta,0,21752,0.02124,0.04211,0.09139,0.08873,0.07691,0.04708,0.03715,0.03728,0.05204,0.04928,0.04046,0.05544,0.08344,0.07402,0.06868,0.05719,0.02896,0.03324,0.01535
2026-04-07,A,Envigado,Martes,Laboral,Residencial,0,22720,0.02839,0.08217,0.12438,0.09472,0.07205,0.05273,0.03371,0.05211,0.04525,0.05704,0.05775,0.03926,0.05863,0.06356,0.04538,0.03077,0.02817,0.02192,0.01202
2026-04-07,A,Exposiciones,Martes,Laboral,Centro_Empleo,0,22717,0.00766,0.01814,0.02958,0.04864,0.03909,0.02989,0.04428,0.06141,0.07563,0.05991,0.03927,0.07303,0.0953,0.10908,0.09279,0.08113,0.05023,0.02703,0.01792
2026-04-07,A,Hospital,Martes,Laboral,Centro_Empleo,0,28880,0.00623,0.01534,0.0419,0.04955,0.04591,0.03733,0.0338,0.05377,0.06991,0.05184,0.06991,0.07195,0.07909,0.08161,0.12403,0.07136,0.0535,0.02448,0.01849
2026-04-07,A,Industriales,Martes,Laboral,Centro_Empleo,0,32889,0.00748,0.01277,0.03995,0.03907,0.04889,0.03612,0.03813,0.04804,0.05388,0.05494,0.05348,0.06127,0.09292,0.12089,0.12804,0.06279,0.05218,0.03305,0.01611
2026-04-07,A,Itagüí,Martes,Laboral,Residencial,0,30361,0.03076,0.08221,0.13458,0.11933,0.0717,0.05056,0.03771,0.04404,0.04736,0.03906,0.05441,0.05507,0.04288,0.04295,0.04664,0.03824,0.03281,0.01851,0.01117
2026-04-07,A,La Estrella,Martes,Laboral,Residencial,0,21741,0.04107,0.08321,0.093,0.08422,0.09379,0.058,0.0396,0.04388,0.05575,0.03611,0.05271,0.05924,0.0637,0.05188,0.04452,0.0431,0.02714,0.01624,0.01283
2026-04-07,A,Madera,Martes,Laboral,Residencial,0,11867,0.04306,0.06278,0.09657,0.11688,0.09354,0.05435,0.04053,0.04112,0.05157,0.04323,0.04449,0.04466,0.05747,0.04643,0.06834,0.04028,0.02629,0.0177,0.0107
2026-04-07,A,Niquía,Martes,Laboral,Residencial,0,35272,0.03048,0.07694,0.1155,0.0755,0.09495,0.04394,0.05061,0.04426,0.05701,0.04556,0.05622,0.05599,0.04857,0.04789,0.0527,0.04494,0.02716,0.02163,0.01015
2026-04-07,A,Parque Berrío,Martes,Laboral,Centro_Empleo,0,44893,0.00613,0.01492,0.02967,0.04335,0.05146,0.03234,0.03671,0.04121,0.06654,0.04426,0.04633,0.07277,0.06916,0.12343,0.15241,0.07981,0.04488,0.02996,0.01466
2026-04-07,A,Poblado,Martes,Laboral,Centro_Empleo,0,41075,0.00645,0.0187,0.02848,0.04066,0.0503,0.03102,0.04027,0.05027,0.06254,0.06155,0.07842,0.06133,0.08387,0.09544,0.11279,0.0875,0.04643,0.02802,0.01597
2026-04-07,A,Prado,Martes,Laboral,Centro_Empleo,0,23435,0.00824,0.01344,0.03943,0.0361,0.04651,0.03653,0.03055,0.04783,0.06213,0.07497,0.05018,0.06371,0.0923,0.1217,0.11397,0.0588,0.05001,0.03798,0.01562
2026-04-07,A,Sabaneta,Martes,Laboral,Residencial,0,16953,0.03386,0.08282,0.09597,0.11308,0.09745,0.05828,0.03834,0.03846,0.041,0.05079,0.04784,0.04583,0.04524,0.04607,0.05421,0.04123,0.02914,0.02306,0.01734
2026-04-07,A,San Antonio,Martes,Laboral,Centro_Empleo,0,64654,0.00886,0.01613,0.02693,0.04656,0.03913,0.03672,0.03423,0.04448,0.07283,0.05331,0.04818,0.05464,0.10654,0.13948,0.11464,0.06872,0.037,0.02818,0.02343
2026-04-07,A,Tricentenario,Martes,Laboral,Residencial,0,10206,0.03253,0.07603,0.09279,0.1309,0.10337,0.04654,0.04938,0.04017,0.04341,0.03919,0.04928,0.04429,0.04968,0.05771,0.04546,0.04213,0.02743,0.0194,0.01029
2026-04-07,A,Universidad,Martes,Laboral,Mixta,0,23237,0.01403,0.042,0.08478,0.0664,0.07002,0.03499,0.05672,0.03589,0.06369,0.05663,0.04476,0.04979,0.06008,0.09377,0.08215,0.05582,0.03718,0.03451,0.01678
2026-04-07,B,Cisneros,Martes,Laboral,Centro_Empleo,0,16077,0.0097,0.02289,0.03788,0.04391,0.05418,0.05169,0.04199,0.03409,0.07632,0.0571,0.04721,0.06979,0.09529,0.09933,0.1063,0.05536,0.04659,0.03185,0.01854
2026-04-07,B,Estadio,Martes,Laboral,Mixta,0,18780,0.01454,0.0476,0.0959,0.05394,0.06645,0.04324,0.03722,0.04611,0.06656,0.04984,0.05367,0.04217,0.07162,0.10186,0.07567,0.05495,0.03871,0.02785,0.01209
2026-04-07,B,Floresta,Martes,Laboral,Residencial,0,16188,0.03076,0.08321,0.09439,0.122,0.08482,0.05004,0.05387,0.03126,0.05764,0.03509,0.04744,0.05152,0.06431,0.06103,0.04825,0.02724,0.02422,0.02212,0.01081
2026-04-07,B,San Antonio,Martes,Laboral,Centro_Empleo,0,39376,0.00693,0.01392,0.03962,0.04955,0.04333,0.03134,0.04891,0.04942,0.07489,0.06471,0.06964,0.05087,0.0755,0.11471,0.10311,0.06788,0.05061,0.02794,0.01712
2026-04-07,B,San Javier,Martes,Laboral,Residencial,0,30209,0.03277,0.07273,0.11775,0.09083,0.08944,0.04343,0.04684,0.04111,0.05902,0.04853,0.04965,0.04591,0.05051,0.05164,0.05819,0.03241,0.0382,0.0186,0.01241
2026-04-07,B,Santa Lucía,Martes,Laboral,Residencial,0,14903,0.04013,0.08575,0.13165,0.0926,0.08924,0.0316,0.05187,0.0316,0.05623,0.06804,0.04623,0.03462,0.05066,0.05314,0.04482,0.03691,0.02657,0.02006,0.00825
2026-04-07,B,Suramericana,Martes,Laboral,Mixta,0,13562,0.01283,0.03318,0.07248,0.06467,0.06186,0.05346,0.03488,0.03864,0.06732,0.06297,0.05633,0.05604,0.07226,0.09313,0.08022,0.05486,0.0362,0.02994,0.01873
2026-04-08,A,Acevedo,Miércoles,Laboral,Residencial,0,29572,0.0303,0.07656,0.12035,0.08833,0.08633,0.05346,0.03892,0.05478,0.05586,0.04842,0.04308,0.047,0.05992,0.04484,0.05225,0.03317,0.03747,0.01802,0.01092
2026-04-08,A,Aguacatala,Miércoles,Laboral,Mixta,0,19449,0.01625,0.03702,0.07116,0.09049,0.07728,0.03465,0.04165,0.04684,0.06638,0.05399,0.0635,0.05568,0.06072,0.07949,0.07882,0.05332,0.03789,0.02201,0.01285
2026-04-08,A,Alpujarra,Miércoles,Laboral,Centro_Empleo,0,24690,0.00721,0.01191,0.03499,0.03763,0.05306,0.03333,0.04014,0.0484,0.05504,0.06796,0.04658,0.06436,0.06962,0.09397,0.13751,0.09214,0.06173,0.03228,0.01215
2026-04-08,A,Ayurá,Miércoles,Laboral,Mixta,0,16503,0.02224,0.03842,0.08368,0.08356,0.06405,0.03727,0.04739,0.05272,0.06029,0.04823,0.04563,0.05811,0.05847,0.06993,0.09295,0.05581,0.04278,0.02127,0.01721
2026-04-08,A,Bello,Miércoles,Laboral,Residencial,0,23114,0.04015,0.07809,0.14333,0.11867,0.07325,0.04733,0.04486,0.03396,0.04859,0.05127,0.04448,0.04011,0.04322,0.04884,0.04672,0.0398,0.02656,0.02172,0.00904
2026-04-08,A,Caribe,Miércoles,Laboral,Mixta,0,19083,0.02374,0.05335,0.06519,0.09427,0.05775,0.03757,0.04439,0.0469,0.05251,0.06273,0.04365,0.07258,0.06105,0.07331,0.07331,0.06514,0.03102,0.02709,0.01446
2026-04-08,A,Envigado,Miércoles,Laboral,Residencial,0,24027,0.02834,0.07987,0.09955,0.17443,0.06842,0.03688,0.04782,0.04607,0.0402,0.04874,0.04116,0.04903,0.05065,0.05465,0.0412,0.03026,0.0263,0.02335,0.01307
2026-04-08,A,Exposiciones,Miércoles,Laboral,Centro_Empleo,0,21581,0.00607,0.02266,0.03739,0.03786,0.04513,0.03712,0.0411,0.04842,0.08429,0.0702,0.05588,0.06038,0.08026,0.09309,0.10778,0.06297,0.06181,0.03341,0.01418
2026-04-08,A,Hospital,Miércoles,Laboral,Centro_Empleo,0,30451,0.00631,0.01862,0.02873,0.04082,0.05051,0.04046,0.06604,0.04844,0.06023,0.05146,0.05428,0.06893,0.07875,0.0998,0.11927,0.07129,0.0532,0.02877,0.01409
2026-04-08,A,Industriales,Miércoles,Laboral,Centro_Empleo,0,33124,0.00785,0.01585,0.0343,0.04716,0.04631,0.03916,0.06074,0.05048,0.05063,0.06023,0.03922,0.04791,0.07578,0.12722,0.11898,0.08115,0.05211,0.02898,0.01597
2026-04-08,A,Itagüí,Miércoles,Laboral,Residencial,0,27451,0.03606,0.08812,0.10619,0.10517,0.09683,0.05799,0.04943,0.04156,0.04047,0.06058,0.03442,0.03978,0.04284,0.04659,0.05778,0.03209,0.02929,0.02313,0.01166
2026-04-08,A,La Estrella,Miércoles,Laboral,Residencial,0,20960,0.04823,0.08259,0.10453,0.09642,0.07071,0.05677,0.06212,0.03783,0.06045,0.05677,0.04556,0.06422,0.03836,0.04728,0.03927,0.0313,0.02529,0.02171,0.01059
2026-04-08,A,Madera,Miércoles,Laboral,Residencial,0,11927,0.02842,0.08066,0.12484,0.10212,0.07563,0.06758,0.04947,0.03153,0.0348,0.05332,0.03354,0.0467,0.06271,0.04922,0.06003,0.03656,0.03303,0.01937,0.01048
2026-04-08,A,Niquía,Miércoles,Laboral,Residencial,0,38182,0.02616,0.07671,0.12561,0.11655,0.09258,0.04966,0.05186,0.03824,0.04023,0.06089,0.02889,0.05531,0.04335,0.0517,0.05599,0.03295,0.02637,0.0144,0.01255
2026-04-08,A,Parque Berrío,Miércoles,Laboral,Centro_Empleo,0,44498,0.00688,0.0153,0.02724,0.04647,0.04906,0.03389,0.06847,0.03634,0.04879,0.05402,0.04027,0.08081,0.07531,0.09144,0.14506,0.0838,0.05286,0.03128,0.0127
2026-04-08,A,Poblado,Miércoles,Laboral,Centro_Empleo,0,40766,0.0064,0.02254,0.04094,0.04283,0.05203,0.03773,0.04899,0.035,0.06599,0.04891,0.05031,0.0611,0.06545,0.14836,0.10349,0.08416,0.04023,0.02843,0.0171
2026-04-08,A,Prado,Miércoles,Laboral,Centro_Empleo,0,22217,0.0072,0.01733,0.03673,0.06608,0.05226,0.05307,0.04132,0.05761,0.0361,0.04861,0.04452,0.07692,0.06626,0.1006,0.12801,0.05707,0.06464,0.02687,0.01881
2026-04-08,A,Sabaneta,Miércoles,Laboral,Residencial,0,18721,0.02751,0.07836,0.14267,0.10678,0.08739,0.05272,0.04653,0.04263,0.04898,0.05694,0.03467,0.04295,0.04578,0.04439,0.04679,0.0313,0.03322,0.0195,0.0109
2026-04-08,A,San Antonio,Miércoles,Laboral,Centro_Empleo,0,60545,0.00718,0.01797,0.03675,0.05036,0.04479,0.04185,0.04938,0.03754,0.05634,0.05294,0.05191,0.06925,0.08987,0.08116,0.11861,0.07979,0.0606,0.03834,0.01536
2026-04-08,A,Tricentenario,Miércoles,Laboral,Residencial,0,10688,0.03209,0.07251,0.16392,0.08823,0.05988,0.05866,0.05062,0.04341,0.04613,0.05165,0.03219,0.05006,0.05258,0.06418,0.04631,0.03602,0.02255,0.01712,0.01188
2026-04-08,A,Universidad,Miércoles,Laboral,Mixta,0,23009,0.01512,0.04659,0.06876,0.06393,0.05824,0.03455,0.05133,0.0598,0.04837,0.0439,0.04194,0.05263,0.0861,0.07701,0.12021,0.04811,0.04216,0.02768,0.01356
2026-04-08,B,Cisneros,Miércoles,Laboral,Centro_Empleo,0,16319,0.00656,0.01336,0.03622,0.04988,0.05607,0.04865,0.0516,0.03934,0.07047,0.0633,0.05503,0.07194,0.06655,0.10313,0.11122,0.06011,0.05264,0.02997,0.01397
2026-04-08,B,Estadio,Miércoles,Laboral,Mixta,1,22637,0.01449,0.02986,0.04802,0.06313,0.03993,0.03627,0.03614,0.03494,0.0493,0.05367,0.03092,0.04457,0.05584,0.11768,0.14481,0.09551,0.0527,0.03848,0.01374
2026-04-08,B,Floresta,Miércoles,Laboral,Residencial,0,16695,0.02983,0.06211,0.12836,0.12884,0.07008,0.04828,0.05319,0.03756,0.0381,0.05762,0.04708,0.0348,0.04744,0.05756,0.06253,0.03792,0.0209,0.02881,0.00898
2026-04-08,B,San Antonio,Miércoles,Laboral,Centro_Empleo,0,38036,0.00928,0.01493,0.03612,0.05348,0.03881,0.03578,0.03878,0.04317,0.06231,0.07212,0.04685,0.07467,0.06575,0.09893,0.10721,0.09378,0.05547,0.03452,0.01804
2026-04-08,B,San Javier,Miércoles,Laboral,Residencial,0,28595,0.03497,0.09117,0.11485,0.09495,0.06861,0.0569,0.03553,0.03724,0.06176,0.05959,0.04036,0.03511,0.04903,0.05634,0.05183,0.04634,0.02987,0.0227,0.01287
2026-04-08,B,Santa Lucía,Miércoles,Laboral,Residencial,0,14345,0.03388,0.0764,0.11788,0.13405,0.07731,0.04747,0.03855,0.0382,0.04796,0.04929,0.03555,0.05138,0.03646,0.05207,0.05758,0.04071,0.03067,0.0244,0.01018
2026-04-08,B,Suramericana,Miércoles,Laboral,Mixta,1,17472,0.01488,0.03589,0.06977,0.05443,0.03823,0.03823,0.03657,0.03073,0.0609,0.04315,0.03812,0.04739,0.04945,0.10199,0.14978,0.08694,0.05174,0.03737,0.01442
2026-04-09,A,Acevedo,Jueves,Laboral,Residencial,0,29160,0.03628,0.07435,0.11986,0.0987,0.09304,0.06197,0.03947,0.03711,0.04582,0.03861,0.05024,0.05586,0.04657,0.04856,0.04805,0.04067,0.02963,0.01948,0.01574
2026-04-09,A,Aguacatala,Jueves,Laboral,Mixta,0,19971,0.01953,0.04171,0.05853,0.08617,0.05378,0.04707,0.04386,0.04997,0.05493,0.05273,0.05613,0.04336,0.06114,0.09574,0.09033,0.06259,0.04552,0.02228,0.01462
2026-04-09,A,Alpujarra,Jueves,Laboral,Centro_Empleo,0,23518,0.00629,0.02045,0.03372,0.04201,0.04171,0.03006,0.04771,0.05511,0.05179,0.05711,0.04958,0.05102,0.07101,0.10507,0.13926,0.09669,0.05243,0.03393,0.01505
2026-04-09,A,Ayurá,Jueves,Laboral,Mixta,0,17494,0.02481,0.04727,0.07563,0.06597,0.0555,0.02847,0.04464,0.05676,0.04733,0.06168,0.0467,0.0475,0.07271,0.08306,0.10381,0.04447,0.05202,0.0283,0.01338
2026-04-09,A,Bello,Jueves,Laboral,Residencial,0,22345,0.03553,0.06028,0.10687,0.11099,0.07187,0.04923,0.04811,0.04444,0.0439,0.05236,0.05317,0.03638,0.04887,0.06811,0.06127,0.04542,0.03835,0.01562,0.00922
2026-04-09,A,Caribe,Jueves,Laboral,Mixta,0,21033,0.02082,0.05201,0.05777,0.09295,0.0696,0.04165,0.03975,0.03352,0.05073,0.0493,0.04384,0.04507,0.07089,0.09965,0.08924,0.06233,0.04132,0.02558,0.01398
2026-04-09,A,Envigado,Jueves,Laboral,Residencial,0,23587,0.04333,0.06266,0.11498,0.10913,0.08361,0.06313,0.04062,0.03171,0.04498,0.05499,0.04587,0.05677,0.04986,0.04922,0.04884,0.02777,0.04057,0.02137,0.0106
2026-04-09,A,Exposiciones,Jueves,Laboral,Centro_Empleo,0,22181,0.0055,0.01456,0.03562,0.03859,0.05455,0.04058,0.0514,0.03792,0.05433,0.06307,0.06321,0.04959,0.08295,0.12186,0.10369,0.06122,0.06812,0.03593,0.01731
2026-04-09,A,Hospital,Jueves,Laboral,Centro_Empleo,0,26836,0.01051,0.01785,0.03816,0.05105,0.0395,0.04032,0.03275,0.03842,0.04446,0.05467,0.05094,0.04721,0.08172,0.12062,0.13553,0.09077,0.05712,0.03328,0.01513
2026-04-09,A,Industriales,Jueves,Laboral,Centro_Empleo,0,29989,0.00747,0.01447,0.03408,0.04662,0.05122,0.04028,0.04025,0.04132,0.05602,0.05355,0.05109,0.06486,0.07173,0.13161,0.11761,0.06909,0.05222,0.03925,0.01727
2026-04-09,A,Itagüí,Jueves,Laboral,Residencial,0,28185,0.03761,0.05546,0.103,0.11999,0.07355,0.06159,0.04052,0.03807,0.04981,0.05322,0.04488,0.05166,0.05425,0.0623,0.05464,0.03243,0.03378,0.01891,0.01433
2026-04-09,A,La Estrella,Jueves,Laboral,Residencial,0,21488,0.04537,0.0666,0.13929,0.12602,0.06427,0.04738,0.035,0.03839,0.05906,0.04188,0.04509,0.03188,0.049,0.06501,0.04872,0.03839,0.02788,0.02243,0.00833
2026-04-09,A,Madera,Jueves,Laboral,Residencial,0,12252,0.04342,0.09615,0.10578,0.14087,0.07158,0.04448,0.02897,0.03934,0.05077,0.04783,0.03959,0.0373,0.04497,0.04693,0.05844,0.03297,0.04089,0.02155,0.00816
2026-04-09,A,Niquía,Jueves,Laboral,Residencial,0,35142,0.04009,0.07959,0.1101,0.11454,0.07808,0.04966,0.04655,0.03637,0.04436,0.04849,0.05458,0.03958,0.0525,0.05711,0.05242,0.03648,0.03013,0.01835,0.01101
2026-04-09,A,Parque Berrío,Jueves,Laboral,Centro_Empleo,0,43497,0.00766,0.01356,0.03136,0.05074,0.04982,0.04524,0.03642,0.04377,0.0589,0.06196,0.04973,0.06329,0.07566,0.10095,0.11065,0.07589,0.07557,0.03246,0.01637
2026-04-09,A,Poblado,Jueves,Laboral,Centro_Empleo,0,39694,0.0092,0.01688,0.03184,0.04368,0.05379,0.03822,0.04726,0.03489,0.06565,0.04583,0.06656,0.05772,0.08959,0.13085,0.08961,0.06001,0.06313,0.03759,0.01771
2026-04-09,A,Prado,Jueves,Laboral,Centro_Empleo,0,22370,0.00845,0.01793,0.02781,0.05346,0.04533,0.03625,0.03259,0.05154,0.05324,0.05489,0.06281,0.04931,0.07523,0.11435,0.12074,0.08954,0.05878,0.0325,0.01524
2026-04-09,A,Sabaneta,Jueves,Laboral,Residencial,0,17435,0.04405,0.09183,0.12831,0.12045,0.06866,0.04709,0.03608,0.04279,0.05013,0.03309,0.05145,0.05277,0.04376,0.05615,0.05099,0.02896,0.02432,0.01933,0.00981
2026-04-09,A,San Antonio,Jueves,Laboral,Centro_Empleo,0,57143,0.00857,0.01715,0.03724,0.05309,0.04417,0.03876,0.04441,0.04382,0.05866,0.05472,0.05644,0.057,0.07336,0.08764,0.13771,0.09406,0.04511,0.03122,0.01685
2026-04-09,A,Tricentenario,Jueves,Laboral,Residencial,0,10364,0.0523,0.07198,0.13499,0.09494,0.08694,0.05124,0.03908,0.03995,0.04728,0.0521,0.04004,0.04352,0.04834,0.05394,0.05683,0.03338,0.02557,0.01631,0.01129
2026-04-09,A,Universidad,Jueves,Laboral,Mixta,0,22594,0.01602,0.05077,0.0744,0.08693,0.05015,0.03979,0.04722,0.04453,0.0382,0.05555,0.05032,0.04373,0.07223,0.08188,0.09365,0.06657,0.04545,0.02868,0.01394
2026-04-09,B,Cisneros,Jueves,Laboral,Centro_Empleo,0,15895,0.00742,0.01239,0.03083,0.04788,0.05385,0.04649,0.04259,0.04643,0.07166,0.05618,0.05813,0.05455,0.06467,0.15162,0.10689,0.05996,0.04668,0.02617,0.0156
2026-04-09,B,Estadio,Jueves,Laboral,Mixta,0,18768,0.01364,0.04604,0.05776,0.08397,0.06724,0.03426,0.04636,0.03783,0.04763,0.04311,0.0503,0.05941,0.09207,0.10912,0.07689,0.05696,0.03021,0.03122,0.01598
2026-04-09,B,Floresta,Jueves,Laboral,Residencial,0,17988,0.03408,0.07427,0.14082,0.13287,0.05998,0.06299,0.03641,0.03864,0.03024,0.05837,0.04631,0.03942,0.04809,0.06971,0.05103,0.02518,0.0229,0.0189,0.00978
2026-04-09,B,San Antonio,Jueves,Laboral,Centro_Empleo,0,38717,0.00713,0.0147,0.02919,0.04727,0.04104,0.04347,0.04244,0.04411,0.05618,0.04799,0.05086,0.05514,0.08552,0.12423,0.11682,0.06163,0.07516,0.03962,0.01751
2026-04-09,B,San Javier,Jueves,Laboral,Residencial,0,30064,0.03832,0.05967,0.10511,0.12287,0.07484,0.05385,0.04135,0.04045,0.05269,0.04261,0.05558,0.03898,0.05222,0.0635,0.05019,0.03782,0.0323,0.02232,0.01533
2026-04-09,B,Santa Lucía,Jueves,Laboral,Residencial,0,14494,0.04112,0.08376,0.11005,0.1155,0.073,0.05982,0.03698,0.03588,0.04816,0.04443,0.04843,0.03719,0.05313,0.05851,0.05464,0.03388,0.03615,0.02001,0.00938
2026-04-09,B,Suramericana,Jueves,Laboral,Mixta,0,14142,0.01945,0.04957,0.06442,0.10331,0.04745,0.03868,0.03833,0.04518,0.04285,0.0635,0.03903,0.05353,0.08231,0.08436,0.08273,0.05494,0.04617,0.0326,0.0116
2026-04-10,A,Acevedo,Viernes,Laboral,Residencial,0,31047,0.02925,0.0707,0.13135,0.11621,0.08233,0.06616,0.03366,0.04632,0.03598,0.05173,0.05179,0.04564,0.04915,0.05318,0.03527,0.03549,0.03147,0.02303,0.01131
2026-04-10,A,Aguacatala,Viernes,Laboral,Mixta,0,21077,0.01836,0.0519,0.08341,0.08569,0.06827,0.02842,0.03853,0.04782,0.05172,0.05138,0.05058,0.04246,0.06951,0.09,0.07743,0.0594,0.04711,0.027,0.01101
2026-04-10,A,Alpujarra,Viernes,Laboral,Centro_Empleo,0,24610,0.0052,0.01731,0.02576,0.0488,0.03543,0.04742,0.04588,0.04364,0.05339,0.05384,0.06843,0.05916,0.11589,0.10719,0.09443,0.08139,0.0501,0.02901,0.01772
2026-04-10,A,Ayurá,Viernes,Laboral,Mixta,0,17324,0.01743,0.04612,0.08912,0.07314,0.05599,0.05357,0.03752,0.04526,0.06015,0.0557,0.05184,0.03914,0.06477,0.08993,0.0594,0.06494,0.05091,0.03209,0.01299
2026-04-10,A,Bello,Viernes,Laboral,Residencial,0,23999,0.02488,0.09084,0.11505,0.09438,0.1085,0.04354,0.03696,0.043,0.04342,0.04979,0.04675,0.04367,0.05454,0.04621,0.05513,0.03825,0.03417,0.01788,0.01304
2026-04-10,A,Caribe,Viernes,Laboral,Mixta,0,21463,0.01757,0.04314,0.07217,0.08624,0.06509,0.04207,0.04655,0.03993,0.0609,0.0499,0.04855,0.06332,0.07306,0.07143,0.06295,0.07068,0.03373,0.03397,0.01878
2026-04-10,A,Envigado,Viernes,Laboral,Residencial,0,22079,0.03854,0.07718,0.09493,0.12052,0.07201,0.05132,0.05023,0.04991,0.04144,0.05204,0.03931,0.05046,0.05757,0.05449,0.04724,0.03682,0.03238,0.02256,0.01105
2026-04-10,A,Exposiciones,Viernes,Laboral,Centro_Empleo,0,22557,0.00572,0.01636,0.03595,0.03613,0.04925,0.04673,0.04588,0.04509,0.05954,0.04628,0.07106,0.0528,0.08401,0.09979,0.11362,0.0751,0.06308,0.03121,0.02239
2026-04-10,A,Hospital,Viernes,Laboral,Centro_Empleo,0,29774,0.00615,0.02039,0.03322,0.04621,0.03762,0.04598,0.04403,0.05209,0.07154,0.03765,0.05673,0.06103,0.11473,0.10418,0.09142,0.06344,0.06381,0.03349,0.01629
2026-04-10,A,Industriales,Viernes,Laboral,Centro_Empleo,0,34173,0.00559,0.0165,0.02947,0.0367,0.04577,0.02976,0.04466,0.04773,0.05882,0.05762,0.07164,0.07038,0.09449,0.08931,0.11319,0.0872,0.05197,0.03078,0.01844
2026-04-10,A,Itagüí,Viernes,Laboral,Residencial,0,32853,0.0224,0.09305,0.12099,0.10373,0.06633,0.05318,0.04365,0.05497,0.04131,0.05074,0.04389,0.04344,0.04785,0.0501,0.05123,0.04809,0.03957,0.01275,0.01272
2026-04-10,A,La Estrella,Viernes,Laboral,Residencial,0,22246,0.03506,0.10492,0.10582,0.11296,0.05507,0.0516,0.03807,0.04639,0.04396,0.0436,0.04787,0.04648,0.069,0.05583,0.04549,0.0378,0.03335,0.01686,0.00984
2026-04-10,A,Madera,Viernes,Laboral,Residencial,0,11366,0.03669,0.11112,0.10487,0.09124,0.0769,0.04258,0.05165,0.04566,0.04153,0.04074,0.06537,0.04681,0.04751,0.04267,0.04522,0.04241,0.02868,0.02534,0.01302
2026-04-10,A,Niquía,Viernes,Laboral,Residencial,0,37783,0.0321,0.10214,0.12736,0.10288,0.07096,0.06244,0.03952,0.04359,0.06318,0.04137,0.0497,0.03952,0.04113,0.05031,0.04449,0.03647,0.02001,0.02104,0.0118
2026-04-10,A,Parque Berrío,Viernes,Laboral,Centro_Empleo,0,45691,0.00674,0.01609,0.03331,0.03863,0.05428,0.04211,0.04104,0.04997,0.06732,0.07148,0.06257,0.05502,0.07312,0.09398,0.11762,0.08737,0.04425,0.02983,0.01528
2026-04-10,A,Poblado,Viernes,Laboral,Centro_Empleo,0,41052,0.00865,0.02012,0.03008,0.04453,0.05279,0.05291,0.03308,0.05688,0.05829,0.05454,0.07452,0.06333,0.08026,0.10903,0.07905,0.08153,0.05274,0.02667,0.021
2026-04-10,A,Prado,Viernes,Laboral,Centro_Empleo,0,23006,0.00517,0.01387,0.04016,0.03682,0.03017,0.04834,0.04742,0.05581,0.05751,0.06042,0.04673,0.06194,0.08146,0.09737,0.11919,0.09667,0.04881,0.03582,0.01634
2026-04-10,A,Sabaneta,Viernes,Laboral,Residencial,0,19468,0.02871,0.06457,0.12205,0.09893,0.0808,0.05301,0.03858,0.04885,0.0413,0.05239,0.04864,0.03888,0.05476,0.06025,0.07012,0.04418,0.02584,0.0189,0.00925
2026-04-10,A,San Antonio,Viernes,Laboral,Centro_Empleo,0,61530,0.00658,0.01815,0.04169,0.04723,0.04284,0.03647,0.04057,0.05461,0.05339,0.07271,0.06933,0.0426,0.09638,0.11804,0.09298,0.07,0.04383,0.03281,0.0198
2026-04-10,A,Tricentenario,Viernes,Laboral,Residencial,0,10921,0.03699,0.06254,0.12618,0.11492,0.07911,0.04468,0.04496,0.05045,0.04432,0.05467,0.04423,0.0456,0.05192,0.05329,0.04203,0.03763,0.03296,0.01996,0.01355
2026-04-10,A,Universidad,Viernes,Laboral,Mixta,0,23839,0.02156,0.04254,0.08327,0.07102,0.06141,0.04765,0.0443,0.0461,0.04845,0.04547,0.05772,0.03599,0.08759,0.0831,0.08335,0.06192,0.03444,0.03318,0.01095
2026-04-10,B,Cisneros,Viernes,Laboral,Centro_Empleo,0,17215,0.00622,0.02103,0.02649,0.04188,0.05315,0.04148,0.04119,0.04653,0.05455,0.03753,0.05408,0.06907,0.06628,0.12024,0.0973,0.09805,0.05774,0.04182,0.02538
2026-04-10,B,Estadio,Viernes,Laboral,Mixta,0,20420,0.01792,0.031,0.07047,0.09603,0.06626,0.05906,0.05333,0.04971,0.04931,0.04192,0.04251,0.03864,0.07478,0.08315,0.06929,0.07826,0.04104,0.02258,0.01474
2026-04-10,B,Floresta,Viernes,Laboral,Residencial,0,17630,0.03154,0.06557,0.12706,0.1177,0.08463,0.04056,0.04714,0.04946,0.03846,0.04804,0.04663,0.0329,0.05207,0.04611,0.03925,0.06256,0.03874,0.02246,0.00913
2026-04-10,B,San Antonio,Viernes,Laboral,Centro_Empleo,0,37403,0.00725,0.02163,0.0312,0.03976,0.04957,0.0473,0.04837,0.04671,0.0658,0.05005,0.04476,0.05874,0.08874,0.11951,0.09168,0.09173,0.05002,0.03227,0.01495
2026-04-10,B,San Javier,Viernes,Laboral,Residencial,0,32521,0.03441,0.07198,0.0999,0.08195,0.09551,0.04843,0.05544,0.04468,0.05286,0.04529,0.05584,0.04849,0.06559,0.05427,0.04972,0.03847,0.0302,0.01836,0.00861
2026-04-10,B,Santa Lucía,Viernes,Laboral,Residencial,0,15270,0.03772,0.08435,0.12331,0.12855,0.05023,0.03229,0.04414,0.05062,0.05102,0.04506,0.05095,0.05783,0.0518,0.04132,0.04447,0.04165,0.03281,0.0188,0.0131
2026-04-10,B,Suramericana,Viernes,Laboral,Mixta,0,14893,0.01699,0.0474,0.06916,0.09555,0.06849,0.04761,0.0509,0.04801,0.038,0.04714,0.05493,0.05761,0.06976,0.07943,0.07782,0.06285,0.03713,0.01779,0.01343
2026-04-11,A,Acevedo,Sábado,Sábado,Residencial,0,27397,0.01854,0.0303,0.05391,0.08811,0.06085,0.06242,0.05329,0.06107,0.06158,0.05541,0.06731,0.06847,0.05318,0.06829,0.07026,0.03865,0.0361,0.02654,0.02573
2026-04-11,A,Aguacatala,Sábado,Sábado,Mixta,0,17497,0.01297,0.02606,0.04229,0.04932,0.06875,0.06773,0.05904,0.0547,0.07144,0.06218,0.06247,0.07418,0.09224,0.05189,0.05904,0.06681,0.03555,0.0272,0.01612
2026-04-11,A,Alpujarra,Sábado,Sábado,Centro_Empleo,0,20476,0.01621,0.03126,0.05948,0.04425,0.07174,0.06071,0.07692,0.06847,0.05436,0.05841,0.06603,0.06495,0.04786,0.06588,0.0632,0.0588,0.0422,0.03424,0.01504
2026-04-11,A,Ayurá,Sábado,Sábado,Mixta,0,16571,0.01569,0.03325,0.04514,0.05703,0.0621,0.06801,0.05636,0.08068,0.07374,0.06246,0.06137,0.07169,0.06421,0.05854,0.06807,0.05154,0.03216,0.02305,0.01491
2026-04-11,A,Bello,Sábado,Sábado,Residencial,0,23190,0.01427,0.03096,0.0436,0.05817,0.06986,0.05446,0.05567,0.06274,0.07538,0.06529,0.06977,0.07788,0.05403,0.08508,0.04528,0.0483,0.04248,0.02833,0.01846
2026-04-11,A,Caribe,Sábado,Sábado,Mixta,0,18580,0.01297,0.02363,0.038,0.04978,0.05705,0.05377,0.06884,0.05716,0.07885,0.05963,0.06835,0.0655,0.08622,0.06416,0.06006,0.04882,0.05409,0.03014,0.02298
2026-04-11,A,Envigado,Sábado,Sábado,Residencial,0,23694,0.0141,0.03275,0.04377,0.0455,0.05584,0.07112,0.05634,0.07048,0.07605,0.07006,0.05094,0.08762,0.06744,0.06673,0.05862,0.05246,0.03917,0.02338,0.01764
2026-04-11,A,Exposiciones,Sábado,Sábado,Centro_Empleo,0,19145,0.01259,0.02633,0.04513,0.04931,0.06116,0.05343,0.04931,0.06728,0.07062,0.06477,0.05761,0.08258,0.06043,0.07762,0.06237,0.0631,0.04597,0.02601,0.02439
2026-04-11,A,Hospital,Sábado,Sábado,Centro_Empleo,0,25836,0.01258,0.02291,0.04331,0.05821,0.06309,0.07242,0.06061,0.05574,0.07989,0.0718,0.05322,0.06557,0.07408,0.0711,0.06321,0.04645,0.03789,0.0262,0.02171
2026-04-11,A,Industriales,Sábado,Sábado,Centro_Empleo,0,25313,0.01343,0.02773,0.04594,0.05543,0.05653,0.0476,0.06092,0.07419,0.0619,0.0625,0.0668,0.07692,0.07008,0.06929,0.07103,0.04982,0.04199,0.03046,0.01742
2026-04-11,A,Itagüí,Sábado,Sábado,Residencial,0,29473,0.01452,0.02192,0.03715,0.05639,0.05463,0.05866,0.0605,0.07919,0.07509,0.05727,0.06131,0.06854,0.07407,0.07336,0.05765,0.0473,0.04614,0.03946,0.01686
2026-04-11,A,La Estrella,Sábado,Sábado,Residencial,0,20565,0.01381,0.02918,0.03948,0.07386,0.06258,0.05592,0.07187,0.06112,0.07226,0.05504,0.06929,0.07834,0.06462,0.0532,0.05412,0.05266,0.03861,0.03472,0.0193
2026-04-11,A,Madera,Sábado,Sábado,Residencial,0,11502,0.01252,0.03425,0.04877,0.05556,0.0586,0.05921,0.06425,0.06016,0.0579,0.06503,0.06486,0.06155,0.08494,0.06738,0.06355,0.0493,0.04686,0.02521,0.02008
2026-04-11,A,Niquía,Sábado,Sábado,Residencial,0,33486,0.01329,0.02329,0.04614,0.05235,0.06976,0.05346,0.06164,0.08627,0.06388,0.07645,0.05913,0.07009,0.05802,0.06695,0.05593,0.05157,0.03858,0.03309,0.0201
2026-04-11,A,Parque Berrío,Sábado,Sábado,Centro_Empleo,0,37859,0.0159,0.03048,0.04158,0.06973,0.06112,0.05204,0.05639,0.05835,0.05367,0.0775,0.05977,0.08056,0.06297,0.06976,0.06067,0.06173,0.04023,0.02766,0.01989
2026-04-11,A,Poblado,Sábado,Sábado,Centro_Empleo,0,33759,0.01976,0.02835,0.03706,0.06458,0.05992,0.04891,0.07554,0.06579,0.05717,0.0758,0.06576,0.07876,0.06908,0.07151,0.05145,0.05359,0.03534,0.02162,0.02002
2026-04-11,A,Prado,Sábado,Sábado,Centro_Empleo,0,19368,0.01265,0.03242,0.05194,0.05349,0.06093,0.05421,0.07006,0.06,0.05478,0.07203,0.04957,0.06697,0.06913,0.08963,0.07419,0.04786,0.03464,0.02783,0.01766
2026-04-11,A,Sabaneta,Sábado,Sábado,Residencial,0,17869,0.01326,0.0277,0.04096,0.05977,0.06766,0.04902,0.07023,0.07286,0.05759,0.07426,0.04656,0.05831,0.06766,0.07393,0.08064,0.05596,0.03951,0.0286,0.0155
2026-04-11,A,San Antonio,Sábado,Sábado,Centro_Empleo,0,51035,0.01009,0.03821,0.03478,0.06245,0.07062,0.05437,0.06035,0.07511,0.05555,0.06878,0.07524,0.05923,0.0648,0.07379,0.04948,0.0493,0.05279,0.02594,0.01912
2026-04-11,A,Tricentenario,Sábado,Sábado,Residencial,0,10234,0.01524,0.03801,0.0469,0.06332,0.06664,0.06088,0.06234,0.0683,0.06967,0.05804,0.05208,0.06645,0.06371,0.06703,0.07221,0.05247,0.03352,0.02736,0.01583
2026-04-11,A,Universidad,Sábado,Sábado,Mixta,0,19483,0.01771,0.03377,0.03731,0.04974,0.05441,0.06991,0.08171,0.06339,0.06888,0.07755,0.05779,0.0562,0.06883,0.05287,0.07535,0.04224,0.0426,0.03033,0.0194
2026-04-11,B,Cisneros,Sábado,Sábado,Centro_Empleo,0,14627,0.01607,0.02988,0.04799,0.05086,0.07158,0.04601,0.07144,0.05278,0.06256,0.06447,0.07349,0.06789,0.06023,0.07131,0.07179,0.04868,0.04136,0.03247,0.01914
2026-04-11,B,Estadio,Sábado,Sábado,Mixta,0,17263,0.01216,0.03256,0.03586,0.05694,0.07363,0.06384,0.07027,0.0636,0.05671,0.0541,0.08058,0.0621,0.06297,0.07606,0.06239,0.05312,0.03366,0.03626,0.01321
2026-04-11,B,Floresta,Sábado,Sábado,Residencial,0,15347,0.01342,0.0359,0.04587,0.06764,0.06705,0.08132,0.05447,0.06242,0.06405,0.05441,0.05043,0.06692,0.07298,0.05356,0.06418,0.04685,0.04698,0.0333,0.01824
2026-04-11,B,San Antonio,Sábado,Sábado,Centro_Empleo,0,31564,0.01866,0.02636,0.05709,0.06317,0.07436,0.04901,0.06435,0.04727,0.07667,0.07246,0.05528,0.0671,0.0664,0.05544,0.07851,0.04131,0.03688,0.03371,0.01597
2026-04-11,B,San Javier,Sábado,Sábado,Residencial,0,29430,0.0175,0.02946,0.04128,0.06099,0.04726,0.04941,0.06565,0.06629,0.08818,0.06449,0.06745,0.0665,0.06792,0.06803,0.05899,0.05409,0.03925,0.03048,0.01679
2026-04-11,B,Santa Lucía,Sábado,Sábado,Residencial,0,14197,0.01669,0.02592,0.04015,0.05403,0.06727,0.05889,0.08114,0.04494,0.07318,0.0753,0.05304,0.07635,0.05621,0.06628,0.06523,0.05684,0.03874,0.02902,0.02078
2026-04-11,B,Suramericana,Sábado,Sábado,Mixta,0,12597,0.01326,0.03564,0.03969,0.07359,0.06121,0.06152,0.06533,0.07145,0.07041,0.07565,0.04366,0.07462,0.06938,0.05978,0.06089,0.04398,0.03326,0.02778,0.01889
2026-04-12,A,Acevedo,Domingo,Domingo_Festivo,Residencial,0,16938,0.0,0.02161,0.0317,0.05254,0.0562,0.0676,0.05461,0.07793,0.06577,0.07941,0.08667,0.05302,0.08195,0.082,0.06547,0.05461,0.04316,0.02574,0.0
2026-04-12,A,Aguacatala,Domingo,Domingo_Festivo,Mixta,0,10338,0.0,0.01973,0.03066,0.0681,0.05388,0.04759,0.05823,0.06945,0.05736,0.07003,0.071,0.08009,0.07545,0.08744,0.07545,0.06394,0.04334,0.02825,0.0
2026-04-12,A,Alpujarra,Domingo,Domingo_Festivo,Centro_Empleo,0,13132,0.0,0.01934,0.02863,0.03556,0.0466,0.05635,0.06914,0.08095,0.06404,0.09481,0.0894,0.07478,0.07783,0.06785,0.07051,0.05513,0.0428,0.02627,0.0
2026-04-12,A,Ayurá,Domingo,Domingo_Festivo,Mixta,0,9621,0.0,0.01725,0.02858,0.04885,0.05717,0.05436,0.07692,0.066,0.06912,0.09396,0.09282,0.08513,0.08232,0.07692,0.04719,0.04251,0.03711,0.0238,0.0
2026-04-12,A,Bello,Domingo,Domingo_Festivo,Residencial,0,13275,0.0,0.01657,0.03292,0.05725,0.0562,0.06343,0.06667,0.07503,0.05996,0.0739,0.08256,0.05996,0.0754,0.06795,0.07412,0.05288,0.0562,0.029,0.0
2026-04-12,A,Caribe,Domingo,Domingo_Festivo,Mixta,0,11702,0.0,0.01777,0.03709,0.04974,0.04333,0.06366,0.06563,0.07452,0.09289,0.0652,0.07306,0.07127,0.08477,0.06315,0.06264,0.05905,0.0464,0.02982,0.0
2026-04-12,A,Envigado,Domingo,Domingo_Festivo,Residencial,0,13698,0.0,0.01584,0.02986,0.0365,0.04928,0.0649,0.0887,0.06804,0.0565,0.08257,0.08556,0.06527,0.083,0.05585,0.0768,0.05906,0.0541,0.02818,0.0
2026-04-12,A,Exposiciones,Domingo,Domingo_Festivo,Centro_Empleo,0,11400,0.0,0.01307,0.02096,0.05289,0.04281,0.06491,0.06237,0.07982,0.07947,0.0857,0.0736,0.06877,0.06693,0.07974,0.06254,0.07009,0.04044,0.03588,0.0
2026-04-12,A,Hospital,Domingo,Domingo_Festivo,Centro_Empleo,0,14296,0.0,0.017,0.03693,0.04973,0.06372,0.05897,0.06407,0.07729,0.07163,0.06547,0.071,0.06421,0.09156,0.08373,0.06561,0.05246,0.04624,0.02036,0.0
2026-04-12,A,Industriales,Domingo,Domingo_Festivo,Centro_Empleo,0,16006,0.0,0.01743,0.03093,0.0626,0.04917,0.08428,0.06816,0.08022,0.05767,0.08266,0.08491,0.06741,0.08222,0.07297,0.04867,0.04486,0.0418,0.02405,0.0
2026-04-12,A,Itagüí,Domingo,Domingo_Festivo,Residencial,0,17080,0.0,0.02078,0.03788,0.03917,0.06142,0.06399,0.08144,0.05708,0.06194,0.08888,0.07283,0.07225,0.08413,0.06827,0.08232,0.05152,0.03987,0.01622,0.0
2026-04-12,A,La Estrella,Domingo,Domingo_Festivo,Residencial,0,12541,0.0,0.02057,0.0417,0.05047,0.03915,0.07296,0.06307,0.07974,0.08492,0.07456,0.06865,0.0744,0.06969,0.06778,0.06682,0.05111,0.04952,0.02488,0.0
2026-04-12,A,Madera,Domingo,Domingo_Festivo,Residencial,0,7557,0.0,0.01707,0.02964,0.03732,0.05081,0.07304,0.07953,0.05994,0.06828,0.0708,0.08046,0.07477,0.08363,0.07027,0.08429,0.05253,0.04314,0.02448,0.0
2026-04-12,A,Niquía,Domingo,Domingo_Festivo,Residencial,0,22045,0.0,0.01923,0.04405,0.04795,0.04709,0.05811,0.08152,0.05557,0.07711,0.09494,0.0768,0.06183,0.08315,0.05861,0.08537,0.04173,0.0465,0.02046,0.0
2026-04-12,A,Parque Berrío,Domingo,Domingo_Festivo,Centro_Empleo,0,22331,0.0,0.01603,0.03439,0.05351,0.05047,0.0463,0.0639,0.07196,0.08244,0.05987,0.07649,0.07658,0.07617,0.07165,0.07004,0.07474,0.04948,0.02597,0.0
2026-04-12,A,Poblado,Domingo,Domingo_Festivo,Centro_Empleo,0,23449,0.0,0.01808,0.03186,0.03834,0.05292,0.05697,0.05642,0.08401,0.0754,0.05949,0.07246,0.07015,0.07817,0.08376,0.09681,0.05582,0.0467,0.02264,0.0
2026-04-12,A,Prado,Domingo,Domingo_Festivo,Centro_Empleo,0,12115,0.0,0.0189,0.03508,0.05448,0.0435,0.05951,0.06612,0.05679,0.06868,0.0865,0.08122,0.05307,0.08007,0.08766,0.08122,0.05415,0.04466,0.02839,0.0
2026-04-12,A,Sabaneta,Domingo,Domingo_Festivo,Residencial,0,10948,0.0,0.01717,0.02969,0.0527,0.04722,0.07645,0.06924,0.0548,0.08376,0.07463,0.08714,0.06266,0.09691,0.06622,0.0633,0.05051,0.04384,0.02375,0.0
2026-04-12,A,San Antonio,Domingo,Domingo_Festivo,Centro_Empleo,0,30595,0.0,0.01899,0.02922,0.04226,0.05027,0.0604,0.06759,0.06619,0.06714,0.07864,0.08554,0.06112,0.09832,0.06553,0.08488,0.04409,0.04916,0.03066,0.0
2026-04-12,A,Tricentenario,Domingo,Domingo_Festivo,Residencial,0,6625,0.0,0.01525,0.02445,0.03879,0.05917,0.08015,0.05343,0.07396,0.05977,0.08453,0.07487,0.08362,0.0806,0.07457,0.08483,0.05434,0.03638,0.02128,0.0
2026-04-12,A,Universidad,Domingo,Domingo_Festivo,Mixta,0,13332,0.0,0.02115,0.02723,0.03705,0.03848,0.05386,0.06181,0.06908,0.06961,0.08723,0.09856,0.05513,0.10149,0.05611,0.10239,0.05468,0.04253,0.02363,0.0
2026-04-12,B,Cisneros,Domingo,Domingo_Festivo,Centro_Empleo,0,8601,0.0,0.01779,0.03279,0.04162,0.06057,0.0615,0.08185,0.06209,0.05871,0.08127,0.07336,0.06848,0.08487,0.0786,0.08941,0.05302,0.03186,0.02221,0.0
2026-04-12,B,Estadio,Domingo,Domingo_Festivo,Mixta,1,13737,0.0,0.0131,0.03261,0.03749,0.04855,0.04178,0.04972,0.05161,0.0578,0.04761,0.05474,0.05736,0.06544,0.12288,0.13293,0.07214,0.08059,0.03363,0.0
2026-04-12,B,Floresta,Domingo,Domingo_Festivo,Residencial,0,10193,0.0,0.02109,0.03022,0.04513,0.04405,0.06809,0.0723,0.07731,0.07535,0.08368,0.08123,0.06769,0.06102,0.07083,0.08202,0.04758,0.04817,0.02423,0.0
2026-04-12,B,San Antonio,Domingo,Domingo_Festivo,Centro_Empleo,0,21426,0.0,0.01848,0.02674,0.05703,0.0519,0.06697,0.06137,0.05433,0.07962,0.08051,0.07146,0.0596,0.10623,0.07192,0.06828,0.0603,0.04243,0.02282,0.0
2026-04-12,B,San Javier,Domingo,Domingo_Festivo,Residencial,0,18261,0.0,0.02212,0.02957,0.04677,0.06955,0.05065,0.07382,0.06424,0.06643,0.07086,0.07333,0.07124,0.07825,0.0845,0.05854,0.04989,0.06309,0.02716,0.0
2026-04-12,B,Santa Lucía,Domingo,Domingo_Festivo,Residencial,0,8682,0.0,0.02304,0.04331,0.04653,0.05909,0.06024,0.05828,0.07302,0.06416,0.08282,0.08466,0.07798,0.0721,0.07959,0.07141,0.0455,0.03329,0.02499,0.0
2026-04-12,B,Suramericana,Domingo,Domingo_Festivo,Mixta,1,9372,0.0,0.01803,0.02401,0.04097,0.04012,0.0605,0.04012,0.05815,0.05036,0.06167,0.07074,0.05538,0.07522,0.09102,0.11641,0.07736,0.07522,0.04471,0.0
2026-04-13,A,Acevedo,Lunes,Laboral,Residencial,0,28680,0.03142,0.0788,0.11865,0.07908,0.09358,0.04909,0.05251,0.0537,0.04745,0.05823,0.04184,0.04557,0.04411,0.05492,0.05126,0.03264,0.03309,0.02427,0.0098
2026-04-13,A,Aguacatala,Lunes,Laboral,Mixta,0,18433,0.01568,0.04492,0.06705,0.08734,0.0549,0.04573,0.03792,0.0351,0.04866,0.06,0.04785,0.0555,0.0766,0.07123,0.0989,0.05355,0.05414,0.02582,0.0191
2026-04-13,A,Alpujarra,Lunes,Laboral,Centro_Empleo,0,24090,0.0066,0.01856,0.0367,0.03823,0.04014,0.03653,0.03508,0.03956,0.05596,0.05409,0.04251,0.06501,0.10477,0.12599,0.10515,0.07356,0.06509,0.0411,0.0154
2026-04-13,A,Ayurá,Lunes,Laboral,Mixta,0,17178,0.01851,0.04162,0.06962,0.0769,0.05187,0.04151,0.04611,0.03569,0.06596,0.04925,0.03697,0.05629,0.06328,0.10991,0.08057,0.06858,0.04494,0.02905,0.01339
2026-04-13,A,Bello,Lunes,Laboral,Residencial,0,22706,0.03849,0.08267,0.1179,0.10491,0.06659,0.05082,0.04113,0.03937,0.04968,0.04519,0.03413,0.04404,0.04805,0.07214,0.05571,0.03118,0.04091,0.02453,0.01255
2026-04-13,A,Caribe,Lunes,Laboral,Mixta,0,21174,0.01662,0.03925,0.0844,0.08444,0.0792,0.03906,0.04576,0.05729,0.05483,0.04676,0.03925,0.05464,0.057,0.07098,0.07056,0.06343,0.05549,0.02753,0.01351
2026-04-13,A,Envigado,Lunes,Laboral,Residencial,0,22825,0.03487,0.09639,0.11812,0.11702,0.07133,0.05349,0.05507,0.0411,0.04719,0.04771,0.0531,0.03676,0.03934,0.05704,0.04215,0.03005,0.02524,0.02462,0.00942
2026-04-13,A,Exposiciones,Lunes,Laboral,Centro_Empleo,0,23008,0.00639,0.01165,0.03377,0.06024,0.04755,0.02895,0.04072,0.04955,0.05841,0.06393,0.05555,0.05902,0.08184,0.10262,0.10183,0.0871,0.06837,0.02656,0.01595
2026-04-13,A,Hospital,Lunes,Laboral,Centro_Empleo,0,27534,0.00701,0.02074,0.03301,0.0495,0.05175,0.04765,0.04656,0.05114,0.05477,0.06773,0.04282,0.04551,0.1014,0.10921,0.0791,0.07554,0.05902,0.03715,0.02037
2026-04-13,A,Industriales,Lunes,Laboral,Centro_Empleo,0,31790,0.00856,0.01324,0.02985,0.05952,0.04303,0.03649,0.03935,0.04674,0.06128,0.05766,0.0526,0.04718,0.09393,0.11384,0.10142,0.09355,0.0569,0.02721,0.01765
2026-04-13,A,Itagüí,Lunes,Laboral,Residencial,0,30799,0.03049,0.06711,0.11776,0.11877,0.07753,0.04974,0.03507,0.03257,0.06559,0.04854,0.05166,0.04302,0.06646,0.04461,0.05175,0.0374,0.03068,0.02123,0.01
2026-04-13,A,La Estrella,Lunes,Laboral,Residencial,0,21609,0.03133,0.07279,0.14184,0.092,0.08742,0.04077,0.04827,0.0473,0.03924,0.05882,0.03739,0.04665,0.04933,0.06021,0.03739,0.04581,0.02823,0.02517,0.01004
2026-04-13,A,Madera,Lunes,Laboral,Residencial,0,12301,0.03236,0.08243,0.13861,0.0791,0.08438,0.05195,0.0426,0.04365,0.04487,0.05195,0.03853,0.03398,0.03992,0.0539,0.06796,0.04154,0.0317,0.02642,0.01415
2026-04-13,A,Niquía,Lunes,Laboral,Residencial,0,37903,0.03245,0.08187,0.12189,0.11471,0.07627,0.05912,0.03704,0.03683,0.04857,0.06532,0.04815,0.03609,0.05029,0.0406,0.05126,0.03087,0.0349,0.02609,0.00765
2026-04-13,A,Parque Berrío,Lunes,Laboral,Centro_Empleo,0,37820,0.0074,0.01637,0.03088,0.04675,0.05209,0.04225,0.04268,0.06573,0.06504,0.051,0.0527,0.05288,0.07723,0.10145,0.09881,0.0762,0.06782,0.03258,0.02012
2026-04-13,A,Poblado,Lunes,Laboral,Centro_Empleo,0,42695,0.00782,0.01686,0.0371,0.06055,0.03612,0.04527,0.04024,0.0427,0.06902,0.05603,0.03858,0.04745,0.07294,0.1161,0.12297,0.07087,0.06987,0.03492,0.01459
2026-04-13,A,Prado,Lunes,Laboral,Centro_Empleo,0,22717,0.00577,0.01836,0.03403,0.03803,0.04503,0.04737,0.04833,0.0493,0.05617,0.05243,0.04437,0.0692,0.07862,0.11546,0.11388,0.08461,0.05507,0.0298,0.01417
2026-04-13,A,Sabaneta,Lunes,Laboral,Residencial,0,16631,0.03469,0.08063,0.12092,0.10595,0.07306,0.06133,0.04702,0.04341,0.05363,0.04792,0.04534,0.03644,0.04113,0.04738,0.04389,0.04035,0.04311,0.02032,0.01347
2026-04-13,A,San Antonio,Lunes,Laboral,Centro_Empleo,0,67819,0.00479,0.01727,0.03048,0.05081,0.04017,0.04217,0.04339,0.04988,0.07182,0.05811,0.04313,0.05153,0.09921,0.12351,0.10782,0.05914,0.05683,0.02866,0.02128
2026-04-13,A,Tricentenario,Lunes,Laboral,Residencial,0,9950,0.03417,0.11196,0.0797,0.0994,0.0602,0.06332,0.03216,0.04925,0.05226,0.05568,0.04884,0.05055,0.05518,0.04995,0.05075,0.04211,0.02834,0.02432,0.01186
2026-04-13,A,Universidad,Lunes,Laboral,Mixta,0,23518,0.01888,0.06493,0.0688,0.09482,0.05464,0.04303,0.04095,0.04711,0.0483,0.04847,0.04163,0.05426,0.06506,0.09372,0.07292,0.0523,0.04707,0.0253,0.01782
2026-04-13,B,Cisneros,Lunes,Laboral,Centro_Empleo,0,16950,0.00625,0.0128,0.03357,0.04065,0.04366,0.04224,0.05086,0.04619,0.07097,0.04861,0.04649,0.05876,0.08513,0.11593,0.12448,0.06484,0.05717,0.03333,0.01805
2026-04-13,B,Estadio,Lunes,Laboral,Mixta,0,18903,0.01222,0.03449,0.0848,0.07332,0.07713,0.03634,0.04216,0.04671,0.05311,0.05893,0.05708,0.06168,0.06623,0.07306,0.08544,0.05332,0.04248,0.02836,0.01312
2026-04-13,B,Floresta,Lunes,Laboral,Residencial,0,16019,0.0382,0.07822,0.12498,0.11249,0.0628,0.05025,0.03739,0.04682,0.05369,0.0505,0.05007,0.04501,0.04925,0.05724,0.04532,0.03689,0.02847,0.02023,0.01217
2026-04-13,B,San Antonio,Lunes,Laboral,Centro_Empleo,0,38369,0.00886,0.01809,0.03503,0.04415,0.04524,0.04123,0.04006,0.04222,0.05692,0.05822,0.04548,0.05134,0.08306,0.11238,0.11283,0.09291,0.05697,0.03745,0.01754
2026-04-13,B,San Javier,Lunes,Laboral,Residencial,0,33010,0.02681,0.08522,0.13205,0.12499,0.08288,0.04944,0.04038,0.03605,0.04347,0.05474,0.04141,0.04259,0.04483,0.04917,0.05286,0.03411,0.02696,0.02208,0.00994
2026-04-13,B,Santa Lucía,Lunes,Laboral,Residencial,0,15170,0.03876,0.0878,0.08833,0.12353,0.09506,0.05102,0.04252,0.03368,0.04403,0.05511,0.04825,0.0381,0.04977,0.04951,0.05162,0.04067,0.03395,0.01595,0.01233
2026-04-13,B,Suramericana,Lunes,Laboral,Mixta,0,13794,0.01892,0.04168,0.07938,0.09736,0.063,0.03661,0.04038,0.03821,0.05452,0.05365,0.04596,0.0514,0.06648,0.08562,0.07605,0.05988,0.05212,0.02682,0.01196
2026-04-14,A,Acevedo,Martes,Laboral,Residencial,0,30030,0.0297,0.0683,0.12611,0.11788,0.07726,0.04482,0.04103,0.04133,0.05418,0.05368,0.05485,0.05591,0.04412,0.04589,0.04892,0.0342,0.03064,0.02251,0.00869
2026-04-14,A,Aguacatala,Martes,Laboral,Mixta,0,20573,0.01779,0.04462,0.07486,0.05818,0.06246,0.0418,0.03262,0.03505,0.04671,0.0593,0.05974,0.06771,0.0592,0.08394,0.11024,0.05512,0.04477,0.0298,0.01609
2026-04-14,A,Alpujarra,Martes,Laboral,Centro_Empleo,0,24513,0.00587,0.01538,0.04834,0.03476,0.05148,0.04471,0.03374,0.04744,0.07706,0.04691,0.04447,0.07257,0.07314,0.12271,0.11398,0.08228,0.03782,0.0328,0.01452
2026-04-14,A,Ayurá,Martes,Laboral,Mixta,0,17760,0.01768,0.04116,0.08953,0.09065,0.04842,0.03142,0.04358,0.05265,0.05552,0.04786,0.05394,0.04966,0.05597,0.08418,0.07973,0.07449,0.04414,0.02832,0.01109
2026-04-14,A,Bello,Martes,Laboral,Residencial,0,23341,0.03573,0.08277,0.13367,0.11923,0.06461,0.0419,0.04066,0.03179,0.06092,0.06277,0.04053,0.04473,0.04893,0.04674,0.05741,0.02763,0.02965,0.02009,0.01024
2026-04-14,A,Caribe,Martes,Laboral,Mixta,0,21414,0.01569,0.0445,0.08308,0.07542,0.06514,0.04623,0.03544,0.03161,0.04875,0.04997,0.06374,0.07327,0.06337,0.08126,0.07537,0.05711,0.05006,0.02545,0.01452
2026-04-14,A,Envigado,Martes,Laboral,Residencial,0,25251,0.02836,0.09873,0.11877,0.08412,0.08194,0.04725,0.04447,0.0419,0.06277,0.04598,0.04938,0.04958,0.04352,0.05786,0.0533,0.03263,0.02982,0.01988,0.00974
2026-04-14,A,Exposiciones,Martes,Laboral,Centro_Empleo,0,21899,0.00557,0.01694,0.03827,0.04302,0.05311,0.04726,0.04119,0.03489,0.05311,0.0579,0.07918,0.0527,0.08594,0.10183,0.11425,0.07699,0.05548,0.03028,0.0121
2026-04-14,A,Hospital,Martes,Laboral,Centro_Empleo,0,29972,0.00657,0.01798,0.04157,0.04411,0.04304,0.0387,0.03487,0.04968,0.05835,0.08738,0.05068,0.06886,0.06092,0.12488,0.11254,0.06543,0.04998,0.02919,0.01525
2026-04-14,A,Industriales,Martes,Laboral,Centro_Empleo,0,32272,0.00583,0.01658,0.03594,0.04642,0.05571,0.04155,0.04382,0.03749,0.0739,0.07505,0.05565,0.0493,0.06656,0.08744,0.14189,0.07279,0.05131,0.03089,0.01187
2026-04-14,A,Itagüí,Martes,Laboral,Residencial,0,29472,0.02972,0.09572,0.11842,0.10325,0.07146,0.04618,0.05734,0.03485,0.04652,0.0528,0.04645,0.05195,0.03916,0.05646,0.04835,0.03464,0.03763,0.0187,0.01042
2026-04-14,A,La Estrella,Martes,Laboral,Residencial,0,22934,0.02778,0.0719,0.14455,0.10569,0.0818,0.0549,0.0334,0.04605,0.0392,0.05132,0.0433,0.05315,0.04099,0.04103,0.06671,0.03663,0.03022,0.01687,0.01452
2026-04-14,A,Madera,Martes,Laboral,Residencial,0,11495,0.03558,0.09326,0.11318,0.10892,0.08917,0.04454,0.04663,0.0328,0.04985,0.04506,0.0502,0.05072,0.03776,0.04872,0.05298,0.03689,0.02801,0.02331,0.01244
2026-04-14,A,Niquía,Martes,Laboral,Residencial,0,38955,0.02852,0.08425,0.11734,0.10612,0.08779,0.05116,0.04508,0.0412,0.04936,0.03982,0.03319,0.05019,0.05653,0.05155,0.06364,0.04069,0.02313,0.02077,0.00968
2026-04-14,A,Parque Berrío,Martes,Laboral,Centro_Empleo,0,42616,0.00627,0.01535,0.03316,0.04426,0.04944,0.03567,0.04196,0.04571,0.04907,0.05301,0.07417,0.06408,0.08023,0.09832,0.10639,0.07887,0.05826,0.04761,0.01819
2026-04-14,A,Poblado,Martes,Laboral,Centro_Empleo,0,43553,0.00673,0.01674,0.02994,0.04689,0.05093,0.04989,0.03814,0.03942,0.05035,0.05823,0.05761,0.07095,0.0614,0.12833,0.1176,0.06808,0.05818,0.03479,0.01582
2026-04-14,A,Prado,Martes,Laboral,Centro_Empleo,0,22741,0.00897,0.01139,0.03883,0.05088,0.04973,0.05497,0.03122,0.04177,0.07264,0.05703,0.04644,0.06161,0.05312,0.1525,0.10145,0.06587,0.05448,0.03263,0.01447
2026-04-14,A,Sabaneta,Martes,Laboral,Residencial,0,17664,0.02831,0.07529,0.12449,0.09805,0.08214,0.06284,0.05186,0.04048,0.04008,0.04665,0.05225,0.04614,0.04569,0.05072,0.04778,0.03476,0.03708,0.02049,0.01489
2026-04-14,A,San Antonio,Martes,Laboral,Centro_Empleo,0,58954,0.00658,0.01533,0.03579,0.04263,0.05759,0.03815,0.03895,0.05041,0.06247,0.0573,0.05528,0.05425,0.05662,0.11431,0.11623,0.08836,0.05779,0.03233,0.01964
2026-04-14,A,Tricentenario,Martes,Laboral,Residencial,0,10091,0.03587,0.0659,0.15261,0.0881,0.0772,0.05084,0.03815,0.044,0.05797,0.04578,0.0435,0.04172,0.04212,0.04866,0.05331,0.04321,0.03062,0.02616,0.01427
2026-04-14,A,Universidad,Martes,Laboral,Mixta,0,22998,0.01844,0.03726,0.09492,0.08622,0.06861,0.041,0.046,0.04561,0.05009,0.05287,0.05035,0.04979,0.05609,0.07744,0.0707,0.06688,0.03683,0.03296,0.01791
2026-04-14,B,Cisneros,Martes,Laboral,Centro_Empleo,0,17655,0.00759,0.01631,0.03755,0.04707,0.06276,0.04735,0.04016,0.04831,0.04945,0.06106,0.0529,0.06553,0.09385,0.12042,0.07743,0.0682,0.0473,0.03908,0.01767
2026-04-14,B,Estadio,Martes,Laboral,Mixta,0,18456,0.01327,0.03945,0.07082,0.0849,0.05716,0.04232,0.04448,0.05332,0.06036,0.068,0.05581,0.04811,0.0719,0.08209,0.06627,0.05337,0.0447,0.03191,0.01176
2026-04-14,B,Floresta,Martes,Laboral,Residencial,0,16621,0.03297,0.05541,0.13164,0.09518,0.08489,0.04903,0.05415,0.04175,0.0503,0.04861,0.04903,0.05421,0.04109,0.06468,0.0438,0.03712,0.0287,0.02539,0.01203
2026-04-14,B,San Antonio,Martes,Laboral,Centro_Empleo,0,38554,0.00534,0.01541,0.04007,0.04513,0.06088,0.03188,0.04601,0.04038,0.07296,0.06461,0.05421,0.06191,0.07675,0.09771,0.10098,0.05299,0.07504,0.04049,0.01725
2026-04-14,B,San Javier,Martes,Laboral,Residencial,0,32402,0.03204,0.08848,0.11947,0.1366,0.06638,0.03629,0.03429,0.03691,0.04407,0.06169,0.04923,0.04376,0.04256,0.0566,0.04997,0.03731,0.02704,0.02694,0.01037
2026-04-14,B,Santa Lucía,Martes,Laboral,Residencial,0,15893,0.03133,0.06877,0.14113,0.10583,0.07978,0.0582,0.04625,0.04662,0.05027,0.04562,0.04895,0.047,0.04442,0.04612,0.04228,0.04713,0.01995,0.02146,0.00887
2026-04-14,B,Suramericana,Martes,Laboral,Mixta,0,14567,0.02176,0.0357,0.08396,0.09796,0.05636,0.0475,0.03336,0.0508,0.06631,0.05245,0.04531,0.04442,0.06377,0.08684,0.07483,0.06123,0.0348,0.0276,0.01503
2026-04-15,A,Acevedo,Miércoles,Laboral,Residencial,0,26979,0.02687,0.07391,0.13911,0.1092,0.09,0.05326,0.04978,0.03985,0.04793,0.03999,0.04526,0.0344,0.04018,0.06019,0.05071,0.0354,0.02824,0.02283,0.0129
2026-04-15,A,Aguacatala,Miércoles,Laboral,Mixta,0,18111,0.01866,0.04506,0.08829,0.08658,0.05599,0.03937,0.03854,0.05687,0.05339,0.05533,0.04053,0.05604,0.06775,0.07073,0.0831,0.05869,0.03815,0.0286,0.01833
2026-04-15,A,Alpujarra,Miércoles,Laboral,Centro_Empleo,0,22286,0.00678,0.01624,0.03693,0.05241,0.06224,0.04276,0.03792,0.04155,0.05376,0.05438,0.04774,0.05914,0.07404,0.13547,0.0936,0.10015,0.04003,0.02638,0.01849
2026-04-15,A,Ayurá,Miércoles,Laboral,Mixta,0,17962,0.0147,0.04153,0.07477,0.07688,0.06569,0.05239,0.04253,0.03146,0.06892,0.03268,0.0348,0.07382,0.06113,0.09837,0.09203,0.05885,0.03958,0.02778,0.01208
2026-04-15,A,Bello,Miércoles,Laboral,Residencial,0,23451,0.03765,0.06976,0.12204,0.08686,0.10435,0.0617,0.03974,0.05232,0.05612,0.04205,0.04324,0.03902,0.03893,0.05642,0.04691,0.031,0.03143,0.02507,0.01539
2026-04-15,A,Caribe,Miércoles,Laboral,Mixta,0,18526,0.02294,0.04658,0.06283,0.09408,0.07568,0.04135,0.03967,0.061,0.06429,0.04378,0.04685,0.042,0.0679,0.08334,0.06602,0.0577,0.04318,0.03023,0.01058
2026-04-15,A,Envigado,Miércoles,Laboral,Residencial,0,22450,0.0298,0.07604,0.12347,0.1196,0.0837,0.04699,0.04646,0.0351,0.04753,0.03563,0.04316,0.05514,0.05746,0.04757,0.03804,0.04227,0.03336,0.0241,0.01457
2026-04-15,A,Exposiciones,Miércoles,Laboral,Centro_Empleo,0,20833,0.00792,0.01838,0.03379,0.0469,0.06192,0.05078,0.03898,0.03667,0.06682,0.05822,0.04733,0.05818,0.07291,0.11107,0.1129,0.06941,0.05078,0.03888,0.01814
2026-04-15,A,Hospital,Miércoles,Laboral,Centro_Empleo,0,25764,0.00741,0.01576,0.04072,0.04654,0.04825,0.04856,0.03664,0.04386,0.07235,0.06183,0.06008,0.06102,0.09094,0.10705,0.07514,0.08535,0.03982,0.04367,0.01502
2026-04-15,A,Industriales,Miércoles,Laboral,Centro_Empleo,0,30593,0.00624,0.01497,0.03197,0.05148,0.04612,0.04269,0.03259,0.04596,0.06704,0.05975,0.04815,0.05688,0.08319,0.10274,0.1062,0.0895,0.05505,0.04315,0.01634
2026-04-15,A,Itagüí,Miércoles,Laboral,Residencial,0,29469,0.04476,0.068,0.15549,0.09841,0.08304,0.05239,0.04758,0.04042,0.04713,0.04978,0.02423,0.03152,0.05562,0.05155,0.05328,0.03024,0.02701,0.02528,0.01429
2026-04-15,A,La Estrella,Miércoles,Laboral,Residencial,0,21448,0.03418,0.07315,0.13815,0.12164,0.08178,0.05506,0.04919,0.04746,0.04723,0.04061,0.03604,0.03907,0.03543,0.0476,0.04807,0.04047,0.03292,0.02079,0.01114
2026-04-15,A,Madera,Miércoles,Laboral,Residencial,0,11836,0.03878,0.08162,0.10831,0.12918,0.08854,0.05449,0.04545,0.03971,0.03996,0.04334,0.0403,0.04427,0.04376,0.05407,0.04968,0.03895,0.02526,0.0234,0.0109
2026-04-15,A,Niquía,Miércoles,Laboral,Residencial,0,35634,0.03295,0.08427,0.13473,0.10543,0.1049,0.04894,0.03356,0.03828,0.04013,0.04033,0.0392,0.05155,0.04821,0.05079,0.04555,0.04016,0.02621,0.02136,0.01344
2026-04-15,A,Parque Berrío,Miércoles,Laboral,Centro_Empleo,0,44159,0.00727,0.01612,0.0341,0.04368,0.04694,0.04171,0.04069,0.05034,0.0543,0.05442,0.06117,0.05616,0.07523,0.11665,0.09593,0.11044,0.03854,0.04432,0.01198
2026-04-15,A,Poblado,Miércoles,Laboral,Centro_Empleo,0,41948,0.00656,0.0134,0.02854,0.0436,0.05676,0.03464,0.04253,0.04844,0.05791,0.04456,0.04701,0.05874,0.07195,0.12594,0.14935,0.06296,0.04873,0.0375,0.02091
2026-04-15,A,Prado,Miércoles,Laboral,Centro_Empleo,0,21907,0.00689,0.02346,0.03396,0.04181,0.04898,0.04597,0.04939,0.0692,0.05227,0.0514,0.06208,0.06213,0.08518,0.08299,0.1049,0.0886,0.04163,0.03122,0.01794
2026-04-15,A,Sabaneta,Miércoles,Laboral,Residencial,0,17055,0.02943,0.0771,0.12905,0.09323,0.08725,0.06479,0.04491,0.06573,0.04573,0.04515,0.04263,0.04233,0.04374,0.05429,0.04972,0.03377,0.02064,0.01917,0.01132
2026-04-15,A,San Antonio,Miércoles,Laboral,Centro_Empleo,0,59003,0.00766,0.01576,0.03005,0.05657,0.03996,0.04124,0.03786,0.04142,0.07528,0.0573,0.04642,0.06313,0.09035,0.10022,0.10764,0.07618,0.05678,0.04112,0.01505
2026-04-15,A,Tricentenario,Miércoles,Laboral,Residencial,0,9673,0.02512,0.08787,0.13377,0.09894,0.09046,0.0672,0.04104,0.04104,0.04942,0.05882,0.04538,0.03897,0.04425,0.04342,0.03928,0.03815,0.02378,0.02233,0.01075
2026-04-15,A,Universidad,Miércoles,Laboral,Mixta,0,23646,0.02005,0.037,0.06986,0.07663,0.07781,0.03844,0.04149,0.03544,0.04424,0.05726,0.0362,0.05658,0.0743,0.09173,0.09452,0.06834,0.03967,0.02711,0.01332
2026-04-15,B,Cisneros,Miércoles,Laboral,Centro_Empleo,0,15608,0.00692,0.01826,0.03319,0.04081,0.05299,0.03754,0.04543,0.04004,0.05875,0.05356,0.06138,0.05837,0.07266,0.10757,0.14121,0.06381,0.05222,0.0394,0.01589
2026-04-15,B,Estadio,Miércoles,Laboral,Mixta,1,24054,0.01434,0.04161,0.06007,0.05737,0.04901,0.02914,0.0301,0.0343,0.04419,0.03093,0.03367,0.02785,0.0587,0.16517,0.10364,0.08273,0.05575,0.0681,0.0133
2026-04-15,B,Floresta,Miércoles,Laboral,Residencial,0,15228,0.03027,0.11203,0.08255,0.1293,0.12379,0.04984,0.03822,0.04367,0.0419,0.03664,0.03737,0.03533,0.04222,0.05043,0.04492,0.04045,0.02594,0.02252,0.01261
2026-04-15,B,San Antonio,Miércoles,Laboral,Centro_Empleo,0,37922,0.00717,0.01503,0.03428,0.05672,0.04781,0.03671,0.05066,0.04786,0.06656,0.05306,0.05548,0.06977,0.07025,0.09541,0.1073,0.07006,0.05242,0.04712,0.01632
2026-04-15,B,San Javier,Miércoles,Laboral,Residencial,0,33155,0.02796,0.09477,0.11365,0.16426,0.08053,0.04615,0.04274,0.03686,0.04334,0.04069,0.04075,0.03933,0.03472,0.05565,0.04636,0.03719,0.02549,0.02054,0.00905
2026-04-15,B,Santa Lucía,Miércoles,Laboral,Residencial,0,14778,0.03505,0.07213,0.12025,0.11023,0.07525,0.05373,0.05041,0.03992,0.05163,0.05156,0.03681,0.05691,0.04121,0.06043,0.05217,0.03999,0.02307,0.01901,0.01022
2026-04-15,B,Suramericana,Miércoles,Laboral,Mixta,1,17091,0.01556,0.04915,0.05102,0.06506,0.0677,0.04657,0.0354,0.02557,0.03078,0.03516,0.04295,0.04377,0.0598,0.10906,0.12498,0.08595,0.0447,0.05646,0.01036
2026-04-16,A,Acevedo,Jueves,Laboral,Residencial,0,29543,0.03656,0.09261,0.10442,0.11011,0.08703,0.04536,0.05561,0.0413,0.03893,0.05531,0.03358,0.03872,0.04881,0.04106,0.05467,0.05192,0.02803,0.02363,0.01235
2026-04-16,A,Aguacatala,Jueves,Laboral,Mixta,0,18570,0.01589,0.04491,0.06974,0.10468,0.07717,0.03651,0.04432,0.03398,0.06123,0.04593,0.04685,0.03974,0.07523,0.08982,0.08072,0.05358,0.0378,0.02908,0.01282
2026-04-16,A,Alpujarra,Jueves,Laboral,Centro_Empleo,0,25078,0.00666,0.01392,0.03242,0.05814,0.04019,0.04462,0.0333,0.04965,0.0455,0.06516,0.04805,0.05702,0.07883,0.13661,0.11492,0.07987,0.0571,0.02341,0.01463
2026-04-16,A,Ayurá,Jueves,Laboral,Mixta,0,18330,0.01511,0.05161,0.08238,0.09258,0.06247,0.04168,0.04741,0.04086,0.04828,0.05543,0.04043,0.04899,0.07409,0.07632,0.09013,0.05439,0.03901,0.02291,0.01593
2026-04-16,A,Bello,Jueves,Laboral,Residencial,0,23855,0.03597,0.07562,0.13699,0.13192,0.06464,0.04854,0.03463,0.05416,0.04905,0.04963,0.04783,0.03048,0.04343,0.05366,0.04863,0.03794,0.02373,0.02104,0.01211
2026-04-16,A,Caribe,Jueves,Laboral,Mixta,0,19999,0.01825,0.0415,0.0712,0.07975,0.0645,0.0438,0.0351,0.0425,0.0514,0.063,0.05255,0.05605,0.07855,0.10281,0.0699,0.05015,0.03705,0.0259,0.016
2026-04-16,A,Envigado,Jueves,Laboral,Residencial,0,23928,0.02988,0.05809,0.1064,0.12734,0.09178,0.04743,0.04476,0.04066,0.05207,0.06093,0.0425,0.05011,0.03799,0.07247,0.04514,0.03398,0.02783,0.02144,0.00919
2026-04-16,A,Exposiciones,Jueves,Laboral,Centro_Empleo,0,22671,0.00772,0.01385,0.02488,0.03617,0.05011,0.03838,0.04124,0.04327,0.03789,0.05981,0.04027,0.07124,0.10088,0.14485,0.11345,0.08257,0.04526,0.0337,0.01447
2026-04-16,A,Hospital,Jueves,Laboral,Centro_Empleo,0,27215,0.00768,0.01624,0.03564,0.05071,0.05431,0.0417,0.0377,0.03347,0.06125,0.07525,0.04571,0.05152,0.08764,0.11159,0.09792,0.09877,0.04064,0.03704,0.01521
2026-04-16,A,Industriales,Jueves,Laboral,Centro_Empleo,0,32625,0.00625,0.01756,0.03418,0.04454,0.04273,0.04187,0.03485,0.04123,0.06483,0.06219,0.04159,0.0488,0.0907,0.1467,0.11136,0.08601,0.04705,0.02366,0.01392
2026-04-16,A,Itagüí,Jueves,Laboral,Residencial,0,29473,0.0283,0.08255,0.11621,0.13809,0.09225,0.04455,0.03708,0.04163,0.04485,0.05256,0.036,0.03518,0.0531,0.04876,0.0436,0.0534,0.02314,0.0169,0.01184
2026-04-16,A,La Estrella,Jueves,Laboral,Residencial,0,21119,0.02164,0.07936,0.12647,0.08755,0.08926,0.05322,0.04584,0.04513,0.04877,0.04996,0.03655,0.05237,0.05426,0.04967,0.06042,0.04034,0.02964,0.016,0.01354
2026-04-16,A,Madera,Jueves,Laboral,Residencial,0,12384,0.02681,0.08487,0.13816,0.11143,0.06848,0.04788,0.03844,0.04425,0.04708,0.07041,0.03828,0.03254,0.05346,0.0495,0.05661,0.03593,0.02737,0.01607,0.01244
2026-04-16,A,Niquía,Jueves,Laboral,Residencial,0,38181,0.02962,0.07834,0.1139,0.09376,0.088,0.06448,0.0341,0.05356,0.04597,0.06113,0.04293,0.04033,0.03981,0.07038,0.05212,0.03625,0.02258,0.02022,0.01252
2026-04-16,A,Parque Berrío,Jueves,Laboral,Centro_Empleo,0,47119,0.00507,0.01549,0.03205,0.05783,0.04686,0.03655,0.03411,0.04888,0.06407,0.04138,0.06072,0.05435,0.08941,0.14336,0.10552,0.07152,0.03803,0.04003,0.01477
2026-04-16,A,Poblado,Jueves,Laboral,Centro_Empleo,0,43109,0.00793,0.01297,0.02897,0.05024,0.04823,0.03171,0.04291,0.04551,0.05301,0.06052,0.03925,0.05526,0.08662,0.15595,0.10998,0.07242,0.05094,0.02714,0.02044
2026-04-16,A,Prado,Jueves,Laboral,Centro_Empleo,0,21595,0.00537,0.01977,0.02825,0.0521,0.04353,0.05298,0.04131,0.05719,0.05608,0.05052,0.05751,0.04899,0.09187,0.11007,0.12253,0.06821,0.04538,0.03135,0.01699
2026-04-16,A,Sabaneta,Jueves,Laboral,Residencial,0,18881,0.03617,0.08855,0.1054,0.12012,0.08919,0.04867,0.06054,0.03183,0.04618,0.03999,0.03813,0.04433,0.06223,0.04587,0.05381,0.0321,0.02431,0.02171,0.01086
2026-04-16,A,San Antonio,Jueves,Laboral,Centro_Empleo,0,64149,0.00597,0.02034,0.02449,0.0489,0.05057,0.03816,0.05236,0.03306,0.0402,0.05942,0.04555,0.06013,0.08912,0.1687,0.08826,0.08172,0.04496,0.02895,0.01913
2026-04-16,A,Tricentenario,Jueves,Laboral,Residencial,0,10554,0.03288,0.07703,0.11882,0.13853,0.07002,0.04311,0.04463,0.04141,0.03998,0.04889,0.05079,0.05041,0.06036,0.04899,0.0487,0.03212,0.02843,0.01525,0.00966
2026-04-16,A,Universidad,Jueves,Laboral,Mixta,0,24927,0.01853,0.05139,0.05408,0.11281,0.06302,0.03988,0.0424,0.03859,0.055,0.05243,0.04493,0.04698,0.06728,0.09143,0.08657,0.04914,0.04433,0.02832,0.01288
2026-04-16,B,Cisneros,Jueves,Laboral,Centro_Empleo,0,16661,0.0078,0.01573,0.03715,0.04454,0.05348,0.03787,0.04225,0.0479,0.07383,0.07809,0.03847,0.06152,0.07971,0.08859,0.11122,0.07521,0.0596,0.03049,0.01657
2026-04-16,B,Estadio,Jueves,Laboral,Mixta,0,20154,0.0191,0.04113,0.08291,0.0843,0.05666,0.03493,0.04267,0.06088,0.04833,0.05582,0.04059,0.04887,0.06639,0.07884,0.10246,0.05855,0.0394,0.02153,0.01662
2026-04-16,B,Floresta,Jueves,Laboral,Residencial,0,15975,0.0457,0.07656,0.10228,0.12182,0.0815,0.0472,0.04551,0.03681,0.04839,0.0457,0.04344,0.04757,0.06397,0.04833,0.03919,0.04175,0.02648,0.02754,0.01027
2026-04-16,B,San Antonio,Jueves,Laboral,Centro_Empleo,0,39763,0.00581,0.01366,0.03669,0.06001,0.05701,0.03526,0.03611,0.0506,0.05777,0.06209,0.04841,0.04952,0.08455,0.11201,0.12031,0.05638,0.05706,0.03825,0.01848
2026-04-16,B,San Javier,Jueves,Laboral,Residencial,0,31664,0.03787,0.08278,0.11136,0.08745,0.08584,0.04977,0.04655,0.04238,0.04276,0.05552,0.04507,0.04469,0.0475,0.05599,0.0698,0.0444,0.02678,0.01525,0.00824
2026-04-16,B,Santa Lucía,Jueves,Laboral,Residencial,0,14406,0.0336,0.07455,0.10593,0.10336,0.08378,0.05643,0.04929,0.0479,0.04769,0.05727,0.03325,0.03269,0.04665,0.06844,0.05796,0.04686,0.02818,0.01805,0.00812
2026-04-16,B,Suramericana,Jueves,Laboral,Mixta,0,13372,0.01713,0.03964,0.07127,0.09505,0.05489,0.04644,0.04741,0.04345,0.04225,0.04352,0.04786,0.06611,0.08136,0.07718,0.06775,0.05601,0.05541,0.03395,0.01331
2026-04-17,A,Acevedo,Viernes,Laboral,Residencial,0,28501,0.03119,0.09526,0.13912,0.08182,0.07642,0.06526,0.04733,0.03807,0.04968,0.04979,0.03631,0.03761,0.04765,0.04951,0.05126,0.03758,0.02751,0.02137,0.01726
2026-04-17,A,Aguacatala,Viernes,Laboral,Mixta,0,19353,0.01509,0.04764,0.08831,0.05829,0.07043,0.05059,0.0416,0.04077,0.05834,0.04671,0.05291,0.06128,0.0572,0.10086,0.08309,0.0495,0.03777,0.02418,0.01545
2026-04-17,A,Alpujarra,Viernes,Laboral,Centro_Empleo,0,25294,0.007,0.01906,0.03483,0.03384,0.05017,0.03685,0.04835,0.04709,0.06361,0.05657,0.04187,0.06717,0.06583,0.11841,0.10947,0.08302,0.0597,0.03455,0.02261
2026-04-17,A,Ayurá,Viernes,Laboral,Mixta,0,18961,0.01245,0.05052,0.07626,0.07885,0.07273,0.05037,0.04958,0.05,0.07347,0.04098,0.03333,0.04815,0.07452,0.09419,0.05664,0.06065,0.03344,0.02943,0.01445
2026-04-17,A,Bello,Viernes,Laboral,Residencial,0,23870,0.04629,0.08781,0.11584,0.12434,0.09413,0.0607,0.03611,0.03607,0.04026,0.05153,0.04646,0.03192,0.03624,0.0514,0.04621,0.03481,0.02396,0.02187,0.01403
2026-04-17,A,Caribe,Viernes,Laboral,Mixta,0,21258,0.02244,0.04394,0.06802,0.08251,0.06092,0.0557,0.03886,0.04521,0.06191,0.05386,0.05824,0.04285,0.0532,0.10222,0.08044,0.05951,0.03533,0.02206,0.0128
2026-04-17,A,Envigado,Viernes,Laboral,Residencial,0,25512,0.03038,0.09776,0.11512,0.1404,0.07204,0.05378,0.03971,0.02881,0.05268,0.04029,0.03532,0.03826,0.04864,0.05397,0.03986,0.04547,0.03485,0.02168,0.01098
2026-04-17,A,Exposiciones,Viernes,Laboral,Centro_Empleo,0,22654,0.00675,0.01889,0.02843,0.0452,0.04595,0.04357,0.04224,0.03571,0.05809,0.04873,0.06228,0.05491,0.0712,0.13168,0.11707,0.09402,0.04891,0.0298,0.01655
2026-04-17,A,Hospital,Viernes,Laboral,Centro_Empleo,0,29424,0.00724,0.01608,0.03066,0.04673,0.03742,0.03919,0.04945,0.04051,0.06675,0.045,0.05696,0.06865,0.08486,0.1235,0.111,0.06607,0.04863,0.0436,0.01771
2026-04-17,A,Industriales,Viernes,Laboral,Centro_Empleo,0,32289,0.00623,0.01545,0.02499,0.04069,0.05302,0.04432,0.03689,0.0489,0.07194,0.0603,0.05079,0.05457,0.0874,0.13249,0.09582,0.0673,0.04497,0.04937,0.01456
2026-04-17,A,Itagüí,Viernes,Laboral,Residencial,0,29049,0.0389,0.05787,0.12279,0.11002,0.07381,0.07443,0.03597,0.04644,0.05212,0.03942,0.04479,0.04692,0.05288,0.05532,0.04403,0.04238,0.02124,0.03029,0.0104
2026-04-17,A,La Estrella,Viernes,Laboral,Residencial,0,22137,0.03411,0.08578,0.10209,0.11623,0.08113,0.04937,0.05579,0.03772,0.04445,0.0566,0.0482,0.04314,0.04273,0.06103,0.04038,0.03465,0.02927,0.02209,0.01522
2026-04-17,A,Madera,Viernes,Laboral,Residencial,0,11897,0.0248,0.0775,0.11877,0.10431,0.07994,0.05783,0.04438,0.03841,0.0469,0.04404,0.04262,0.04077,0.05758,0.0791,0.0522,0.03892,0.02169,0.01984,0.01042
2026-04-17,A,Niquía,Viernes,Laboral,Residencial,0,38781,0.03466,0.08313,0.14048,0.10105,0.06694,0.05191,0.04396,0.04701,0.05722,0.04445,0.03576,0.04752,0.0458,0.04698,0.04574,0.04438,0.02653,0.02421,0.01225
2026-04-17,A,Parque Berrío,Viernes,Laboral,Centro_Empleo,0,44997,0.00978,0.01696,0.03658,0.04331,0.04951,0.0478,0.04147,0.04256,0.0608,0.05345,0.04638,0.05736,0.07378,0.13281,0.0947,0.07514,0.06892,0.03,0.01869
2026-04-17,A,Poblado,Viernes,Laboral,Centro_Empleo,0,41612,0.00779,0.01476,0.0328,0.05458,0.04804,0.04845,0.04225,0.04059,0.06589,0.05933,0.03903,0.05568,0.06885,0.12323,0.10853,0.08627,0.0553,0.03312,0.01552
2026-04-17,A,Prado,Viernes,Laboral,Centro_Empleo,0,22585,0.00646,0.01643,0.03361,0.04273,0.0542,0.05101,0.03932,0.03817,0.0553,0.05322,0.05712,0.05721,0.07903,0.15116,0.10773,0.05915,0.04547,0.03573,0.01696
2026-04-17,A,Sabaneta,Viernes,Laboral,Residencial,0,20163,0.02767,0.10579,0.11288,0.09909,0.06264,0.06844,0.04181,0.04072,0.04424,0.04449,0.05664,0.05108,0.04429,0.05937,0.03938,0.04424,0.02495,0.02009,0.0122
2026-04-17,A,San Antonio,Viernes,Laboral,Centro_Empleo,0,68793,0.00625,0.01974,0.0347,0.0355,0.05296,0.04955,0.03515,0.04091,0.04957,0.05182,0.03782,0.05708,0.10766,0.10372,0.14581,0.08072,0.03795,0.03721,0.01587
2026-04-17,A,Tricentenario,Viernes,Laboral,Residencial,0,10955,0.03304,0.09795,0.13592,0.10351,0.07065,0.06134,0.04236,0.04592,0.05504,0.04007,0.03861,0.0429,0.04509,0.05075,0.04409,0.03387,0.02273,0.02611,0.01004
2026-04-17,A,Universidad,Viernes,Laboral,Mixta,0,24310,0.01534,0.04521,0.08457,0.07947,0.08659,0.03632,0.04015,0.04928,0.05167,0.05064,0.04373,0.04109,0.06972,0.0856,0.08445,0.0508,0.03645,0.03394,0.01497
2026-04-17,B,Cisneros,Viernes,Laboral,Centro_Empleo,0,17666,0.0077,0.01262,0.03719,0.04234,0.04274,0.05168,0.0347,0.05412,0.06725,0.04523,0.04936,0.07676,0.07687,0.10534,0.12623,0.06425,0.0463,0.03781,0.02151
2026-04-17,B,Estadio,Viernes,Laboral,Mixta,0,20557,0.01698,0.04782,0.07676,0.08391,0.06387,0.04456,0.04042,0.04962,0.04631,0.04967,0.05443,0.05857,0.06762,0.08732,0.06377,0.05726,0.04266,0.02958,0.01887
2026-04-17,B,Floresta,Viernes,Laboral,Residencial,0,15287,0.03735,0.07412,0.10048,0.08981,0.07431,0.06659,0.04671,0.06208,0.0539,0.03631,0.04507,0.04344,0.04527,0.07673,0.04455,0.04173,0.02185,0.0263,0.01341
2026-04-17,B,San Antonio,Viernes,Laboral,Centro_Empleo,0,39163,0.00562,0.01936,0.03797,0.0501,0.0407,0.04762,0.05053,0.04343,0.06555,0.06795,0.04714,0.05676,0.07724,0.08998,0.10625,0.07448,0.06258,0.03978,0.01695
2026-04-17,B,San Javier,Viernes,Laboral,Residencial,0,29411,0.02961,0.09262,0.12696,0.11237,0.07018,0.06365,0.04427,0.03679,0.05841,0.04849,0.04118,0.03543,0.04029,0.04413,0.04189,0.03849,0.0322,0.02893,0.01411
2026-04-17,B,Santa Lucía,Viernes,Laboral,Residencial,0,14823,0.02773,0.05377,0.12535,0.12717,0.06436,0.04743,0.04648,0.0396,0.04635,0.04641,0.0425,0.04014,0.05491,0.09721,0.04614,0.03636,0.02354,0.0226,0.01194
2026-04-17,B,Suramericana,Viernes,Laboral,Mixta,0,14923,0.01883,0.04121,0.06882,0.06607,0.05173,0.0522,0.0394,0.05736,0.04309,0.05575,0.051,0.06051,0.07271,0.08457,0.0784,0.05582,0.05729,0.02969,0.01555
2026-04-18,A,Acevedo,Sábado,Sábado,Residencial,0,28597,0.01406,0.03007,0.04731,0.05952,0.05154,0.07347,0.06567,0.06511,0.06819,0.05777,0.0534,0.07032,0.06158,0.08116,0.08358,0.04392,0.02962,0.02616,0.01755
2026-04-18,A,Aguacatala,Sábado,Sábado,Mixta,0,17412,0.01378,0.03073,0.04055,0.04543,0.05071,0.07696,0.06685,0.08339,0.06633,0.07937,0.05404,0.05714,0.063,0.0661,0.06995,0.05175,0.03946,0.03142,0.01304
2026-04-18,A,Alpujarra,Sábado,Sábado,Centro_Empleo,0,19649,0.01618,0.02987,0.03746,0.05008,0.05364,0.06234,0.05364,0.06158,0.07944,0.08061,0.06586,0.05481,0.0657,0.08423,0.05583,0.05364,0.04295,0.0315,0.02061
2026-04-18,A,Ayurá,Sábado,Sábado,Mixta,0,16259,0.01162,0.02786,0.04225,0.04496,0.04428,0.05751,0.05603,0.08586,0.07817,0.07577,0.05388,0.05781,0.09459,0.07405,0.06003,0.04963,0.03696,0.03413,0.01458
2026-04-18,A,Bello,Sábado,Sábado,Residencial,0,21707,0.01801,0.02644,0.03515,0.04906,0.04625,0.06182,0.07118,0.0662,0.08477,0.0645,0.05823,0.0627,0.06307,0.06615,0.08122,0.04938,0.04298,0.03437,0.01852
2026-04-18,A,Caribe,Sábado,Sábado,Mixta,0,20129,0.0149,0.02693,0.04302,0.0459,0.06548,0.06771,0.05887,0.05678,0.07904,0.0693,0.06125,0.04695,0.07333,0.06622,0.05788,0.0615,0.05728,0.03279,0.01485
2026-04-18,A,Envigado,Sábado,Sábado,Residencial,0,22190,0.01172,0.02988,0.04741,0.03961,0.05994,0.07066,0.05548,0.04353,0.06061,0.07314,0.06147,0.0744,0.08815,0.0749,0.07612,0.04768,0.03862,0.0283,0.01839
2026-04-18,A,Exposiciones,Sábado,Sábado,Centro_Empleo,0,19776,0.01532,0.03469,0.05138,0.04435,0.05942,0.05714,0.05936,0.0576,0.067,0.05583,0.06928,0.05825,0.0845,0.07474,0.07074,0.04991,0.04202,0.03363,0.01487
2026-04-18,A,Hospital,Sábado,Sábado,Centro_Empleo,0,24830,0.01555,0.03198,0.03592,0.06279,0.06271,0.0561,0.06955,0.06375,0.06528,0.07072,0.06097,0.05924,0.06782,0.06323,0.07704,0.05199,0.04035,0.0296,0.01538
2026-04-18,A,Industriales,Sábado,Sábado,Centro_Empleo,0,27044,0.01553,0.02914,0.03827,0.03735,0.07066,0.06149,0.06963,0.05968,0.07029,0.07447,0.05665,0.05391,0.0744,0.08268,0.06782,0.05314,0.03809,0.03017,0.01664
2026-04-18,A,Itagüí,Sábado,Sábado,Residencial,0,29528,0.01385,0.02638,0.03746,0.05717,0.06584,0.06238,0.05916,0.06678,0.05903,0.05124,0.04934,0.07349,0.07129,0.07434,0.06807,0.06621,0.04406,0.03305,0.02086
2026-04-18,A,La Estrella,Sábado,Sábado,Residencial,0,21281,0.01414,0.03242,0.04022,0.04854,0.06865,0.04473,0.07143,0.06123,0.06856,0.06626,0.05869,0.04798,0.07725,0.08031,0.08731,0.03651,0.04243,0.03214,0.02119
2026-04-18,A,Madera,Sábado,Sábado,Residencial,0,11349,0.01612,0.02652,0.04529,0.05948,0.06265,0.07014,0.05771,0.07102,0.07023,0.06979,0.0689,0.04837,0.05075,0.06344,0.08538,0.0526,0.03771,0.02661,0.01727
2026-04-18,A,Niquía,Sábado,Sábado,Residencial,0,38206,0.01382,0.02636,0.04405,0.04978,0.06481,0.0591,0.06237,0.0562,0.0731,0.06004,0.05059,0.06156,0.08289,0.09703,0.06523,0.058,0.03301,0.02772,0.01434
2026-04-18,A,Parque Berrío,Sábado,Sábado,Centro_Empleo,0,37614,0.01236,0.02778,0.04028,0.04113,0.05272,0.07744,0.06604,0.06822,0.0692,0.05846,0.06226,0.06181,0.07463,0.07662,0.0591,0.04653,0.05163,0.03735,0.01643
2026-04-18,A,Poblado,Sábado,Sábado,Centro_Empleo,0,35412,0.01268,0.02762,0.04789,0.06831,0.0532,0.0702,0.07108,0.06131,0.0569,0.07204,0.06275,0.07455,0.05442,0.06896,0.06707,0.0475,0.03502,0.02988,0.01864
2026-04-18,A,Prado,Sábado,Sábado,Centro_Empleo,0,19090,0.01477,0.03033,0.05165,0.05526,0.0594,0.08318,0.06894,0.05165,0.07789,0.0594,0.0748,0.06181,0.05097,0.06281,0.08554,0.03431,0.03787,0.02808,0.01131
2026-04-18,A,Sabaneta,Sábado,Sábado,Residencial,0,17841,0.01693,0.0259,0.04663,0.04989,0.06681,0.05684,0.05969,0.07214,0.05801,0.07051,0.06216,0.07567,0.04736,0.06479,0.07819,0.04708,0.04103,0.0449,0.01547
2026-04-18,A,San Antonio,Sábado,Sábado,Centro_Empleo,0,53984,0.01247,0.0251,0.0577,0.04598,0.05039,0.04703,0.0527,0.06339,0.07691,0.05805,0.07606,0.07447,0.06313,0.07128,0.08247,0.05131,0.03266,0.03516,0.02375
2026-04-18,A,Tricentenario,Sábado,Sábado,Residencial,0,10265,0.01452,0.02231,0.04364,0.0567,0.08719,0.06245,0.06741,0.06995,0.05212,0.05543,0.04686,0.05972,0.0643,0.08924,0.07891,0.05056,0.03595,0.02835,0.01442
2026-04-18,A,Universidad,Sábado,Sábado,Mixta,0,20192,0.01639,0.03343,0.03303,0.05626,0.07597,0.05289,0.05735,0.07052,0.06696,0.08107,0.05884,0.05997,0.06176,0.06547,0.06389,0.06339,0.03135,0.03051,0.02095
2026-04-18,B,Cisneros,Sábado,Sábado,Centro_Empleo,0,14523,0.01377,0.0303,0.02844,0.05646,0.05715,0.06383,0.05756,0.08194,0.07347,0.0807,0.05095,0.06459,0.07795,0.06899,0.06142,0.04551,0.04558,0.03119,0.01019
2026-04-18,B,Estadio,Sábado,Sábado,Mixta,1,21364,0.00992,0.01732,0.04175,0.03131,0.03899,0.0411,0.06296,0.05327,0.0609,0.04962,0.06534,0.05116,0.05617,0.09652,0.13911,0.07241,0.0587,0.03848,0.01498
2026-04-18,B,Floresta,Sábado,Sábado,Residencial,0,17306,0.01237,0.02248,0.04328,0.03929,0.04865,0.07211,0.04935,0.07905,0.05842,0.07182,0.07148,0.0694,0.05357,0.07957,0.08107,0.05195,0.04114,0.03756,0.01745
2026-04-18,B,San Antonio,Sábado,Sábado,Centro_Empleo,0,33666,0.01851,0.02076,0.04283,0.04874,0.05917,0.06695,0.05605,0.07245,0.08234,0.06134,0.06336,0.06576,0.0573,0.06089,0.06983,0.0666,0.0409,0.03131,0.01491
2026-04-18,B,San Javier,Sábado,Sábado,Residencial,0,28765,0.01189,0.03045,0.04533,0.05729,0.05103,0.05222,0.05489,0.06678,0.07036,0.06414,0.0664,0.07547,0.0746,0.06178,0.07454,0.06386,0.02993,0.03049,0.01853
2026-04-18,B,Santa Lucía,Sábado,Sábado,Residencial,0,14827,0.01153,0.02745,0.04735,0.04141,0.07142,0.05841,0.07459,0.052,0.07156,0.06063,0.08087,0.07102,0.05928,0.05841,0.07776,0.05025,0.03183,0.03581,0.01841
2026-04-18,B,Suramericana,Sábado,Sábado,Mixta,1,16111,0.01123,0.02086,0.0319,0.03817,0.05431,0.04903,0.06604,0.04134,0.03879,0.05108,0.05475,0.04891,0.04556,0.13171,0.08839,0.08926,0.07243,0.05121,0.01502
2026-04-19,A,Acevedo,Domingo,Domingo_Festivo,Residencial,0,17723,0.0,0.01388,0.02782,0.03634,0.05885,0.05168,0.06342,0.0826,0.08086,0.08131,0.07612,0.08362,0.07335,0.07437,0.06421,0.0672,0.03459,0.02979,0.0
2026-04-19,A,Aguacatala,Domingo,Domingo_Festivo,Mixta,0,11063,0.0,0.01473,0.03372,0.03372,0.05631,0.06282,0.06255,0.05704,0.07132,0.08027,0.1091,0.07277,0.06635,0.08352,0.07439,0.04908,0.05179,0.02052,0.0
2026-04-19,A,Alpujarra,Domingo,Domingo_Festivo,Centro_Empleo,0,12798,0.0,0.01297,0.03258,0.05423,0.05071,0.07603,0.07064,0.0704,0.0672,0.08454,0.06665,0.08564,0.09165,0.07525,0.06673,0.03969,0.03118,0.02391,0.0
2026-04-19,A,Ayurá,Domingo,Domingo_Festivo,Mixta,0,10659,0.0,0.02055,0.0303,0.03612,0.03828,0.06905,0.0758,0.06117,0.07337,0.08303,0.07374,0.07487,0.07702,0.07702,0.08406,0.06192,0.04212,0.02158,0.0
2026-04-19,A,Bello,Domingo,Domingo_Festivo,Residencial,0,13292,0.0,0.01798,0.03258,0.05161,0.05146,0.0814,0.06109,0.07614,0.08562,0.07155,0.07967,0.05951,0.05673,0.0969,0.05334,0.05327,0.04514,0.02603,0.0
2026-04-19,A,Caribe,Domingo,Domingo_Festivo,Mixta,0,12073,0.0,0.01731,0.03537,0.03744,0.06659,0.04638,0.08175,0.07132,0.0825,0.06336,0.06361,0.07836,0.06676,0.09683,0.06684,0.06469,0.0376,0.02328,0.0
2026-04-19,A,Envigado,Domingo,Domingo_Festivo,Residencial,0,14218,0.0,0.0192,0.03024,0.04473,0.05317,0.05359,0.07216,0.06386,0.08116,0.08243,0.0671,0.08201,0.06893,0.08081,0.05922,0.06668,0.04143,0.03327,0.0
2026-04-19,A,Exposiciones,Domingo,Domingo_Festivo,Centro_Empleo,0,11519,0.0,0.02344,0.03655,0.03837,0.04228,0.06389,0.0573,0.06936,0.07492,0.08091,0.07735,0.08846,0.07622,0.07718,0.04992,0.0698,0.0448,0.02926,0.0
2026-04-19,A,Hospital,Domingo,Domingo_Festivo,Centro_Empleo,0,15379,0.0,0.01326,0.04259,0.03336,0.04779,0.06567,0.07562,0.08108,0.06847,0.06723,0.07874,0.07887,0.06353,0.08739,0.06528,0.0647,0.04038,0.02601,0.0
2026-04-19,A,Industriales,Domingo,Domingo_Festivo,Centro_Empleo,0,16961,0.0,0.01439,0.03508,0.04499,0.04522,0.05401,0.05967,0.09622,0.06415,0.06816,0.079,0.08272,0.07411,0.09044,0.05642,0.06592,0.04652,0.02299,0.0
2026-04-19,A,Itagüí,Domingo,Domingo_Festivo,Residencial,0,17395,0.0,0.0173,0.04007,0.05576,0.05444,0.05801,0.05502,0.08612,0.07721,0.07393,0.06381,0.08525,0.07859,0.08462,0.05714,0.05352,0.03754,0.02167,0.0
2026-04-19,A,La Estrella,Domingo,Domingo_Festivo,Residencial,0,13257,0.0,0.01841,0.03425,0.03968,0.04647,0.07543,0.06804,0.06314,0.07966,0.07566,0.06555,0.06698,0.08803,0.0694,0.08305,0.06095,0.043,0.02233,0.0
2026-04-19,A,Madera,Domingo,Domingo_Festivo,Residencial,0,6926,0.0,0.01761,0.03003,0.04144,0.04476,0.04765,0.0758,0.06497,0.07407,0.07681,0.08316,0.07465,0.08215,0.07479,0.05963,0.07248,0.04721,0.03278,0.0
2026-04-19,A,Niquía,Domingo,Domingo_Festivo,Residencial,0,22076,0.0,0.01744,0.02414,0.04507,0.0501,0.06564,0.07787,0.06799,0.05341,0.06324,0.07895,0.07714,0.06758,0.09173,0.08163,0.06568,0.04385,0.02854,0.0
2026-04-19,A,Parque Berrío,Domingo,Domingo_Festivo,Centro_Empleo,0,23967,0.0,0.01723,0.03088,0.04348,0.05015,0.05975,0.06259,0.07844,0.07097,0.07277,0.07661,0.06647,0.08403,0.10873,0.06058,0.0557,0.03617,0.02545,0.0
2026-04-19,A,Poblado,Domingo,Domingo_Festivo,Centro_Empleo,0,20988,0.0,0.01677,0.0242,0.03602,0.05379,0.05241,0.05937,0.06694,0.05822,0.08676,0.09443,0.08295,0.07133,0.08171,0.07133,0.07366,0.04474,0.02535,0.0
2026-04-19,A,Prado,Domingo,Domingo_Festivo,Centro_Empleo,0,12210,0.0,0.01671,0.0294,0.04357,0.04521,0.04824,0.06888,0.07535,0.06937,0.08428,0.08157,0.08305,0.0742,0.0896,0.06249,0.07052,0.03464,0.02293,0.0
2026-04-19,A,Sabaneta,Domingo,Domingo_Festivo,Residencial,0,10986,0.0,0.01648,0.03887,0.05525,0.04742,0.05334,0.06308,0.05607,0.07764,0.05707,0.06426,0.11369,0.06199,0.09366,0.06781,0.06663,0.04123,0.02549,0.0
2026-04-19,A,San Antonio,Domingo,Domingo_Festivo,Centro_Empleo,0,32087,0.0,0.0177,0.0311,0.04933,0.05709,0.05155,0.07187,0.07149,0.06252,0.06797,0.0882,0.06629,0.10107,0.06987,0.05348,0.06186,0.05145,0.02714,0.0
2026-04-19,A,Tricentenario,Domingo,Domingo_Festivo,Residencial,0,6197,0.0,0.01549,0.02566,0.05616,0.05712,0.06342,0.0689,0.07778,0.06293,0.07988,0.07084,0.07972,0.06939,0.0923,0.05922,0.05293,0.04163,0.02663,0.0
2026-04-19,A,Universidad,Domingo,Domingo_Festivo,Mixta,0,13288,0.0,0.01279,0.02784,0.04967,0.05358,0.06118,0.05923,0.05765,0.07578,0.07699,0.09324,0.08511,0.07601,0.07932,0.06209,0.06412,0.04275,0.02265,0.0
2026-04-19,B,Cisneros,Domingo,Domingo_Festivo,Centro_Empleo,0,8602,0.0,0.02011,0.02651,0.05115,0.0551,0.07696,0.06336,0.08824,0.05313,0.07882,0.07068,0.06766,0.08963,0.07115,0.05708,0.06591,0.03685,0.02767,0.0
2026-04-19,B,Estadio,Domingo,Domingo_Festivo,Mixta,0,10676,0.0,0.01995,0.03765,0.04196,0.06248,0.06079,0.06707,0.09011,0.06182,0.08383,0.07653,0.06613,0.06585,0.08018,0.07334,0.04552,0.04103,0.02576,0.0
2026-04-19,B,Floresta,Domingo,Domingo_Festivo,Residencial,0,9776,0.0,0.01984,0.02261,0.04347,0.04409,0.05831,0.07355,0.07437,0.05953,0.06598,0.07273,0.08275,0.08991,0.09687,0.07396,0.06168,0.03191,0.02844,0.0
2026-04-19,B,San Antonio,Domingo,Domingo_Festivo,Centro_Empleo,0,20180,0.0,0.01541,0.02849,0.04534,0.04708,0.04643,0.07607,0.07319,0.07195,0.08018,0.04931,0.12924,0.07071,0.08127,0.08171,0.04564,0.04024,0.01774,0.0
2026-04-19,B,San Javier,Domingo,Domingo_Festivo,Residencial,0,18848,0.0,0.01348,0.02934,0.04138,0.0373,0.0547,0.05879,0.0798,0.10187,0.09704,0.08802,0.07895,0.05788,0.07672,0.0599,0.07168,0.02754,0.02563,0.0
2026-04-19,B,Santa Lucía,Domingo,Domingo_Festivo,Residencial,0,8743,0.0,0.01716,0.03672,0.04301,0.05158,0.06474,0.07114,0.06966,0.06085,0.08533,0.06028,0.09322,0.06817,0.08384,0.07171,0.0589,0.03786,0.02585,0.0
2026-04-19,B,Suramericana,Domingo,Domingo_Festivo,Mixta,0,7654,0.0,0.01738,0.03515,0.04939,0.06323,0.05945,0.05736,0.08048,0.08597,0.04926,0.08623,0.08571,0.06781,0.08741,0.06467,0.05331,0.0341,0.02313,0.0
2026-04-20,A,Acevedo,Lunes,Laboral,Residencial,0,28492,0.03861,0.06914,0.13857,0.10231,0.07897,0.04766,0.03931,0.04966,0.04156,0.04415,0.04328,0.04689,0.04096,0.05724,0.0576,0.03626,0.02959,0.02562,0.01264
2026-04-20,A,Aguacatala,Lunes,Laboral,Mixta,0,19777,0.0183,0.04743,0.06588,0.06897,0.05562,0.04662,0.03266,0.0537,0.05683,0.04758,0.03893,0.04404,0.07114,0.10285,0.09147,0.04829,0.05355,0.04025,0.01588
2026-04-20,A,Alpujarra,Lunes,Laboral,Centro_Empleo,0,25674,0.00495,0.01344,0.03615,0.04799,0.04074,0.03112,0.03587,0.05239,0.0555,0.05192,0.05624,0.06738,0.06068,0.14384,0.11253,0.07143,0.07132,0.03069,0.01581
2026-04-20,A,Ayurá,Lunes,Laboral,Mixta,0,17787,0.01895,0.05583,0.06342,0.08557,0.06848,0.04425,0.0339,0.0443,0.0538,0.05465,0.05555,0.04621,0.06662,0.07832,0.08433,0.06494,0.03767,0.02817,0.01507
2026-04-20,A,Bello,Lunes,Laboral,Residencial,0,23080,0.03245,0.08024,0.11391,0.10091,0.1003,0.06031,0.04385,0.03843,0.05095,0.04272,0.04255,0.03557,0.03176,0.08505,0.03332,0.04073,0.02981,0.02448,0.01265
2026-04-20,A,Caribe,Lunes,Laboral,Mixta,0,21581,0.02127,0.03545,0.07562,0.086,0.05917,0.04013,0.04712,0.03897,0.04472,0.04383,0.04791,0.04824,0.08165,0.10658,0.08897,0.05231,0.03976,0.02952,0.01279
2026-04-20,A,Envigado,Lunes,Laboral,Residencial,0,25164,0.03175,0.05977,0.11644,0.11822,0.0879,0.07042,0.04141,0.03004,0.03346,0.04363,0.02976,0.05226,0.07022,0.05869,0.06982,0.02388,0.02221,0.02678,0.01331
2026-04-20,A,Exposiciones,Lunes,Laboral,Centro_Empleo,0,21965,0.00624,0.0148,0.03615,0.04534,0.04739,0.0504,0.03537,0.03993,0.06984,0.05568,0.06369,0.0743,0.07785,0.09934,0.12342,0.05359,0.05122,0.03806,0.01739
2026-04-20,A,Hospital,Lunes,Laboral,Centro_Empleo,0,28322,0.00752,0.02171,0.0411,0.04996,0.04325,0.03496,0.04198,0.03834,0.07309,0.04954,0.04876,0.04731,0.09293,0.11387,0.09816,0.07824,0.07065,0.03443,0.01419
2026-04-20,A,Industriales,Lunes,Laboral,Centro_Empleo,0,31487,0.00797,0.01848,0.0377,0.03849,0.04278,0.03395,0.04141,0.04275,0.05113,0.04665,0.05069,0.06193,0.09839,0.13088,0.10201,0.08604,0.05847,0.03319,0.01709
2026-04-20,A,Itagüí,Lunes,Laboral,Residencial,0,31425,0.02552,0.07115,0.10447,0.11822,0.0715,0.05422,0.03602,0.04586,0.06746,0.04824,0.0498,0.03752,0.05257,0.06094,0.05757,0.03176,0.03504,0.02011,0.01203
2026-04-20,A,La Estrella,Lunes,Laboral,Residencial,0,22150,0.03025,0.07233,0.10984,0.12528,0.08722,0.05544,0.04235,0.03991,0.03765,0.0409,0.0553,0.03544,0.05065,0.06483,0.04862,0.04185,0.02957,0.0191,0.01345
2026-04-20,A,Madera,Lunes,Laboral,Residencial,0,11655,0.02471,0.06615,0.12784,0.08443,0.09627,0.07284,0.03835,0.04196,0.05809,0.05251,0.04487,0.04161,0.04736,0.0526,0.05105,0.03595,0.02969,0.02196,0.01175
2026-04-20,A,Niquía,Lunes,Laboral,Residencial,0,35227,0.0377,0.07281,0.10112,0.08814,0.11046,0.04031,0.04003,0.03375,0.05876,0.05811,0.04894,0.04011,0.06205,0.06563,0.0448,0.03441,0.02612,0.02251,0.01425
2026-04-20,A,Parque Berrío,Lunes,Laboral,Centro_Empleo,0,42546,0.00801,0.01911,0.03293,0.03895,0.04362,0.05027,0.03295,0.05333,0.04844,0.05051,0.05634,0.05375,0.11082,0.11124,0.13928,0.05822,0.04767,0.02964,0.0149
2026-04-20,A,Poblado,Lunes,Laboral,Centro_Empleo,0,40675,0.00607,0.01524,0.02746,0.04543,0.04964,0.04243,0.0399,0.04406,0.05918,0.0606,0.04352,0.05291,0.12229,0.08116,0.13662,0.07494,0.05588,0.02763,0.01505
2026-04-20,A,Prado,Lunes,Laboral,Centro_Empleo,0,23448,0.00678,0.01561,0.02789,0.03727,0.05472,0.03843,0.03617,0.04516,0.04431,0.05719,0.04278,0.07335,0.09992,0.15562,0.10291,0.06892,0.04585,0.03369,0.01343
2026-04-20,A,Sabaneta,Lunes,Laboral,Residencial,0,18552,0.03353,0.07514,0.11546,0.10441,0.10161,0.04857,0.04425,0.05406,0.047,0.0428,0.03638,0.04301,0.04242,0.06635,0.03962,0.03482,0.03126,0.02895,0.01035
2026-04-20,A,San Antonio,Lunes,Laboral,Centro_Empleo,0,65263,0.00549,0.01845,0.04745,0.04349,0.04087,0.03886,0.0441,0.04044,0.06324,0.04914,0.05927,0.05648,0.07838,0.13302,0.09469,0.09682,0.0416,0.03445,0.01379
2026-04-20,A,Tricentenario,Lunes,Laboral,Residencial,0,10829,0.03795,0.0687,0.14249,0.10638,0.08486,0.05338,0.03528,0.04026,0.04857,0.04248,0.04691,0.03601,0.06169,0.0507,0.03426,0.04571,0.02576,0.02392,0.01468
2026-04-20,A,Universidad,Lunes,Laboral,Mixta,0,24737,0.02284,0.03756,0.07847,0.05401,0.06828,0.04665,0.0473,0.03266,0.05134,0.05324,0.04762,0.05906,0.0593,0.10397,0.08158,0.06921,0.04831,0.02862,0.00999
2026-04-20,B,Cisneros,Lunes,Laboral,Centro_Empleo,0,16943,0.00785,0.0154,0.03789,0.05961,0.04521,0.04179,0.03659,0.05194,0.06197,0.05011,0.05548,0.05831,0.08735,0.11415,0.10028,0.07201,0.05377,0.03158,0.01871
2026-04-20,B,Estadio,Lunes,Laboral,Mixta,0,19296,0.0228,0.04488,0.0667,0.05809,0.05514,0.04099,0.04623,0.0497,0.06038,0.05131,0.04333,0.04887,0.05778,0.07877,0.10614,0.08592,0.04089,0.02835,0.01373
2026-04-20,B,Floresta,Lunes,Laboral,Residencial,0,15970,0.03563,0.09487,0.09925,0.13657,0.0707,0.05492,0.03964,0.03413,0.04684,0.03939,0.04133,0.03488,0.04371,0.05773,0.05974,0.0387,0.03325,0.02699,0.01177
2026-04-20,B,San Antonio,Lunes,Laboral,Centro_Empleo,0,43172,0.00769,0.0136,0.02333,0.03514,0.05643,0.0384,0.04355,0.03579,0.05462,0.05158,0.0442,0.0438,0.09203,0.10928,0.15086,0.09374,0.05622,0.03424,0.01552
2026-04-20,B,San Javier,Lunes,Laboral,Residencial,0,30288,0.03381,0.09829,0.12596,0.11443,0.05626,0.04045,0.03427,0.04675,0.0524,0.0421,0.03787,0.0555,0.0525,0.05352,0.06115,0.03249,0.02793,0.024,0.01033
2026-04-20,B,Santa Lucía,Lunes,Laboral,Residencial,0,14116,0.02713,0.08437,0.1091,0.10293,0.06907,0.05079,0.05306,0.05023,0.03847,0.04562,0.04038,0.04435,0.04994,0.05873,0.06284,0.04272,0.0323,0.02628,0.01169
2026-04-20,B,Suramericana,Lunes,Laboral,Mixta,0,14883,0.01572,0.04152,0.05429,0.06423,0.04542,0.04314,0.04139,0.05584,0.05799,0.06007,0.06188,0.04596,0.07875,0.08755,0.08473,0.05799,0.04737,0.04132,0.01485
2026-04-21,A,Acevedo,Martes,Laboral,Residencial,0,30904,0.0344,0.09552,0.14804,0.12898,0.07109,0.04527,0.03957,0.0508,0.04582,0.03776,0.04899,0.03368,0.04543,0.042,0.03999,0.03411,0.02789,0.01835,0.0123
2026-04-21,A,Aguacatala,Martes,Laboral,Mixta,0,18628,0.01718,0.03844,0.06592,0.08503,0.04912,0.0554,0.04262,0.04574,0.05776,0.05465,0.04359,0.06345,0.08181,0.08654,0.09276,0.0525,0.0365,0.01739,0.01358
2026-04-21,A,Alpujarra,Martes,Laboral,Centro_Empleo,0,23009,0.00908,0.01899,0.03868,0.06211,0.03885,0.04794,0.03542,0.05028,0.05954,0.05241,0.04585,0.0588,0.08136,0.10948,0.09909,0.09362,0.04042,0.03968,0.01838
2026-04-21,A,Ayurá,Martes,Laboral,Mixta,0,16870,0.0195,0.05139,0.06354,0.08524,0.06372,0.03574,0.04007,0.05258,0.03924,0.05578,0.0377,0.05957,0.07872,0.09638,0.07991,0.05702,0.04594,0.02691,0.01103
2026-04-21,A,Bello,Martes,Laboral,Residencial,0,22637,0.03406,0.07399,0.13041,0.12192,0.07015,0.036,0.04784,0.04767,0.05345,0.04334,0.04139,0.03618,0.07187,0.04095,0.04554,0.04188,0.03004,0.01983,0.01347
2026-04-21,A,Caribe,Martes,Laboral,Mixta,0,19691,0.01635,0.05343,0.05703,0.07658,0.0648,0.05287,0.04012,0.03677,0.05317,0.04794,0.06033,0.06013,0.08451,0.08831,0.07912,0.05287,0.03672,0.02295,0.016
2026-04-21,A,Envigado,Martes,Laboral,Residencial,0,22058,0.0384,0.09112,0.10645,0.1132,0.0816,0.06202,0.05436,0.03183,0.03985,0.04343,0.04815,0.04416,0.0384,0.05535,0.05268,0.03119,0.03228,0.02276,0.01278
2026-04-21,A,Exposiciones,Martes,Laboral,Centro_Empleo,0,21784,0.00734,0.01923,0.02144,0.04292,0.05394,0.04871,0.04898,0.04402,0.05701,0.06734,0.05325,0.06156,0.06473,0.13891,0.09415,0.08497,0.04255,0.03227,0.01666
2026-04-21,A,Hospital,Martes,Laboral,Centro_Empleo,0,26021,0.00611,0.01437,0.03286,0.05419,0.03885,0.05872,0.03605,0.04673,0.04496,0.06326,0.05503,0.0543,0.10684,0.10303,0.1058,0.0774,0.05004,0.03113,0.02033
2026-04-21,A,Industriales,Martes,Laboral,Centro_Empleo,0,28522,0.00701,0.01743,0.03951,0.03958,0.06125,0.04042,0.03625,0.03944,0.0508,0.05469,0.04547,0.05592,0.11745,0.10052,0.11104,0.0798,0.04817,0.03331,0.02191
2026-04-21,A,Itagüí,Martes,Laboral,Residencial,0,26758,0.03909,0.07594,0.08431,0.10274,0.07736,0.05086,0.0521,0.04571,0.05759,0.04855,0.0438,0.04694,0.05038,0.06421,0.05169,0.03793,0.02837,0.02934,0.01312
2026-04-21,A,La Estrella,Martes,Laboral,Residencial,0,21030,0.04408,0.09425,0.12164,0.11988,0.07404,0.06087,0.03067,0.04261,0.04922,0.05093,0.04085,0.03923,0.04484,0.04398,0.04498,0.03566,0.02967,0.01945,0.01317
2026-04-21,A,Madera,Martes,Laboral,Residencial,0,11398,0.03904,0.06913,0.09879,0.11599,0.06027,0.05352,0.03615,0.05334,0.05404,0.0558,0.04782,0.04624,0.07958,0.03816,0.05334,0.0415,0.02623,0.02,0.01105
2026-04-21,A,Niquía,Martes,Laboral,Residencial,0,37682,0.02773,0.10398,0.15169,0.11332,0.05374,0.04087,0.03938,0.04411,0.05215,0.04689,0.04604,0.03413,0.04902,0.06335,0.03352,0.04296,0.02609,0.01958,0.01146
2026-04-21,A,Parque Berrío,Martes,Laboral,Centro_Empleo,0,38930,0.00573,0.01436,0.02525,0.04467,0.05276,0.03897,0.056,0.04192,0.05854,0.05934,0.05605,0.06625,0.10144,0.0973,0.09761,0.06568,0.06167,0.03897,0.01749
2026-04-21,A,Poblado,Martes,Laboral,Centro_Empleo,0,41738,0.00515,0.01775,0.03615,0.05772,0.04653,0.03383,0.04502,0.05233,0.05683,0.03869,0.04526,0.05812,0.09725,0.11105,0.09754,0.10489,0.04226,0.04056,0.01306
2026-04-21,A,Prado,Martes,Laboral,Centro_Empleo,0,21437,0.00485,0.01689,0.03779,0.04394,0.04063,0.0382,0.04418,0.04464,0.07025,0.06577,0.04674,0.06694,0.08994,0.08984,0.12059,0.07711,0.05481,0.03293,0.01395
2026-04-21,A,Sabaneta,Martes,Laboral,Residencial,0,18008,0.03821,0.0838,0.1084,0.09846,0.08918,0.05314,0.04276,0.03682,0.05064,0.04009,0.04981,0.03782,0.04909,0.05442,0.0562,0.04765,0.02988,0.0156,0.01805
2026-04-21,A,San Antonio,Martes,Laboral,Centro_Empleo,0,58392,0.00836,0.01762,0.03338,0.05996,0.0486,0.03518,0.03528,0.051,0.05869,0.03542,0.04913,0.05427,0.08291,0.13935,0.10414,0.07671,0.05496,0.03728,0.01778
2026-04-21,A,Tricentenario,Martes,Laboral,Residencial,0,10360,0.03118,0.08967,0.136,0.09585,0.07809,0.04855,0.04479,0.03658,0.04353,0.04624,0.0388,0.04575,0.0501,0.05772,0.05753,0.03581,0.0279,0.02664,0.00927
2026-04-21,A,Universidad,Martes,Laboral,Mixta,0,22167,0.01737,0.04601,0.06505,0.07155,0.07462,0.04389,0.04439,0.05066,0.05901,0.05792,0.05693,0.05946,0.06541,0.07164,0.078,0.0581,0.04105,0.02224,0.01669
2026-04-21,B,Cisneros,Martes,Laboral,Centro_Empleo,0,16211,0.01024,0.01487,0.03899,0.04941,0.05206,0.04028,0.03584,0.04898,0.06563,0.04596,0.04411,0.06119,0.07735,0.10777,0.1177,0.08636,0.06002,0.02572,0.01752
2026-04-21,B,Estadio,Martes,Laboral,Mixta,0,18776,0.01555,0.04745,0.07717,0.06711,0.0702,0.04559,0.04197,0.04378,0.05134,0.04538,0.04575,0.05012,0.07392,0.09209,0.08474,0.06428,0.03963,0.02967,0.01427
2026-04-21,B,Floresta,Martes,Laboral,Residencial,0,17418,0.03106,0.06465,0.10133,0.12631,0.08669,0.08227,0.0515,0.03066,0.03542,0.05362,0.04329,0.03399,0.05523,0.05437,0.06114,0.03295,0.02205,0.02268,0.01079
2026-04-21,B,San Antonio,Martes,Laboral,Centro_Empleo,0,35365,0.00664,0.01784,0.02938,0.04538,0.06653,0.04739,0.04909,0.0559,0.05576,0.05783,0.04979,0.04903,0.07281,0.12801,0.10544,0.06314,0.05268,0.02879,0.01855
2026-04-21,B,San Javier,Martes,Laboral,Residencial,0,31494,0.03109,0.08392,0.13847,0.11031,0.0722,0.0388,0.03318,0.04861,0.03912,0.0448,0.05623,0.05023,0.05665,0.04763,0.05744,0.03553,0.02232,0.02219,0.01127
2026-04-21,B,Santa Lucía,Martes,Laboral,Residencial,0,14332,0.03621,0.06956,0.13306,0.11973,0.08722,0.04054,0.04124,0.0374,0.04647,0.05442,0.04326,0.04326,0.0727,0.0487,0.0411,0.03272,0.02456,0.01933,0.00851
2026-04-21,B,Suramericana,Martes,Laboral,Mixta,0,13315,0.01337,0.04634,0.07796,0.08141,0.06587,0.05565,0.04191,0.04529,0.04521,0.05227,0.04724,0.05805,0.07646,0.07638,0.07751,0.06226,0.0368,0.02629,0.01374
2026-04-22,A,Acevedo,Miércoles,Laboral,Residencial,0,27127,0.0362,0.1152,0.12346,0.07011,0.07763,0.03461,0.03926,0.04,0.05297,0.04752,0.04685,0.03955,0.05928,0.04335,0.06772,0.04597,0.02916,0.02134,0.00981
2026-04-22,A,Aguacatala,Miércoles,Laboral,Mixta,0,19986,0.02427,0.04398,0.0728,0.07225,0.06955,0.03322,0.04083,0.04438,0.06299,0.04178,0.03973,0.05484,0.06074,0.08466,0.10612,0.05959,0.04703,0.02637,0.01486
2026-04-22,A,Alpujarra,Miércoles,Laboral,Centro_Empleo,0,22111,0.00647,0.01737,0.03401,0.0568,0.04844,0.04034,0.03745,0.0441,0.04704,0.05608,0.05169,0.05961,0.08032,0.08181,0.10217,0.10303,0.07141,0.04559,0.01628
2026-04-22,A,Ayurá,Miércoles,Laboral,Mixta,0,17555,0.01772,0.04437,0.0851,0.05913,0.07821,0.03332,0.04101,0.04295,0.06101,0.04711,0.06853,0.04848,0.05292,0.08624,0.09063,0.07103,0.03537,0.02404,0.01282
2026-04-22,A,Bello,Miércoles,Laboral,Residencial,0,23245,0.03153,0.08174,0.11856,0.11714,0.10351,0.05846,0.0444,0.04272,0.04517,0.03734,0.03781,0.04586,0.04177,0.05834,0.04732,0.0373,0.02349,0.01721,0.01032
2026-04-22,A,Caribe,Miércoles,Laboral,Mixta,0,20894,0.01675,0.05064,0.07323,0.07131,0.06203,0.04719,0.04173,0.04714,0.05853,0.05356,0.05389,0.06021,0.0772,0.08648,0.07342,0.06045,0.02709,0.02656,0.01259
2026-04-22,A,Envigado,Miércoles,Laboral,Residencial,0,24095,0.02577,0.05922,0.15572,0.13596,0.09093,0.04611,0.03988,0.03843,0.04258,0.03511,0.04524,0.04785,0.05383,0.04885,0.04275,0.04042,0.02278,0.01834,0.01021
2026-04-22,A,Exposiciones,Miércoles,Laboral,Centro_Empleo,0,20981,0.00658,0.01744,0.03222,0.04495,0.04976,0.04466,0.04647,0.03675,0.04323,0.05891,0.06611,0.06048,0.06773,0.11391,0.12559,0.07941,0.0631,0.0305,0.0122
2026-04-22,A,Hospital,Miércoles,Laboral,Centro_Empleo,0,27607,0.00652,0.01746,0.02793,0.0409,0.05926,0.0447,0.04557,0.03677,0.08704,0.05665,0.05252,0.0807,0.102,0.0898,0.09063,0.06948,0.04705,0.03097,0.01405
2026-04-22,A,Industriales,Miércoles,Laboral,Centro_Empleo,0,29942,0.00731,0.0155,0.03153,0.04282,0.06332,0.04429,0.03837,0.03801,0.05992,0.04098,0.04335,0.06967,0.07084,0.12514,0.12805,0.08092,0.04532,0.0369,0.01777
2026-04-22,A,Itagüí,Miércoles,Laboral,Residencial,0,28598,0.02909,0.08578,0.10399,0.12064,0.0898,0.04448,0.03703,0.05014,0.04486,0.04465,0.04609,0.0514,0.04791,0.05291,0.06731,0.03095,0.02046,0.01899,0.01353
2026-04-22,A,La Estrella,Miércoles,Laboral,Residencial,0,19961,0.03066,0.07705,0.13451,0.08557,0.08797,0.04484,0.04258,0.04654,0.06413,0.0531,0.04153,0.0505,0.04163,0.04719,0.05706,0.04033,0.0257,0.01924,0.00987
2026-04-22,A,Madera,Miércoles,Laboral,Residencial,0,11362,0.02966,0.06918,0.12797,0.09849,0.07886,0.04964,0.04629,0.04049,0.04313,0.04189,0.06381,0.04647,0.05096,0.05307,0.05193,0.03732,0.03415,0.02464,0.01206
2026-04-22,A,Niquía,Miércoles,Laboral,Residencial,0,35099,0.04296,0.07023,0.09621,0.10884,0.08522,0.06277,0.04205,0.04692,0.05784,0.04413,0.049,0.03915,0.05396,0.05462,0.04732,0.03755,0.02741,0.02108,0.01274
2026-04-22,A,Parque Berrío,Miércoles,Laboral,Centro_Empleo,0,43025,0.00632,0.02155,0.03967,0.04221,0.05785,0.03835,0.03756,0.04298,0.04858,0.05134,0.03993,0.06736,0.10647,0.11247,0.11277,0.06984,0.05678,0.03279,0.01518
2026-04-22,A,Poblado,Miércoles,Laboral,Centro_Empleo,0,37452,0.00681,0.01485,0.03311,0.04958,0.05605,0.0498,0.04296,0.0463,0.05177,0.06002,0.042,0.06288,0.07276,0.11278,0.11212,0.06742,0.06518,0.03864,0.01498
2026-04-22,A,Prado,Miércoles,Laboral,Centro_Empleo,0,20594,0.00636,0.01748,0.03418,0.0506,0.05264,0.0422,0.04443,0.06211,0.0757,0.0538,0.04526,0.07289,0.07983,0.101,0.10586,0.06371,0.03953,0.03802,0.01442
2026-04-22,A,Sabaneta,Miércoles,Laboral,Residencial,0,18013,0.0277,0.08072,0.12546,0.09765,0.10059,0.05152,0.04264,0.04097,0.0569,0.04747,0.04475,0.03597,0.04602,0.06129,0.04713,0.03398,0.02892,0.01832,0.01199
2026-04-22,A,San Antonio,Miércoles,Laboral,Centro_Empleo,0,60219,0.00736,0.02386,0.03843,0.05209,0.06322,0.03489,0.03763,0.05204,0.05334,0.0508,0.05709,0.06465,0.08527,0.09293,0.11473,0.06797,0.0456,0.03748,0.02062
2026-04-22,A,Tricentenario,Miércoles,Laboral,Residencial,0,9734,0.03503,0.06575,0.12965,0.11855,0.06842,0.05887,0.04304,0.04438,0.04489,0.04438,0.03678,0.04613,0.05486,0.06072,0.04767,0.03154,0.02887,0.02722,0.01325
2026-04-22,A,Universidad,Miércoles,Laboral,Mixta,0,22284,0.01467,0.05066,0.06879,0.07144,0.05645,0.04802,0.04654,0.05416,0.05681,0.05273,0.03828,0.04622,0.06848,0.10061,0.09967,0.04793,0.03922,0.02693,0.01239
2026-04-22,B,Cisneros,Miércoles,Laboral,Centro_Empleo,0,15724,0.00585,0.01851,0.02976,0.04369,0.05209,0.03835,0.05164,0.0477,0.05183,0.05997,0.05577,0.05145,0.05908,0.09451,0.13349,0.11422,0.04782,0.03097,0.01329
2026-04-22,B,Estadio,Miércoles,Laboral,Mixta,1,24393,0.01595,0.03567,0.07855,0.04374,0.04743,0.03636,0.02964,0.03612,0.04305,0.0362,0.04054,0.06645,0.04075,0.14521,0.1209,0.08248,0.05284,0.03866,0.00947
2026-04-22,B,Floresta,Miércoles,Laboral,Residencial,0,15083,0.03222,0.09501,0.12942,0.10654,0.06922,0.04668,0.04376,0.04999,0.04601,0.04972,0.037,0.05629,0.04064,0.04561,0.05437,0.03633,0.02453,0.02241,0.01425
2026-04-22,B,San Antonio,Miércoles,Laboral,Centro_Empleo,0,37852,0.00716,0.01493,0.03139,0.04412,0.0549,0.04919,0.04068,0.07228,0.05017,0.04483,0.07447,0.05144,0.06977,0.12034,0.10726,0.06803,0.0526,0.03247,0.01398
2026-04-22,B,San Javier,Miércoles,Laboral,Residencial,0,31020,0.02521,0.07405,0.11315,0.10355,0.07124,0.05303,0.03981,0.04271,0.06209,0.04052,0.0402,0.05116,0.04913,0.07263,0.06096,0.04562,0.02489,0.0206,0.00945
2026-04-22,B,Santa Lucía,Miércoles,Laboral,Residencial,0,14618,0.03612,0.07005,0.10371,0.10097,0.09228,0.07032,0.05343,0.04399,0.04994,0.0342,0.0368,0.05801,0.05774,0.04953,0.0485,0.03865,0.02572,0.0197,0.01033
2026-04-22,B,Suramericana,Miércoles,Laboral,Mixta,1,17582,0.01302,0.04351,0.06057,0.06097,0.06251,0.0434,0.03543,0.03083,0.03924,0.04704,0.03754,0.04067,0.06541,0.1096,0.12189,0.07855,0.05204,0.04163,0.01615
2026-04-23,A,Acevedo,Jueves,Laboral,Residencial,0,30550,0.02825,0.09673,0.1454,0.0853,0.07113,0.04537,0.03993,0.03908,0.04468,0.04501,0.0474,0.04334,0.04337,0.05444,0.06678,0.04144,0.03738,0.01581,0.00917
2026-04-23,A,Aguacatala,Jueves,Laboral,Mixta,0,19932,0.01706,0.04054,0.06121,0.08674,0.06863,0.04611,0.03326,0.04295,0.05067,0.04821,0.04897,0.07194,0.0732,0.09317,0.05885,0.06833,0.04505,0.02734,0.01776
2026-04-23,A,Alpujarra,Jueves,Laboral,Centro_Empleo,0,24726,0.00639,0.01509,0.03887,0.04408,0.05245,0.04162,0.04109,0.05791,0.06297,0.0529,0.04473,0.09528,0.07365,0.11041,0.06604,0.091,0.05314,0.03709,0.01529
2026-04-23,A,Ayurá,Jueves,Laboral,Mixta,0,17320,0.01594,0.04307,0.06871,0.08851,0.08401,0.04815,0.03949,0.04319,0.03943,0.05595,0.05,0.04856,0.06201,0.10121,0.07621,0.06074,0.03568,0.02558,0.01357
2026-04-23,A,Bello,Jueves,Laboral,Residencial,0,21973,0.03841,0.07245,0.10258,0.11359,0.07823,0.04751,0.04842,0.03996,0.05343,0.04833,0.04269,0.05762,0.05161,0.04624,0.05156,0.03186,0.03413,0.02526,0.01611
2026-04-23,A,Caribe,Jueves,Laboral,Mixta,0,21049,0.01416,0.03701,0.07264,0.08333,0.06376,0.03335,0.04941,0.03867,0.05644,0.05383,0.05126,0.0695,0.06832,0.0934,0.09022,0.0495,0.0353,0.02594,0.01397
2026-04-23,A,Envigado,Jueves,Laboral,Residencial,0,22869,0.03039,0.08732,0.13529,0.08518,0.06791,0.0561,0.04548,0.03734,0.04172,0.03371,0.03568,0.07014,0.07167,0.05658,0.03712,0.03857,0.03809,0.02287,0.00883
2026-04-23,A,Exposiciones,Jueves,Laboral,Centro_Empleo,0,20872,0.00623,0.01385,0.02669,0.04144,0.04063,0.0402,0.03282,0.0517,0.06387,0.04973,0.04374,0.06583,0.08245,0.15116,0.10694,0.07766,0.05318,0.03421,0.01768
2026-04-23,A,Hospital,Jueves,Laboral,Centro_Empleo,0,26925,0.00657,0.01749,0.03517,0.04412,0.04279,0.04568,0.0436,0.04947,0.05578,0.04706,0.04007,0.06826,0.07655,0.13151,0.11142,0.07651,0.05125,0.03818,0.0185
2026-04-23,A,Industriales,Jueves,Laboral,Centro_Empleo,0,29531,0.0066,0.01934,0.02861,0.04477,0.05059,0.04334,0.03329,0.05025,0.0577,0.05709,0.05882,0.07033,0.07531,0.12895,0.11036,0.06315,0.04118,0.04016,0.02015
2026-04-23,A,Itagüí,Jueves,Laboral,Residencial,0,27642,0.02572,0.08288,0.11786,0.10904,0.06848,0.04432,0.04909,0.04074,0.04034,0.04464,0.04645,0.04685,0.04345,0.06895,0.0636,0.04171,0.03003,0.02532,0.01053
2026-04-23,A,La Estrella,Jueves,Laboral,Residencial,0,19961,0.03517,0.06918,0.1297,0.10215,0.09138,0.04654,0.04449,0.03572,0.05841,0.04358,0.04604,0.04769,0.04298,0.06357,0.03642,0.04233,0.03141,0.02249,0.01072
2026-04-23,A,Madera,Jueves,Laboral,Residencial,0,11003,0.03881,0.06253,0.10125,0.11052,0.07153,0.05417,0.03963,0.04126,0.05108,0.04553,0.06834,0.05798,0.03517,0.06844,0.04917,0.04526,0.0299,0.01981,0.00963
2026-04-23,A,Niquía,Jueves,Laboral,Residencial,0,35169,0.03139,0.08542,0.11237,0.11286,0.08482,0.06253,0.03586,0.04257,0.05579,0.03944,0.05044,0.0513,0.04299,0.05766,0.03924,0.03731,0.02573,0.02275,0.00955
2026-04-23,A,Parque Berrío,Jueves,Laboral,Centro_Empleo,0,42832,0.00553,0.01606,0.02918,0.05052,0.0424,0.05176,0.03397,0.03458,0.05169,0.04833,0.06432,0.06451,0.07301,0.15073,0.0992,0.07905,0.05461,0.03607,0.01448
2026-04-23,A,Poblado,Jueves,Laboral,Centro_Empleo,0,39748,0.00631,0.01998,0.02453,0.05157,0.05286,0.04768,0.03683,0.04149,0.05537,0.05877,0.06023,0.07155,0.09289,0.11711,0.10177,0.05892,0.05067,0.03854,0.01293
2026-04-23,A,Prado,Jueves,Laboral,Centro_Empleo,0,20149,0.0071,0.01553,0.02829,0.03851,0.05261,0.03787,0.05018,0.05137,0.0671,0.05673,0.04968,0.05157,0.08105,0.11122,0.10909,0.08288,0.05003,0.03712,0.02209
2026-04-23,A,Sabaneta,Jueves,Laboral,Residencial,0,18134,0.03143,0.09965,0.10632,0.10803,0.08178,0.05895,0.05338,0.03794,0.04527,0.05167,0.04406,0.03822,0.05261,0.04605,0.04351,0.03706,0.03127,0.02178,0.01103
2026-04-23,A,San Antonio,Jueves,Laboral,Centro_Empleo,0,60350,0.00543,0.01476,0.02746,0.04505,0.04288,0.0348,0.03746,0.04098,0.05234,0.05099,0.06918,0.08282,0.08704,0.11311,0.1079,0.07901,0.06244,0.0282,0.01814
2026-04-23,A,Tricentenario,Jueves,Laboral,Residencial,0,10723,0.02527,0.09531,0.11154,0.13653,0.05931,0.03721,0.03311,0.03432,0.03917,0.0457,0.04924,0.06929,0.04756,0.06528,0.05353,0.03087,0.03544,0.0221,0.00923
2026-04-23,A,Universidad,Jueves,Laboral,Mixta,0,21664,0.01297,0.03993,0.06878,0.06481,0.05775,0.04874,0.04436,0.0385,0.06028,0.04007,0.06296,0.05378,0.05415,0.09818,0.11152,0.05576,0.04487,0.02557,0.01703
2026-04-23,B,Cisneros,Jueves,Laboral,Centro_Empleo,0,17350,0.00836,0.01545,0.04519,0.03568,0.04651,0.03729,0.03919,0.04202,0.05101,0.0502,0.05769,0.06571,0.08294,0.12576,0.11251,0.08294,0.05648,0.02911,0.01597
2026-04-23,B,Estadio,Jueves,Laboral,Mixta,0,17963,0.01781,0.06396,0.08256,0.0687,0.06491,0.04242,0.04654,0.04365,0.04893,0.04888,0.04721,0.06057,0.06714,0.09531,0.07165,0.05183,0.04058,0.02127,0.01609
2026-04-23,B,Floresta,Jueves,Laboral,Residencial,0,17053,0.03319,0.1069,0.12444,0.10186,0.08081,0.04726,0.04545,0.03114,0.05934,0.058,0.0431,0.04896,0.05823,0.04515,0.0397,0.02733,0.0207,0.01947,0.00897
2026-04-23,B,San Antonio,Jueves,Laboral,Centro_Empleo,0,35843,0.00678,0.01981,0.03259,0.03733,0.04252,0.04283,0.04456,0.03925,0.06545,0.04871,0.04386,0.06043,0.09285,0.1429,0.10549,0.07407,0.04902,0.03875,0.01281
2026-04-23,B,San Javier,Jueves,Laboral,Residencial,0,31926,0.03273,0.08181,0.11539,0.1012,0.10487,0.04078,0.04382,0.05538,0.04639,0.03931,0.04219,0.05027,0.04783,0.05231,0.04216,0.04357,0.03029,0.01801,0.01168
2026-04-23,B,Santa Lucía,Jueves,Laboral,Residencial,0,15383,0.04264,0.07313,0.10109,0.09966,0.0899,0.06221,0.04583,0.04505,0.04485,0.04628,0.04154,0.05584,0.03926,0.06631,0.04251,0.03426,0.03627,0.0184,0.01495
2026-04-23,B,Suramericana,Jueves,Laboral,Mixta,0,13534,0.01818,0.03754,0.06909,0.10012,0.09362,0.04684,0.04478,0.03909,0.04795,0.05143,0.05889,0.04507,0.05726,0.06753,0.08209,0.05335,0.04093,0.03347,0.01278
2026-04-24,A,Acevedo,Viernes,Laboral,Residencial,0,29873,0.04372,0.06307,0.13347,0.10347,0.06675,0.05389,0.03394,0.03753,0.05801,0.05537,0.04054,0.04763,0.05493,0.06367,0.0465,0.03451,0.03019,0.01754,0.01526
2026-04-24,A,Aguacatala,Viernes,Laboral,Mixta,0,19671,0.0151,0.04377,0.08337,0.06599,0.07315,0.04067,0.05195,0.04728,0.0548,0.05129,0.05307,0.06166,0.05831,0.06904,0.08937,0.05704,0.03376,0.03284,0.01754
2026-04-24,A,Alpujarra,Viernes,Laboral,Centro_Empleo,0,24223,0.00566,0.01589,0.04116,0.04632,0.04657,0.04343,0.04822,0.04966,0.06453,0.04661,0.0438,0.0793,0.09276,0.10725,0.09,0.06832,0.05169,0.03666,0.02217
2026-04-24,A,Ayurá,Viernes,Laboral,Mixta,0,18649,0.01571,0.04102,0.08129,0.08944,0.04258,0.04772,0.04145,0.05164,0.0725,0.04102,0.0533,0.04376,0.08826,0.07041,0.08349,0.05839,0.03818,0.02392,0.01593
2026-04-24,A,Bello,Viernes,Laboral,Residencial,0,23886,0.02524,0.08963,0.10286,0.09064,0.08545,0.05041,0.04015,0.03613,0.05493,0.05225,0.05836,0.05024,0.06518,0.05175,0.04844,0.03295,0.02784,0.02462,0.01294
2026-04-24,A,Caribe,Viernes,Laboral,Mixta,0,21711,0.01727,0.05403,0.06591,0.07475,0.04845,0.04749,0.04371,0.03533,0.06946,0.05688,0.04827,0.05191,0.06264,0.10336,0.08153,0.05025,0.03786,0.03275,0.01815
2026-04-24,A,Envigado,Viernes,Laboral,Residencial,0,23482,0.03914,0.07376,0.14547,0.09952,0.07555,0.05085,0.04467,0.03816,0.04953,0.05106,0.03905,0.04114,0.05468,0.05494,0.04463,0.04046,0.02568,0.0224,0.00933
2026-04-24,A,Exposiciones,Viernes,Laboral,Centro_Empleo,0,21948,0.00679,0.01645,0.0303,0.04292,0.04,0.03654,0.03048,0.05782,0.06793,0.0678,0.04734,0.06962,0.0944,0.10976,0.09085,0.07568,0.06283,0.03741,0.01508
2026-04-24,A,Hospital,Viernes,Laboral,Centro_Empleo,0,29171,0.00833,0.0181,0.0374,0.04906,0.04025,0.04131,0.04398,0.0327,0.07106,0.05955,0.06116,0.04306,0.08927,0.11035,0.10908,0.07953,0.05139,0.03312,0.02132
2026-04-24,A,Industriales,Viernes,Laboral,Centro_Empleo,0,34204,0.0055,0.01517,0.02529,0.05055,0.054,0.03307,0.03739,0.05613,0.05859,0.04514,0.05871,0.04371,0.09996,0.15089,0.10063,0.06944,0.04523,0.03424,0.01637
2026-04-24,A,Itagüí,Viernes,Laboral,Residencial,0,29411,0.02557,0.08085,0.10047,0.12723,0.06494,0.0559,0.04624,0.04213,0.06243,0.03529,0.03482,0.04124,0.06141,0.05753,0.04937,0.03713,0.03597,0.02584,0.01564
2026-04-24,A,La Estrella,Viernes,Laboral,Residencial,0,23029,0.03756,0.0657,0.16397,0.09918,0.09566,0.04994,0.03873,0.04394,0.05233,0.04694,0.03022,0.03257,0.05958,0.05028,0.04677,0.03296,0.02466,0.01646,0.01255
2026-04-24,A,Madera,Viernes,Laboral,Residencial,0,11983,0.03104,0.06434,0.10482,0.14412,0.08621,0.0449,0.04473,0.03296,0.05925,0.05191,0.04865,0.04314,0.05616,0.04431,0.04932,0.0328,0.02295,0.02387,0.01452
2026-04-24,A,Niquía,Viernes,Laboral,Residencial,0,36828,0.03663,0.07391,0.14804,0.09827,0.09276,0.05911,0.03318,0.04611,0.04122,0.03715,0.04583,0.03633,0.04738,0.06414,0.03628,0.03782,0.03033,0.02335,0.01216
2026-04-24,A,Parque Berrío,Viernes,Laboral,Centro_Empleo,0,42175,0.00586,0.01662,0.03381,0.05757,0.04038,0.03791,0.04607,0.0556,0.06779,0.04351,0.0441,0.05119,0.12811,0.09363,0.08678,0.08213,0.0505,0.0373,0.02113
2026-04-24,A,Poblado,Viernes,Laboral,Centro_Empleo,0,40974,0.00617,0.01579,0.0276,0.046,0.03863,0.04222,0.04349,0.04505,0.075,0.05074,0.06458,0.0584,0.07854,0.0975,0.11607,0.08464,0.04652,0.04166,0.02138
2026-04-24,A,Prado,Viernes,Laboral,Centro_Empleo,0,24268,0.00602,0.01776,0.0281,0.04001,0.04269,0.04154,0.03367,0.04603,0.06239,0.05682,0.04566,0.06502,0.07574,0.12811,0.10598,0.09523,0.05583,0.0391,0.0143
2026-04-24,A,Sabaneta,Viernes,Laboral,Residencial,0,17424,0.04218,0.08678,0.12047,0.07868,0.07237,0.04832,0.05418,0.04086,0.06457,0.04178,0.03862,0.0489,0.06353,0.04936,0.04758,0.03753,0.02629,0.02152,0.01647
2026-04-24,A,San Antonio,Viernes,Laboral,Centro_Empleo,0,63023,0.00982,0.01828,0.02983,0.05019,0.04562,0.04765,0.03813,0.0532,0.06179,0.04598,0.03791,0.06028,0.07915,0.09265,0.12987,0.08189,0.05826,0.03737,0.02213
2026-04-24,A,Tricentenario,Viernes,Laboral,Residencial,0,10202,0.03333,0.08361,0.10272,0.1091,0.0745,0.05568,0.04205,0.03676,0.05479,0.05842,0.04695,0.03754,0.06361,0.04901,0.05185,0.0348,0.03107,0.02186,0.01235
2026-04-24,A,Universidad,Viernes,Laboral,Mixta,0,23329,0.01676,0.04874,0.06567,0.07999,0.05204,0.04184,0.04402,0.05692,0.0544,0.05911,0.05568,0.05684,0.06143,0.08217,0.06648,0.07549,0.03986,0.03005,0.01252
2026-04-24,B,Cisneros,Viernes,Laboral,Centro_Empleo,0,16647,0.00709,0.01616,0.03196,0.04782,0.04049,0.04253,0.03424,0.05929,0.06109,0.06866,0.04836,0.05539,0.08392,0.11359,0.10074,0.07473,0.06229,0.03064,0.02102
2026-04-24,B,Estadio,Viernes,Laboral,Mixta,0,19660,0.02187,0.04003,0.08138,0.06953,0.0587,0.03886,0.0439,0.04832,0.06139,0.06078,0.04695,0.04959,0.06399,0.1115,0.06027,0.05615,0.04664,0.0237,0.01643
2026-04-24,B,Floresta,Viernes,Laboral,Residencial,0,17018,0.02515,0.09296,0.12616,0.11317,0.07645,0.05124,0.04049,0.0295,0.05194,0.0493,0.0379,0.04601,0.05283,0.0463,0.05289,0.04384,0.02768,0.02397,0.01222
2026-04-24,B,San Antonio,Viernes,Laboral,Centro_Empleo,0,40342,0.00709,0.01745,0.03133,0.05367,0.04281,0.04992,0.03322,0.03391,0.06502,0.04422,0.04162,0.06304,0.08242,0.14268,0.10354,0.08678,0.05367,0.02861,0.01901
2026-04-24,B,San Javier,Viernes,Laboral,Residencial,0,30579,0.0312,0.07237,0.1141,0.11887,0.07002,0.04467,0.04608,0.05608,0.05213,0.04291,0.04055,0.05566,0.04703,0.05108,0.03525,0.04173,0.04042,0.02649,0.01338
2026-04-24,B,Santa Lucía,Viernes,Laboral,Residencial,0,15058,0.03752,0.0943,0.10951,0.11057,0.06701,0.06528,0.03958,0.03699,0.06428,0.04795,0.04708,0.0431,0.04841,0.04715,0.05021,0.02856,0.02856,0.02026,0.01368
2026-04-24,B,Suramericana,Viernes,Laboral,Mixta,0,14431,0.01843,0.04553,0.07484,0.08697,0.06652,0.04068,0.04684,0.04781,0.05495,0.05156,0.04712,0.05114,0.05502,0.08807,0.07546,0.06029,0.04435,0.02474,0.01968
2026-04-25,A,Acevedo,Sábado,Sábado,Residencial,0,29245,0.01611,0.02691,0.04548,0.08319,0.05307,0.06511,0.05416,0.04414,0.06148,0.08118,0.0544,0.07023,0.05307,0.07803,0.07307,0.05765,0.03139,0.0332,0.01812
2026-04-25,A,Aguacatala,Sábado,Sábado,Mixta,0,17069,0.01547,0.02496,0.04376,0.06585,0.05999,0.05484,0.07347,0.05226,0.06087,0.0597,0.06392,0.06433,0.08524,0.06152,0.0655,0.05495,0.0413,0.03427,0.01781
2026-04-25,A,Alpujarra,Sábado,Sábado,Centro_Empleo,0,19575,0.01369,0.03489,0.03581,0.06733,0.05757,0.04863,0.05134,0.06232,0.07566,0.06411,0.06263,0.066,0.10171,0.0613,0.06529,0.05093,0.03387,0.0284,0.01849
2026-04-25,A,Ayurá,Sábado,Sábado,Mixta,0,15934,0.015,0.02636,0.04713,0.04895,0.05479,0.06816,0.06332,0.0551,0.05303,0.07732,0.09652,0.06602,0.08328,0.05473,0.05648,0.04763,0.03772,0.03063,0.01782
2026-04-25,A,Bello,Sábado,Sábado,Residencial,0,22976,0.0151,0.0279,0.04013,0.06341,0.05253,0.05937,0.05327,0.07334,0.07181,0.0709,0.06581,0.0578,0.07678,0.07499,0.07134,0.03921,0.03404,0.0296,0.02268
2026-04-25,A,Caribe,Sábado,Sábado,Mixta,0,20210,0.01316,0.02118,0.0479,0.04671,0.04849,0.04834,0.06225,0.08149,0.07986,0.05769,0.07526,0.08812,0.08011,0.06304,0.06809,0.0338,0.03855,0.02726,0.0187
2026-04-25,A,Envigado,Sábado,Sábado,Residencial,0,21582,0.01543,0.02502,0.04291,0.05681,0.07284,0.07163,0.0613,0.0474,0.06302,0.06098,0.09879,0.0777,0.072,0.06612,0.04749,0.03693,0.03883,0.0259,0.0189
2026-04-25,A,Exposiciones,Sábado,Sábado,Centro_Empleo,0,20033,0.01273,0.02701,0.04747,0.06649,0.06085,0.0581,0.06924,0.07528,0.04672,0.06584,0.08221,0.06659,0.07098,0.05516,0.06494,0.05147,0.03689,0.02581,0.01622
2026-04-25,A,Hospital,Sábado,Sábado,Centro_Empleo,0,24103,0.01713,0.03244,0.03361,0.05095,0.06447,0.04821,0.0551,0.07028,0.0646,0.07049,0.07165,0.06588,0.08949,0.0524,0.07041,0.04809,0.03751,0.04016,0.01713
2026-04-25,A,Industriales,Sábado,Sábado,Centro_Empleo,0,25978,0.01263,0.02379,0.03441,0.06429,0.05174,0.05393,0.08326,0.07911,0.04423,0.06794,0.0778,0.0609,0.06017,0.07495,0.07656,0.05381,0.04092,0.02414,0.01544
2026-04-25,A,Itagüí,Sábado,Sábado,Residencial,0,28849,0.01477,0.03109,0.04548,0.05716,0.05328,0.05695,0.0617,0.06943,0.07726,0.05016,0.07366,0.05959,0.09324,0.05615,0.06527,0.05678,0.03355,0.02998,0.01449
2026-04-25,A,La Estrella,Sábado,Sábado,Residencial,0,20820,0.01326,0.02858,0.04256,0.04476,0.05528,0.06609,0.07354,0.06542,0.0769,0.08271,0.0672,0.06033,0.07762,0.05663,0.05965,0.05389,0.03324,0.0257,0.01667
2026-04-25,A,Madera,Sábado,Sábado,Residencial,0,11408,0.01692,0.03059,0.05601,0.05067,0.0646,0.06189,0.05303,0.05943,0.06399,0.06627,0.06802,0.04979,0.0916,0.05812,0.06837,0.05733,0.03524,0.032,0.01613
2026-04-25,A,Niquía,Sábado,Sábado,Residencial,0,34106,0.01117,0.02862,0.03955,0.05544,0.05712,0.05011,0.0475,0.05377,0.06946,0.08004,0.08315,0.06679,0.06785,0.055,0.06964,0.0689,0.04741,0.03175,0.01671
2026-04-25,A,Parque Berrío,Sábado,Sábado,Centro_Empleo,0,38701,0.017,0.02424,0.03987,0.06501,0.05532,0.05524,0.07615,0.06121,0.06537,0.05478,0.05517,0.06599,0.09008,0.0669,0.07563,0.04922,0.03752,0.03,0.0153
2026-04-25,A,Poblado,Sábado,Sábado,Centro_Empleo,0,34448,0.01184,0.01809,0.05298,0.05048,0.0641,0.06166,0.04848,0.06508,0.07162,0.06778,0.08215,0.07144,0.06662,0.0832,0.06508,0.04697,0.03939,0.01989,0.01315
2026-04-25,A,Prado,Sábado,Sábado,Centro_Empleo,0,20675,0.01475,0.03129,0.04987,0.04455,0.05258,0.0503,0.06602,0.07429,0.07081,0.07216,0.0771,0.05983,0.07231,0.0623,0.06341,0.05973,0.03976,0.02433,0.01461
2026-04-25,A,Sabaneta,Sábado,Sábado,Residencial,0,17761,0.01115,0.02455,0.04358,0.05563,0.05321,0.07105,0.06413,0.06739,0.07015,0.05461,0.08141,0.04904,0.06666,0.06863,0.06959,0.05535,0.04487,0.03136,0.01762
2026-04-25,A,San Antonio,Sábado,Sábado,Centro_Empleo,0,56896,0.01183,0.02016,0.02796,0.058,0.03928,0.07368,0.06841,0.07916,0.0661,0.1002,0.0718,0.04978,0.07245,0.07241,0.07,0.04506,0.03703,0.02457,0.01211
2026-04-25,A,Tricentenario,Sábado,Sábado,Residencial,0,9965,0.01676,0.02639,0.04295,0.0572,0.07015,0.05519,0.06563,0.06412,0.06944,0.05569,0.06121,0.06734,0.07667,0.06242,0.07506,0.05148,0.03723,0.0283,0.01676
2026-04-25,A,Universidad,Sábado,Sábado,Mixta,0,20099,0.01513,0.02702,0.04562,0.05901,0.05503,0.04851,0.05508,0.0511,0.07985,0.06224,0.07697,0.06408,0.0712,0.07334,0.08916,0.05184,0.03159,0.02224,0.021
2026-04-25,B,Cisneros,Sábado,Sábado,Centro_Empleo,0,13953,0.01476,0.02989,0.04644,0.06006,0.06586,0.06027,0.05074,0.08156,0.06135,0.05067,0.08149,0.04694,0.06106,0.07067,0.06178,0.05325,0.0539,0.03411,0.01519
2026-04-25,B,Estadio,Sábado,Sábado,Mixta,1,21720,0.00985,0.02233,0.03909,0.05506,0.05161,0.04171,0.04977,0.04724,0.05935,0.03927,0.06796,0.05134,0.08218,0.0698,0.11294,0.07178,0.06506,0.04664,0.01703
2026-04-25,B,Floresta,Sábado,Sábado,Residencial,0,16770,0.01258,0.0297,0.04144,0.06696,0.0542,0.04866,0.07358,0.06219,0.06327,0.06237,0.0774,0.06881,0.05933,0.04812,0.09165,0.05599,0.039,0.02832,0.0164
2026-04-25,B,San Antonio,Sábado,Sábado,Centro_Empleo,0,34646,0.01293,0.03856,0.03455,0.04797,0.0547,0.06881,0.0691,0.06012,0.06939,0.07605,0.05504,0.0525,0.0732,0.07294,0.08186,0.04635,0.03873,0.02875,0.01844
2026-04-25,B,San Javier,Sábado,Sábado,Residencial,0,29980,0.01498,0.02475,0.02915,0.05961,0.08235,0.05053,0.05687,0.07158,0.07775,0.07672,0.07282,0.06414,0.06141,0.06027,0.05707,0.0541,0.03519,0.03129,0.01941
2026-04-25,B,Santa Lucía,Sábado,Sábado,Residencial,0,14926,0.01608,0.02975,0.04415,0.04763,0.05963,0.07865,0.03946,0.08455,0.06646,0.0534,0.07001,0.05085,0.07651,0.07772,0.07329,0.04033,0.03765,0.03638,0.01749
2026-04-25,B,Suramericana,Sábado,Sábado,Mixta,1,16129,0.00899,0.02201,0.02554,0.04191,0.0359,0.05332,0.04396,0.05301,0.06033,0.05896,0.04799,0.04842,0.05586,0.11526,0.12009,0.0881,0.07018,0.03422,0.01593
2026-04-26,A,Acevedo,Domingo,Domingo_Festivo,Residencial,0,16307,0.0,0.01656,0.02557,0.04287,0.05335,0.05887,0.08542,0.07806,0.08266,0.04943,0.09548,0.05881,0.06715,0.10118,0.05948,0.04581,0.04992,0.02937,0.0
2026-04-26,A,Aguacatala,Domingo,Domingo_Festivo,Mixta,0,10525,0.0,0.02033,0.03268,0.04941,0.04513,0.06223,0.04988,0.06575,0.08219,0.05853,0.05995,0.09121,0.09653,0.10888,0.05843,0.05283,0.03753,0.0285,0.0
2026-04-26,A,Alpujarra,Domingo,Domingo_Festivo,Centro_Empleo,0,12311,0.0,0.01681,0.03745,0.03907,0.05491,0.06596,0.07107,0.0714,0.0541,0.07904,0.07514,0.08578,0.06547,0.08488,0.077,0.05459,0.04354,0.0238,0.0
2026-04-26,A,Ayurá,Domingo,Domingo_Festivo,Mixta,0,9848,0.0,0.01889,0.03432,0.04041,0.066,0.05524,0.06357,0.06885,0.08459,0.09119,0.08063,0.05829,0.08235,0.08215,0.05727,0.04854,0.0394,0.02833,0.0
2026-04-26,A,Bello,Domingo,Domingo_Festivo,Residencial,0,14233,0.0,0.01855,0.03134,0.05529,0.05607,0.05066,0.07637,0.05846,0.07342,0.06759,0.05923,0.08628,0.09092,0.08621,0.06302,0.06183,0.0392,0.02557,0.0
2026-04-26,A,Caribe,Domingo,Domingo_Festivo,Mixta,0,11593,0.0,0.01794,0.03442,0.03062,0.05132,0.0565,0.07789,0.06763,0.07211,0.0659,0.06737,0.0791,0.10549,0.08954,0.06978,0.04848,0.04278,0.02312,0.0
2026-04-26,A,Envigado,Domingo,Domingo_Festivo,Residencial,0,14107,0.0,0.02353,0.03034,0.04537,0.05182,0.06351,0.07386,0.07067,0.06493,0.07266,0.06841,0.08074,0.0828,0.10562,0.06387,0.03807,0.04225,0.02155,0.0
2026-04-26,A,Exposiciones,Domingo,Domingo_Festivo,Centro_Empleo,0,11710,0.0,0.01691,0.02938,0.04364,0.03911,0.05175,0.06507,0.06772,0.08224,0.07096,0.08591,0.07549,0.08625,0.08232,0.06584,0.07481,0.03535,0.02724,0.0
2026-04-26,A,Hospital,Domingo,Domingo_Festivo,Centro_Empleo,0,15309,0.0,0.02162,0.029,0.03442,0.04977,0.0584,0.08394,0.07218,0.08185,0.07048,0.07322,0.06428,0.07714,0.10353,0.06591,0.0454,0.04442,0.02443,0.0
2026-04-26,A,Industriales,Domingo,Domingo_Festivo,Centro_Empleo,0,16655,0.0,0.01483,0.03326,0.03422,0.05926,0.06755,0.06755,0.05848,0.08448,0.06064,0.07715,0.06461,0.10615,0.08268,0.06749,0.03969,0.04647,0.03548,0.0
2026-04-26,A,Itagüí,Domingo,Domingo_Festivo,Residencial,0,17911,0.0,0.02457,0.0369,0.03132,0.04187,0.05271,0.06873,0.04913,0.08793,0.07448,0.05918,0.08151,0.09983,0.08291,0.0771,0.05734,0.04316,0.03132,0.0
2026-04-26,A,La Estrella,Domingo,Domingo_Festivo,Residencial,0,13167,0.0,0.01633,0.03471,0.0442,0.06266,0.05878,0.0464,0.08195,0.07572,0.07709,0.06805,0.1061,0.07207,0.08331,0.05521,0.05787,0.03957,0.01997,0.0
2026-04-26,A,Madera,Domingo,Domingo_Festivo,Residencial,0,7144,0.0,0.02464,0.02968,0.04815,0.05249,0.07937,0.06607,0.07139,0.08763,0.07349,0.07097,0.06971,0.05669,0.08161,0.06061,0.06369,0.04451,0.01932,0.0
2026-04-26,A,Niquía,Domingo,Domingo_Festivo,Residencial,0,21991,0.0,0.01683,0.02924,0.04052,0.0437,0.06939,0.05648,0.07412,0.10432,0.05107,0.07694,0.07285,0.10218,0.09895,0.05457,0.05493,0.03088,0.02305,0.0
2026-04-26,A,Parque Berrío,Domingo,Domingo_Festivo,Centro_Empleo,0,23137,0.0,0.01941,0.02645,0.04158,0.04491,0.06189,0.05939,0.06172,0.07369,0.05675,0.09552,0.08852,0.09133,0.07235,0.08195,0.04936,0.04011,0.0351,0.0
2026-04-26,A,Poblado,Domingo,Domingo_Festivo,Centro_Empleo,0,22009,0.0,0.01672,0.0338,0.04157,0.0513,0.06706,0.07411,0.0552,0.06929,0.06765,0.08074,0.09051,0.08756,0.09355,0.05334,0.0607,0.03112,0.02576,0.0
2026-04-26,A,Prado,Domingo,Domingo_Festivo,Centro_Empleo,0,11867,0.0,0.02444,0.02764,0.04441,0.04525,0.05814,0.07104,0.07887,0.06885,0.05048,0.06438,0.10399,0.09901,0.09067,0.04837,0.04888,0.04466,0.03093,0.0
2026-04-26,A,Sabaneta,Domingo,Domingo_Festivo,Residencial,0,10712,0.0,0.01802,0.03463,0.03146,0.06591,0.06152,0.05685,0.05414,0.08243,0.0828,0.06964,0.07515,0.0744,0.10157,0.06861,0.04192,0.04976,0.03118,0.0
2026-04-26,A,San Antonio,Domingo,Domingo_Festivo,Centro_Empleo,0,31845,0.0,0.02226,0.02707,0.04371,0.04896,0.05511,0.07521,0.04519,0.0943,0.06073,0.06755,0.07954,0.09932,0.10124,0.06167,0.04836,0.03991,0.02986,0.0
2026-04-26,A,Tricentenario,Domingo,Domingo_Festivo,Residencial,0,6172,0.0,0.02398,0.02268,0.03402,0.05719,0.05655,0.06902,0.08312,0.07664,0.06854,0.0559,0.06238,0.09835,0.10143,0.06092,0.05541,0.03808,0.03581,0.0
2026-04-26,A,Universidad,Domingo,Domingo_Festivo,Mixta,0,13030,0.0,0.01811,0.02755,0.03645,0.05058,0.05518,0.06393,0.07467,0.09578,0.07475,0.0835,0.07168,0.0888,0.08933,0.05825,0.04313,0.04643,0.02187,0.0
2026-04-26,B,Cisneros,Domingo,Domingo_Festivo,Centro_Empleo,0,8848,0.0,0.02238,0.0321,0.0417,0.04995,0.05131,0.066,0.07098,0.08838,0.066,0.07188,0.07516,0.08318,0.11065,0.06397,0.04329,0.03922,0.02385,0.0
2026-04-26,B,Estadio,Domingo,Domingo_Festivo,Mixta,0,10404,0.0,0.02105,0.03893,0.03556,0.04037,0.05729,0.07814,0.07247,0.089,0.06959,0.05959,0.07718,0.09458,0.0768,0.06603,0.05383,0.04431,0.02528,0.0
2026-04-26,B,Floresta,Domingo,Domingo_Festivo,Residencial,0,9058,0.0,0.02153,0.03014,0.04184,0.05906,0.05123,0.06469,0.07198,0.09638,0.06514,0.07231,0.07783,0.08688,0.07375,0.07794,0.04118,0.03665,0.03146,0.0
2026-04-26,B,San Antonio,Domingo,Domingo_Festivo,Centro_Empleo,0,21960,0.0,0.02031,0.02468,0.04654,0.04217,0.08434,0.08069,0.06352,0.07436,0.0628,0.08274,0.09863,0.07108,0.07095,0.06047,0.0627,0.03315,0.02086,0.0
2026-04-26,B,San Javier,Domingo,Domingo_Festivo,Residencial,0,18375,0.0,0.01562,0.02547,0.04697,0.05872,0.05154,0.06422,0.0578,0.10721,0.05981,0.06182,0.08697,0.06122,0.10541,0.06237,0.05464,0.05186,0.02835,0.0
2026-04-26,B,Santa Lucía,Domingo,Domingo_Festivo,Residencial,0,8629,0.0,0.01634,0.02944,0.0452,0.06107,0.05679,0.04786,0.06629,0.0839,0.09352,0.0569,0.07104,0.09665,0.10279,0.05968,0.04485,0.0401,0.02758,0.0
2026-04-26,B,Suramericana,Domingo,Domingo_Festivo,Mixta,0,7817,0.0,0.0197,0.02341,0.05949,0.04887,0.04119,0.08494,0.05795,0.11219,0.08213,0.06025,0.07663,0.06499,0.07573,0.06128,0.0623,0.03812,0.03083,0.0
